tag,fit,condition,generic,type,sample,combine,outcome,detail
"live","gaussian.base","build","","","","","built","class=bart"
"live","gaussian.base","fields","documented-present","","","","info","call;yhat.train;yhat.test;yhat.train.mean;yhat.test.mean;sigma;first.sigma;varcount;sigest;resid.dist;y;fit;family"
"live","gaussian.base","fields","documented-absent","","","","info","n.chains"
"live","gaussian.base","fields","all-names","","","","info","call;family;resid.dist;first.sigma;sigma;sigest;yhat.train;yhat.train.mean;yhat.test;yhat.test.mean;s.train;s.test;varcount;y;fit"
"live","gaussian.base","method:predict.bart","predict","ev","","TRUE","accepted","matrix/array 6x12"
"live","gaussian.base","method:predict.bart","predict","ev","","FALSE","accepted","matrix/array 6x12"
"live","gaussian.base","method:predict.bart","predict","ppd","","TRUE","accepted","matrix/array 6x12"
"live","gaussian.base","method:predict.bart","predict","ppd","","FALSE","accepted","matrix/array 6x12"
"live","gaussian.base","method:predict.bart","predict","bart","","TRUE","accepted","matrix/array 6x12"
"live","gaussian.base","method:predict.bart","predict","bart","","FALSE","accepted","matrix/array 6x12"
"live","gaussian.base","method:predict.bart","predict","forest","","TRUE","refused","type = ""forest"" is only available on a fit with per-forest reporting (an amplitude-coupled multi-forest fit); this fit has none"
"live","gaussian.base","method:predict.bart","predict","forest","","FALSE","refused","type = ""forest"" is only available on a fit with per-forest reporting (an amplitude-coupled multi-forest fit); this fit has none"
"live","gaussian.base","method:predict.bart","predict","zzz-bad-type","","TRUE","refused","type must be in 'ev', 'ppd', 'bart', 'forest'"
"live","gaussian.base","method:predict.bart","predict","zzz-bad-type","","FALSE","refused","type must be in 'ev', 'ppd', 'bart', 'forest'"
"live","gaussian.base","method:extract.bart","extract","ev","train","TRUE","accepted","matrix/array 6x40"
"live","gaussian.base","method:extract.bart","extract","ev","train","FALSE","accepted","matrix/array 6x40"
"live","gaussian.base","method:extract.bart","extract","ev","test","TRUE","accepted","matrix/array 6x12"
"live","gaussian.base","method:extract.bart","extract","ev","test","FALSE","accepted","matrix/array 6x12"
"live","gaussian.base","method:extract.bart","extract","ev","zzz-bad-sample","TRUE","refused","sample must be in 'train', 'test'"
"live","gaussian.base","method:extract.bart","extract","ev","zzz-bad-sample","FALSE","refused","sample must be in 'train', 'test'"
"live","gaussian.base","method:extract.bart","extract","ppd","train","TRUE","accepted","matrix/array 6x40"
"live","gaussian.base","method:extract.bart","extract","ppd","train","FALSE","accepted","matrix/array 6x40"
"live","gaussian.base","method:extract.bart","extract","ppd","test","TRUE","accepted","matrix/array 6x12"
"live","gaussian.base","method:extract.bart","extract","ppd","test","FALSE","accepted","matrix/array 6x12"
"live","gaussian.base","method:extract.bart","extract","ppd","zzz-bad-sample","TRUE","refused","sample must be in 'train', 'test'"
"live","gaussian.base","method:extract.bart","extract","ppd","zzz-bad-sample","FALSE","refused","sample must be in 'train', 'test'"
"live","gaussian.base","method:extract.bart","extract","bart","train","TRUE","accepted","matrix/array 6x40"
"live","gaussian.base","method:extract.bart","extract","bart","train","FALSE","accepted","matrix/array 6x40"
"live","gaussian.base","method:extract.bart","extract","bart","test","TRUE","accepted","matrix/array 6x12"
"live","gaussian.base","method:extract.bart","extract","bart","test","FALSE","accepted","matrix/array 6x12"
"live","gaussian.base","method:extract.bart","extract","bart","zzz-bad-sample","TRUE","refused","sample must be in 'train', 'test'"
"live","gaussian.base","method:extract.bart","extract","bart","zzz-bad-sample","FALSE","refused","sample must be in 'train', 'test'"
"live","gaussian.base","method:extract.bart","extract","loglik","train","TRUE","accepted","matrix/array 6x40"
"live","gaussian.base","method:extract.bart","extract","loglik","train","FALSE","accepted","matrix/array 6x40"
"live","gaussian.base","method:extract.bart","extract","loglik","test","TRUE","refused","cannot extract a test sample log-likelihood; no test response exists"
"live","gaussian.base","method:extract.bart","extract","loglik","test","FALSE","refused","cannot extract a test sample log-likelihood; no test response exists"
"live","gaussian.base","method:extract.bart","extract","loglik","zzz-bad-sample","TRUE","refused","sample must be in 'train', 'test'"
"live","gaussian.base","method:extract.bart","extract","loglik","zzz-bad-sample","FALSE","refused","sample must be in 'train', 'test'"
"live","gaussian.base","method:extract.bart","extract","trees","train","TRUE","error-without-reason","unused argument (combineChains = TRUE)"
"live","gaussian.base","method:extract.bart","extract","trees","train","FALSE","error-without-reason","unused argument (combineChains = FALSE)"
"live","gaussian.base","method:extract.bart","extract","trees","test","TRUE","error-without-reason","unused argument (combineChains = TRUE)"
"live","gaussian.base","method:extract.bart","extract","trees","test","FALSE","error-without-reason","unused argument (combineChains = FALSE)"
"live","gaussian.base","method:extract.bart","extract","trees","zzz-bad-sample","TRUE","error-without-reason","unused argument (combineChains = TRUE)"
"live","gaussian.base","method:extract.bart","extract","trees","zzz-bad-sample","FALSE","error-without-reason","unused argument (combineChains = FALSE)"
"live","gaussian.base","method:extract.bart","extract","forest","train","TRUE","refused","type = ""forest"" is only available on a fit with per-forest reporting (an amplitude-coupled multi-forest fit); this fit has none"
"live","gaussian.base","method:extract.bart","extract","forest","train","FALSE","refused","type = ""forest"" is only available on a fit with per-forest reporting (an amplitude-coupled multi-forest fit); this fit has none"
"live","gaussian.base","method:extract.bart","extract","forest","test","TRUE","refused","type = ""forest"" is only available on a fit with per-forest reporting (an amplitude-coupled multi-forest fit); this fit has none"
"live","gaussian.base","method:extract.bart","extract","forest","test","FALSE","refused","type = ""forest"" is only available on a fit with per-forest reporting (an amplitude-coupled multi-forest fit); this fit has none"
"live","gaussian.base","method:extract.bart","extract","forest","zzz-bad-sample","TRUE","refused","sample must be in 'train', 'test'"
"live","gaussian.base","method:extract.bart","extract","forest","zzz-bad-sample","FALSE","refused","sample must be in 'train', 'test'"
"live","gaussian.base","method:extract.bart","extract","zzz-bad-type","train","TRUE","refused","type must be in 'ev', 'ppd', 'bart', 'loglik', 'trees', 'forest'"
"live","gaussian.base","method:extract.bart","extract","zzz-bad-type","train","FALSE","refused","type must be in 'ev', 'ppd', 'bart', 'loglik', 'trees', 'forest'"
"live","gaussian.base","method:extract.bart","extract","zzz-bad-type","test","TRUE","refused","type must be in 'ev', 'ppd', 'bart', 'loglik', 'trees', 'forest'"
"live","gaussian.base","method:extract.bart","extract","zzz-bad-type","test","FALSE","refused","type must be in 'ev', 'ppd', 'bart', 'loglik', 'trees', 'forest'"
"live","gaussian.base","method:extract.bart","extract","zzz-bad-type","zzz-bad-sample","TRUE","refused","type must be in 'ev', 'ppd', 'bart', 'loglik', 'trees', 'forest'"
"live","gaussian.base","method:extract.bart","extract","zzz-bad-type","zzz-bad-sample","FALSE","refused","type must be in 'ev', 'ppd', 'bart', 'loglik', 'trees', 'forest'"
"live","gaussian.base","method:fitted.bart","fitted","ev","train","","accepted","numeric len40"
"live","gaussian.base","method:fitted.bart","fitted","ev","test","","accepted","numeric len12"
"live","gaussian.base","method:fitted.bart","fitted","ev","zzz-bad-sample","","refused","sample must be in 'train', 'test'"
"live","gaussian.base","method:fitted.bart","fitted","ppd","train","","accepted","numeric len40"
"live","gaussian.base","method:fitted.bart","fitted","ppd","test","","accepted","numeric len12"
"live","gaussian.base","method:fitted.bart","fitted","ppd","zzz-bad-sample","","refused","sample must be in 'train', 'test'"
"live","gaussian.base","method:fitted.bart","fitted","bart","train","","accepted","numeric len40"
"live","gaussian.base","method:fitted.bart","fitted","bart","test","","accepted","numeric len12"
"live","gaussian.base","method:fitted.bart","fitted","bart","zzz-bad-sample","","refused","sample must be in 'train', 'test'"
"live","gaussian.base","method:fitted.bart","fitted","zzz-bad-type","train","","refused","type must be in 'ev', 'ppd', 'bart'"
"live","gaussian.base","method:fitted.bart","fitted","zzz-bad-type","test","","refused","type must be in 'ev', 'ppd', 'bart'"
"live","gaussian.base","method:fitted.bart","fitted","zzz-bad-type","zzz-bad-sample","","refused","type must be in 'ev', 'ppd', 'bart'"
"live","gaussian.base","method:residuals.bart","residuals","ev","","","accepted","numeric len40"
"live","gaussian.base","method:residuals.bart","residuals","zzz-bad-type","","","refused","type must be in 'ev', 'ppd', 'bart'"
"live","gaussian.base","method:summary.bart","summary","","","","accepted","summary.bart len3"
"live","gaussian.base","method:print.bart","print","","","","accepted","bart len15"
"live","gaussian.base","method:plot.bart","plot","","","","accepted","NULL"
"live","gaussian.base","method:plotTree.bart","plotTree","","","","accepted","NULL"
"live","gaussian.base","method:survivalProbabilities.bart","survivalProbabilities","","","TRUE","refused","survivalProbabilities requires an aft (survival) fit"
"live","gaussian.base","method:survivalProbabilities.bart","survivalProbabilities","","","FALSE","refused","survivalProbabilities requires an aft (survival) fit"
"live","gaussian.base","method:as_draws_array.bart","as_draws_array","","","","accepted","draws_array/draws/array 6x1x1 dn=[{1,2,3,...},{1},{sigma}]"
"live","gaussian.base","method:as_draws_df.bart","as_draws_df","","","","accepted","draws_df/draws/tbl_df/tbl/data.frame 6x4 dn=[{1,2,3,...},{sigma,.chain,.iteration,...}]"
"live","gaussian.kT0","build","","","","","built","class=bart"
"live","gaussian.kT0","fields","documented-present","","","","info","call;yhat.train;yhat.test;yhat.train.mean;yhat.test.mean;sigma;first.sigma;varcount;sigest;resid.dist;y;n.chains;family"
"live","gaussian.kT0","fields","documented-absent","","","","info","fit"
"live","gaussian.kT0","fields","all-names","","","","info","call;family;resid.dist;first.sigma;sigma;sigest;yhat.train;yhat.train.mean;yhat.test;yhat.test.mean;s.train;s.test;varcount;y;n.chains"
"live","gaussian.kT0","method:predict.bart","predict","ev","","TRUE","refused","predict requires bart to be called with 'keeptrees' == TRUE"
"live","gaussian.kT0","method:predict.bart","predict","ev","","FALSE","refused","predict requires bart to be called with 'keeptrees' == TRUE"
"live","gaussian.kT0","method:predict.bart","predict","ppd","","TRUE","refused","predict requires bart to be called with 'keeptrees' == TRUE"
"live","gaussian.kT0","method:predict.bart","predict","ppd","","FALSE","refused","predict requires bart to be called with 'keeptrees' == TRUE"
"live","gaussian.kT0","method:predict.bart","predict","bart","","TRUE","refused","predict requires bart to be called with 'keeptrees' == TRUE"
"live","gaussian.kT0","method:predict.bart","predict","bart","","FALSE","refused","predict requires bart to be called with 'keeptrees' == TRUE"
"live","gaussian.kT0","method:predict.bart","predict","forest","","TRUE","refused","predict requires bart to be called with 'keeptrees' == TRUE"
"live","gaussian.kT0","method:predict.bart","predict","forest","","FALSE","refused","predict requires bart to be called with 'keeptrees' == TRUE"
"live","gaussian.kT0","method:predict.bart","predict","zzz-bad-type","","TRUE","refused","predict requires bart to be called with 'keeptrees' == TRUE"
"live","gaussian.kT0","method:predict.bart","predict","zzz-bad-type","","FALSE","refused","predict requires bart to be called with 'keeptrees' == TRUE"
"live","gaussian.kT0","method:extract.bart","extract","ev","train","TRUE","accepted","matrix/array 6x40"
"live","gaussian.kT0","method:extract.bart","extract","ev","train","FALSE","accepted","matrix/array 6x40"
"live","gaussian.kT0","method:extract.bart","extract","ev","test","TRUE","accepted","matrix/array 6x12"
"live","gaussian.kT0","method:extract.bart","extract","ev","test","FALSE","accepted","matrix/array 6x12"
"live","gaussian.kT0","method:extract.bart","extract","ev","zzz-bad-sample","TRUE","refused","sample must be in 'train', 'test'"
"live","gaussian.kT0","method:extract.bart","extract","ev","zzz-bad-sample","FALSE","refused","sample must be in 'train', 'test'"
"live","gaussian.kT0","method:extract.bart","extract","ppd","train","TRUE","accepted","matrix/array 6x40"
"live","gaussian.kT0","method:extract.bart","extract","ppd","train","FALSE","accepted","matrix/array 6x40"
"live","gaussian.kT0","method:extract.bart","extract","ppd","test","TRUE","accepted","matrix/array 6x12"
"live","gaussian.kT0","method:extract.bart","extract","ppd","test","FALSE","accepted","matrix/array 6x12"
"live","gaussian.kT0","method:extract.bart","extract","ppd","zzz-bad-sample","TRUE","refused","sample must be in 'train', 'test'"
"live","gaussian.kT0","method:extract.bart","extract","ppd","zzz-bad-sample","FALSE","refused","sample must be in 'train', 'test'"
"live","gaussian.kT0","method:extract.bart","extract","bart","train","TRUE","accepted","matrix/array 6x40"
"live","gaussian.kT0","method:extract.bart","extract","bart","train","FALSE","accepted","matrix/array 6x40"
"live","gaussian.kT0","method:extract.bart","extract","bart","test","TRUE","accepted","matrix/array 6x12"
"live","gaussian.kT0","method:extract.bart","extract","bart","test","FALSE","accepted","matrix/array 6x12"
"live","gaussian.kT0","method:extract.bart","extract","bart","zzz-bad-sample","TRUE","refused","sample must be in 'train', 'test'"
"live","gaussian.kT0","method:extract.bart","extract","bart","zzz-bad-sample","FALSE","refused","sample must be in 'train', 'test'"
"live","gaussian.kT0","method:extract.bart","extract","loglik","train","TRUE","accepted","matrix/array 6x40"
"live","gaussian.kT0","method:extract.bart","extract","loglik","train","FALSE","accepted","matrix/array 6x40"
"live","gaussian.kT0","method:extract.bart","extract","loglik","test","TRUE","refused","cannot extract a test sample log-likelihood; no test response exists"
"live","gaussian.kT0","method:extract.bart","extract","loglik","test","FALSE","refused","cannot extract a test sample log-likelihood; no test response exists"
"live","gaussian.kT0","method:extract.bart","extract","loglik","zzz-bad-sample","TRUE","refused","sample must be in 'train', 'test'"
"live","gaussian.kT0","method:extract.bart","extract","loglik","zzz-bad-sample","FALSE","refused","sample must be in 'train', 'test'"
"live","gaussian.kT0","method:extract.bart","extract","trees","train","TRUE","refused","extracting trees requires bart to be called with 'keeptrees' == TRUE"
"live","gaussian.kT0","method:extract.bart","extract","trees","train","FALSE","refused","extracting trees requires bart to be called with 'keeptrees' == TRUE"
"live","gaussian.kT0","method:extract.bart","extract","trees","test","TRUE","refused","extracting trees requires bart to be called with 'keeptrees' == TRUE"
"live","gaussian.kT0","method:extract.bart","extract","trees","test","FALSE","refused","extracting trees requires bart to be called with 'keeptrees' == TRUE"
"live","gaussian.kT0","method:extract.bart","extract","trees","zzz-bad-sample","TRUE","refused","extracting trees requires bart to be called with 'keeptrees' == TRUE"
"live","gaussian.kT0","method:extract.bart","extract","trees","zzz-bad-sample","FALSE","refused","extracting trees requires bart to be called with 'keeptrees' == TRUE"
"live","gaussian.kT0","method:extract.bart","extract","forest","train","TRUE","refused","type = ""forest"" is only available on a fit with per-forest reporting (an amplitude-coupled multi-forest fit); this fit has none"
"live","gaussian.kT0","method:extract.bart","extract","forest","train","FALSE","refused","type = ""forest"" is only available on a fit with per-forest reporting (an amplitude-coupled multi-forest fit); this fit has none"
"live","gaussian.kT0","method:extract.bart","extract","forest","test","TRUE","refused","type = ""forest"" is only available on a fit with per-forest reporting (an amplitude-coupled multi-forest fit); this fit has none"
"live","gaussian.kT0","method:extract.bart","extract","forest","test","FALSE","refused","type = ""forest"" is only available on a fit with per-forest reporting (an amplitude-coupled multi-forest fit); this fit has none"
"live","gaussian.kT0","method:extract.bart","extract","forest","zzz-bad-sample","TRUE","refused","sample must be in 'train', 'test'"
"live","gaussian.kT0","method:extract.bart","extract","forest","zzz-bad-sample","FALSE","refused","sample must be in 'train', 'test'"
"live","gaussian.kT0","method:extract.bart","extract","zzz-bad-type","train","TRUE","refused","type must be in 'ev', 'ppd', 'bart', 'loglik', 'trees', 'forest'"
"live","gaussian.kT0","method:extract.bart","extract","zzz-bad-type","train","FALSE","refused","type must be in 'ev', 'ppd', 'bart', 'loglik', 'trees', 'forest'"
"live","gaussian.kT0","method:extract.bart","extract","zzz-bad-type","test","TRUE","refused","type must be in 'ev', 'ppd', 'bart', 'loglik', 'trees', 'forest'"
"live","gaussian.kT0","method:extract.bart","extract","zzz-bad-type","test","FALSE","refused","type must be in 'ev', 'ppd', 'bart', 'loglik', 'trees', 'forest'"
"live","gaussian.kT0","method:extract.bart","extract","zzz-bad-type","zzz-bad-sample","TRUE","refused","type must be in 'ev', 'ppd', 'bart', 'loglik', 'trees', 'forest'"
"live","gaussian.kT0","method:extract.bart","extract","zzz-bad-type","zzz-bad-sample","FALSE","refused","type must be in 'ev', 'ppd', 'bart', 'loglik', 'trees', 'forest'"
"live","gaussian.kT0","method:fitted.bart","fitted","ev","train","","accepted","numeric len40"
"live","gaussian.kT0","method:fitted.bart","fitted","ev","test","","accepted","numeric len12"
"live","gaussian.kT0","method:fitted.bart","fitted","ev","zzz-bad-sample","","refused","sample must be in 'train', 'test'"
"live","gaussian.kT0","method:fitted.bart","fitted","ppd","train","","accepted","numeric len40"
"live","gaussian.kT0","method:fitted.bart","fitted","ppd","test","","accepted","numeric len12"
"live","gaussian.kT0","method:fitted.bart","fitted","ppd","zzz-bad-sample","","refused","sample must be in 'train', 'test'"
"live","gaussian.kT0","method:fitted.bart","fitted","bart","train","","accepted","numeric len40"
"live","gaussian.kT0","method:fitted.bart","fitted","bart","test","","accepted","numeric len12"
"live","gaussian.kT0","method:fitted.bart","fitted","bart","zzz-bad-sample","","refused","sample must be in 'train', 'test'"
"live","gaussian.kT0","method:fitted.bart","fitted","zzz-bad-type","train","","refused","type must be in 'ev', 'ppd', 'bart'"
"live","gaussian.kT0","method:fitted.bart","fitted","zzz-bad-type","test","","refused","type must be in 'ev', 'ppd', 'bart'"
"live","gaussian.kT0","method:fitted.bart","fitted","zzz-bad-type","zzz-bad-sample","","refused","type must be in 'ev', 'ppd', 'bart'"
"live","gaussian.kT0","method:residuals.bart","residuals","ev","","","accepted","numeric len40"
"live","gaussian.kT0","method:residuals.bart","residuals","zzz-bad-type","","","refused","type must be in 'ev', 'ppd', 'bart'"
"live","gaussian.kT0","method:summary.bart","summary","","","","accepted","summary.bart len3"
"live","gaussian.kT0","method:print.bart","print","","","","accepted","bart len15"
"live","gaussian.kT0","method:plot.bart","plot","","","","accepted","NULL"
"live","gaussian.kT0","method:plotTree.bart","plotTree","","","","refused","plotTree requires the trees to be kept: fit with keeptrees/keepTrees = TRUE"
"live","gaussian.kT0","method:survivalProbabilities.bart","survivalProbabilities","","","TRUE","refused","survivalProbabilities requires an aft (survival) fit"
"live","gaussian.kT0","method:survivalProbabilities.bart","survivalProbabilities","","","FALSE","refused","survivalProbabilities requires an aft (survival) fit"
"live","gaussian.kT0","method:as_draws_array.bart","as_draws_array","","","","accepted","draws_array/draws/array 6x1x1 dn=[{1,2,3,...},{1},{sigma}]"
"live","gaussian.kT0","method:as_draws_df.bart","as_draws_df","","","","accepted","draws_df/draws/tbl_df/tbl/data.frame 6x4 dn=[{1,2,3,...},{sigma,.chain,.iteration,...}]"
"live","gaussian.nc2","build","","","","","built","class=bart"
"live","gaussian.nc2","fields","documented-present","","","","info","call;yhat.train;yhat.test;yhat.train.mean;yhat.test.mean;sigma;first.sigma;varcount;sigest;resid.dist;y;fit;family"
"live","gaussian.nc2","fields","documented-absent","","","","info","n.chains"
"live","gaussian.nc2","fields","all-names","","","","info","call;family;resid.dist;first.sigma;sigma;sigest;yhat.train;yhat.train.mean;yhat.test;yhat.test.mean;s.train;s.test;varcount;y;fit"
"live","gaussian.nc2","method:predict.bart","predict","ev","","TRUE","accepted","matrix/array 12x12"
"live","gaussian.nc2","method:predict.bart","predict","ev","","FALSE","accepted","array 2x6x12"
"live","gaussian.nc2","method:predict.bart","predict","ppd","","TRUE","accepted","matrix/array 12x12"
"live","gaussian.nc2","method:predict.bart","predict","ppd","","FALSE","accepted","array 2x6x12"
"live","gaussian.nc2","method:predict.bart","predict","bart","","TRUE","accepted","matrix/array 12x12"
"live","gaussian.nc2","method:predict.bart","predict","bart","","FALSE","accepted","array 2x6x12"
"live","gaussian.nc2","method:predict.bart","predict","forest","","TRUE","refused","type = ""forest"" is only available on a fit with per-forest reporting (an amplitude-coupled multi-forest fit); this fit has none"
"live","gaussian.nc2","method:predict.bart","predict","forest","","FALSE","refused","type = ""forest"" is only available on a fit with per-forest reporting (an amplitude-coupled multi-forest fit); this fit has none"
"live","gaussian.nc2","method:predict.bart","predict","zzz-bad-type","","TRUE","refused","type must be in 'ev', 'ppd', 'bart', 'forest'"
"live","gaussian.nc2","method:predict.bart","predict","zzz-bad-type","","FALSE","refused","type must be in 'ev', 'ppd', 'bart', 'forest'"
"live","gaussian.nc2","method:extract.bart","extract","ev","train","TRUE","accepted","matrix/array 12x40"
"live","gaussian.nc2","method:extract.bart","extract","ev","train","FALSE","accepted","array 2x6x40"
"live","gaussian.nc2","method:extract.bart","extract","ev","test","TRUE","accepted","matrix/array 12x12"
"live","gaussian.nc2","method:extract.bart","extract","ev","test","FALSE","accepted","array 2x6x12"
"live","gaussian.nc2","method:extract.bart","extract","ev","zzz-bad-sample","TRUE","refused","sample must be in 'train', 'test'"
"live","gaussian.nc2","method:extract.bart","extract","ev","zzz-bad-sample","FALSE","refused","sample must be in 'train', 'test'"
"live","gaussian.nc2","method:extract.bart","extract","ppd","train","TRUE","accepted","matrix/array 12x40"
"live","gaussian.nc2","method:extract.bart","extract","ppd","train","FALSE","accepted","array 2x6x40"
"live","gaussian.nc2","method:extract.bart","extract","ppd","test","TRUE","accepted","matrix/array 12x12"
"live","gaussian.nc2","method:extract.bart","extract","ppd","test","FALSE","accepted","array 2x6x12"
"live","gaussian.nc2","method:extract.bart","extract","ppd","zzz-bad-sample","TRUE","refused","sample must be in 'train', 'test'"
"live","gaussian.nc2","method:extract.bart","extract","ppd","zzz-bad-sample","FALSE","refused","sample must be in 'train', 'test'"
"live","gaussian.nc2","method:extract.bart","extract","bart","train","TRUE","accepted","matrix/array 12x40"
"live","gaussian.nc2","method:extract.bart","extract","bart","train","FALSE","accepted","array 2x6x40"
"live","gaussian.nc2","method:extract.bart","extract","bart","test","TRUE","accepted","matrix/array 12x12"
"live","gaussian.nc2","method:extract.bart","extract","bart","test","FALSE","accepted","array 2x6x12"
"live","gaussian.nc2","method:extract.bart","extract","bart","zzz-bad-sample","TRUE","refused","sample must be in 'train', 'test'"
"live","gaussian.nc2","method:extract.bart","extract","bart","zzz-bad-sample","FALSE","refused","sample must be in 'train', 'test'"
"live","gaussian.nc2","method:extract.bart","extract","loglik","train","TRUE","accepted","matrix/array 12x40"
"live","gaussian.nc2","method:extract.bart","extract","loglik","train","FALSE","accepted","array 2x6x40"
"live","gaussian.nc2","method:extract.bart","extract","loglik","test","TRUE","refused","cannot extract a test sample log-likelihood; no test response exists"
"live","gaussian.nc2","method:extract.bart","extract","loglik","test","FALSE","refused","cannot extract a test sample log-likelihood; no test response exists"
"live","gaussian.nc2","method:extract.bart","extract","loglik","zzz-bad-sample","TRUE","refused","sample must be in 'train', 'test'"
"live","gaussian.nc2","method:extract.bart","extract","loglik","zzz-bad-sample","FALSE","refused","sample must be in 'train', 'test'"
"live","gaussian.nc2","method:extract.bart","extract","trees","train","TRUE","error-without-reason","unused argument (combineChains = TRUE)"
"live","gaussian.nc2","method:extract.bart","extract","trees","train","FALSE","error-without-reason","unused argument (combineChains = FALSE)"
"live","gaussian.nc2","method:extract.bart","extract","trees","test","TRUE","error-without-reason","unused argument (combineChains = TRUE)"
"live","gaussian.nc2","method:extract.bart","extract","trees","test","FALSE","error-without-reason","unused argument (combineChains = FALSE)"
"live","gaussian.nc2","method:extract.bart","extract","trees","zzz-bad-sample","TRUE","error-without-reason","unused argument (combineChains = TRUE)"
"live","gaussian.nc2","method:extract.bart","extract","trees","zzz-bad-sample","FALSE","error-without-reason","unused argument (combineChains = FALSE)"
"live","gaussian.nc2","method:extract.bart","extract","forest","train","TRUE","refused","type = ""forest"" is only available on a fit with per-forest reporting (an amplitude-coupled multi-forest fit); this fit has none"
"live","gaussian.nc2","method:extract.bart","extract","forest","train","FALSE","refused","type = ""forest"" is only available on a fit with per-forest reporting (an amplitude-coupled multi-forest fit); this fit has none"
"live","gaussian.nc2","method:extract.bart","extract","forest","test","TRUE","refused","type = ""forest"" is only available on a fit with per-forest reporting (an amplitude-coupled multi-forest fit); this fit has none"
"live","gaussian.nc2","method:extract.bart","extract","forest","test","FALSE","refused","type = ""forest"" is only available on a fit with per-forest reporting (an amplitude-coupled multi-forest fit); this fit has none"
"live","gaussian.nc2","method:extract.bart","extract","forest","zzz-bad-sample","TRUE","refused","sample must be in 'train', 'test'"
"live","gaussian.nc2","method:extract.bart","extract","forest","zzz-bad-sample","FALSE","refused","sample must be in 'train', 'test'"
"live","gaussian.nc2","method:extract.bart","extract","zzz-bad-type","train","TRUE","refused","type must be in 'ev', 'ppd', 'bart', 'loglik', 'trees', 'forest'"
"live","gaussian.nc2","method:extract.bart","extract","zzz-bad-type","train","FALSE","refused","type must be in 'ev', 'ppd', 'bart', 'loglik', 'trees', 'forest'"
"live","gaussian.nc2","method:extract.bart","extract","zzz-bad-type","test","TRUE","refused","type must be in 'ev', 'ppd', 'bart', 'loglik', 'trees', 'forest'"
"live","gaussian.nc2","method:extract.bart","extract","zzz-bad-type","test","FALSE","refused","type must be in 'ev', 'ppd', 'bart', 'loglik', 'trees', 'forest'"
"live","gaussian.nc2","method:extract.bart","extract","zzz-bad-type","zzz-bad-sample","TRUE","refused","type must be in 'ev', 'ppd', 'bart', 'loglik', 'trees', 'forest'"
"live","gaussian.nc2","method:extract.bart","extract","zzz-bad-type","zzz-bad-sample","FALSE","refused","type must be in 'ev', 'ppd', 'bart', 'loglik', 'trees', 'forest'"
"live","gaussian.nc2","method:fitted.bart","fitted","ev","train","","accepted","numeric len40"
"live","gaussian.nc2","method:fitted.bart","fitted","ev","test","","accepted","numeric len12"
"live","gaussian.nc2","method:fitted.bart","fitted","ev","zzz-bad-sample","","refused","sample must be in 'train', 'test'"
"live","gaussian.nc2","method:fitted.bart","fitted","ppd","train","","accepted","numeric len40"
"live","gaussian.nc2","method:fitted.bart","fitted","ppd","test","","accepted","numeric len12"
"live","gaussian.nc2","method:fitted.bart","fitted","ppd","zzz-bad-sample","","refused","sample must be in 'train', 'test'"
"live","gaussian.nc2","method:fitted.bart","fitted","bart","train","","accepted","numeric len40"
"live","gaussian.nc2","method:fitted.bart","fitted","bart","test","","accepted","numeric len12"
"live","gaussian.nc2","method:fitted.bart","fitted","bart","zzz-bad-sample","","refused","sample must be in 'train', 'test'"
"live","gaussian.nc2","method:fitted.bart","fitted","zzz-bad-type","train","","refused","type must be in 'ev', 'ppd', 'bart'"
"live","gaussian.nc2","method:fitted.bart","fitted","zzz-bad-type","test","","refused","type must be in 'ev', 'ppd', 'bart'"
"live","gaussian.nc2","method:fitted.bart","fitted","zzz-bad-type","zzz-bad-sample","","refused","type must be in 'ev', 'ppd', 'bart'"
"live","gaussian.nc2","method:residuals.bart","residuals","ev","","","accepted","numeric len40"
"live","gaussian.nc2","method:residuals.bart","residuals","zzz-bad-type","","","refused","type must be in 'ev', 'ppd', 'bart'"
"live","gaussian.nc2","method:summary.bart","summary","","","","accepted","summary.bart len3"
"live","gaussian.nc2","method:print.bart","print","","","","accepted","bart len15"
"live","gaussian.nc2","method:plot.bart","plot","","","","accepted","NULL"
"live","gaussian.nc2","method:plotTree.bart","plotTree","","","","refused","chainNum required if more than one chain in sampler"
"live","gaussian.nc2","method:survivalProbabilities.bart","survivalProbabilities","","","TRUE","refused","survivalProbabilities requires an aft (survival) fit"
"live","gaussian.nc2","method:survivalProbabilities.bart","survivalProbabilities","","","FALSE","refused","survivalProbabilities requires an aft (survival) fit"
"live","gaussian.nc2","method:as_draws_array.bart","as_draws_array","","","","accepted","draws_array/draws/array 6x2x1 dn=[{1,2,3,...},{1,2},{sigma}]"
"live","gaussian.nc2","method:as_draws_df.bart","as_draws_df","","","","accepted","draws_df/draws/tbl_df/tbl/data.frame 12x4 dn=[{1,2,3,...},{sigma,.chain,.iteration,...}]"
"live","gaussian.nc2u","build","","","","","built","class=bart"
"live","gaussian.nc2u","fields","documented-present","","","","info","call;yhat.train;yhat.test;yhat.train.mean;yhat.test.mean;sigma;first.sigma;varcount;sigest;resid.dist;y;fit;family"
"live","gaussian.nc2u","fields","documented-absent","","","","info","n.chains"
"live","gaussian.nc2u","fields","all-names","","","","info","call;family;resid.dist;first.sigma;sigma;sigest;yhat.train;yhat.train.mean;yhat.test;yhat.test.mean;s.train;s.test;varcount;y;fit"
"live","gaussian.nc2u","method:predict.bart","predict","ev","","TRUE","accepted","matrix/array 12x12"
"live","gaussian.nc2u","method:predict.bart","predict","ev","","FALSE","accepted","array 2x6x12"
"live","gaussian.nc2u","method:predict.bart","predict","ppd","","TRUE","accepted","matrix/array 12x12"
"live","gaussian.nc2u","method:predict.bart","predict","ppd","","FALSE","accepted","array 2x6x12"
"live","gaussian.nc2u","method:predict.bart","predict","bart","","TRUE","accepted","matrix/array 12x12"
"live","gaussian.nc2u","method:predict.bart","predict","bart","","FALSE","accepted","array 2x6x12"
"live","gaussian.nc2u","method:predict.bart","predict","forest","","TRUE","refused","type = ""forest"" is only available on a fit with per-forest reporting (an amplitude-coupled multi-forest fit); this fit has none"
"live","gaussian.nc2u","method:predict.bart","predict","forest","","FALSE","refused","type = ""forest"" is only available on a fit with per-forest reporting (an amplitude-coupled multi-forest fit); this fit has none"
"live","gaussian.nc2u","method:predict.bart","predict","zzz-bad-type","","TRUE","refused","type must be in 'ev', 'ppd', 'bart', 'forest'"
"live","gaussian.nc2u","method:predict.bart","predict","zzz-bad-type","","FALSE","refused","type must be in 'ev', 'ppd', 'bart', 'forest'"
"live","gaussian.nc2u","method:extract.bart","extract","ev","train","TRUE","accepted","matrix/array 12x40"
"live","gaussian.nc2u","method:extract.bart","extract","ev","train","FALSE","accepted","array 2x6x40"
"live","gaussian.nc2u","method:extract.bart","extract","ev","test","TRUE","accepted","matrix/array 12x12"
"live","gaussian.nc2u","method:extract.bart","extract","ev","test","FALSE","accepted","array 2x6x12"
"live","gaussian.nc2u","method:extract.bart","extract","ev","zzz-bad-sample","TRUE","refused","sample must be in 'train', 'test'"
"live","gaussian.nc2u","method:extract.bart","extract","ev","zzz-bad-sample","FALSE","refused","sample must be in 'train', 'test'"
"live","gaussian.nc2u","method:extract.bart","extract","ppd","train","TRUE","accepted","matrix/array 12x40"
"live","gaussian.nc2u","method:extract.bart","extract","ppd","train","FALSE","accepted","array 2x6x40"
"live","gaussian.nc2u","method:extract.bart","extract","ppd","test","TRUE","accepted","matrix/array 12x12"
"live","gaussian.nc2u","method:extract.bart","extract","ppd","test","FALSE","accepted","array 2x6x12"
"live","gaussian.nc2u","method:extract.bart","extract","ppd","zzz-bad-sample","TRUE","refused","sample must be in 'train', 'test'"
"live","gaussian.nc2u","method:extract.bart","extract","ppd","zzz-bad-sample","FALSE","refused","sample must be in 'train', 'test'"
"live","gaussian.nc2u","method:extract.bart","extract","bart","train","TRUE","accepted","matrix/array 12x40"
"live","gaussian.nc2u","method:extract.bart","extract","bart","train","FALSE","accepted","array 2x6x40"
"live","gaussian.nc2u","method:extract.bart","extract","bart","test","TRUE","accepted","matrix/array 12x12"
"live","gaussian.nc2u","method:extract.bart","extract","bart","test","FALSE","accepted","array 2x6x12"
"live","gaussian.nc2u","method:extract.bart","extract","bart","zzz-bad-sample","TRUE","refused","sample must be in 'train', 'test'"
"live","gaussian.nc2u","method:extract.bart","extract","bart","zzz-bad-sample","FALSE","refused","sample must be in 'train', 'test'"
"live","gaussian.nc2u","method:extract.bart","extract","loglik","train","TRUE","accepted","matrix/array 12x40"
"live","gaussian.nc2u","method:extract.bart","extract","loglik","train","FALSE","accepted","array 2x6x40"
"live","gaussian.nc2u","method:extract.bart","extract","loglik","test","TRUE","refused","cannot extract a test sample log-likelihood; no test response exists"
"live","gaussian.nc2u","method:extract.bart","extract","loglik","test","FALSE","refused","cannot extract a test sample log-likelihood; no test response exists"
"live","gaussian.nc2u","method:extract.bart","extract","loglik","zzz-bad-sample","TRUE","refused","sample must be in 'train', 'test'"
"live","gaussian.nc2u","method:extract.bart","extract","loglik","zzz-bad-sample","FALSE","refused","sample must be in 'train', 'test'"
"live","gaussian.nc2u","method:extract.bart","extract","trees","train","TRUE","error-without-reason","unused argument (combineChains = TRUE)"
"live","gaussian.nc2u","method:extract.bart","extract","trees","train","FALSE","error-without-reason","unused argument (combineChains = FALSE)"
"live","gaussian.nc2u","method:extract.bart","extract","trees","test","TRUE","error-without-reason","unused argument (combineChains = TRUE)"
"live","gaussian.nc2u","method:extract.bart","extract","trees","test","FALSE","error-without-reason","unused argument (combineChains = FALSE)"
"live","gaussian.nc2u","method:extract.bart","extract","trees","zzz-bad-sample","TRUE","error-without-reason","unused argument (combineChains = TRUE)"
"live","gaussian.nc2u","method:extract.bart","extract","trees","zzz-bad-sample","FALSE","error-without-reason","unused argument (combineChains = FALSE)"
"live","gaussian.nc2u","method:extract.bart","extract","forest","train","TRUE","refused","type = ""forest"" is only available on a fit with per-forest reporting (an amplitude-coupled multi-forest fit); this fit has none"
"live","gaussian.nc2u","method:extract.bart","extract","forest","train","FALSE","refused","type = ""forest"" is only available on a fit with per-forest reporting (an amplitude-coupled multi-forest fit); this fit has none"
"live","gaussian.nc2u","method:extract.bart","extract","forest","test","TRUE","refused","type = ""forest"" is only available on a fit with per-forest reporting (an amplitude-coupled multi-forest fit); this fit has none"
"live","gaussian.nc2u","method:extract.bart","extract","forest","test","FALSE","refused","type = ""forest"" is only available on a fit with per-forest reporting (an amplitude-coupled multi-forest fit); this fit has none"
"live","gaussian.nc2u","method:extract.bart","extract","forest","zzz-bad-sample","TRUE","refused","sample must be in 'train', 'test'"
"live","gaussian.nc2u","method:extract.bart","extract","forest","zzz-bad-sample","FALSE","refused","sample must be in 'train', 'test'"
"live","gaussian.nc2u","method:extract.bart","extract","zzz-bad-type","train","TRUE","refused","type must be in 'ev', 'ppd', 'bart', 'loglik', 'trees', 'forest'"
"live","gaussian.nc2u","method:extract.bart","extract","zzz-bad-type","train","FALSE","refused","type must be in 'ev', 'ppd', 'bart', 'loglik', 'trees', 'forest'"
"live","gaussian.nc2u","method:extract.bart","extract","zzz-bad-type","test","TRUE","refused","type must be in 'ev', 'ppd', 'bart', 'loglik', 'trees', 'forest'"
"live","gaussian.nc2u","method:extract.bart","extract","zzz-bad-type","test","FALSE","refused","type must be in 'ev', 'ppd', 'bart', 'loglik', 'trees', 'forest'"
"live","gaussian.nc2u","method:extract.bart","extract","zzz-bad-type","zzz-bad-sample","TRUE","refused","type must be in 'ev', 'ppd', 'bart', 'loglik', 'trees', 'forest'"
"live","gaussian.nc2u","method:extract.bart","extract","zzz-bad-type","zzz-bad-sample","FALSE","refused","type must be in 'ev', 'ppd', 'bart', 'loglik', 'trees', 'forest'"
"live","gaussian.nc2u","method:fitted.bart","fitted","ev","train","","accepted","numeric len40"
"live","gaussian.nc2u","method:fitted.bart","fitted","ev","test","","accepted","numeric len12"
"live","gaussian.nc2u","method:fitted.bart","fitted","ev","zzz-bad-sample","","refused","sample must be in 'train', 'test'"
"live","gaussian.nc2u","method:fitted.bart","fitted","ppd","train","","accepted","numeric len40"
"live","gaussian.nc2u","method:fitted.bart","fitted","ppd","test","","accepted","numeric len12"
"live","gaussian.nc2u","method:fitted.bart","fitted","ppd","zzz-bad-sample","","refused","sample must be in 'train', 'test'"
"live","gaussian.nc2u","method:fitted.bart","fitted","bart","train","","accepted","numeric len40"
"live","gaussian.nc2u","method:fitted.bart","fitted","bart","test","","accepted","numeric len12"
"live","gaussian.nc2u","method:fitted.bart","fitted","bart","zzz-bad-sample","","refused","sample must be in 'train', 'test'"
"live","gaussian.nc2u","method:fitted.bart","fitted","zzz-bad-type","train","","refused","type must be in 'ev', 'ppd', 'bart'"
"live","gaussian.nc2u","method:fitted.bart","fitted","zzz-bad-type","test","","refused","type must be in 'ev', 'ppd', 'bart'"
"live","gaussian.nc2u","method:fitted.bart","fitted","zzz-bad-type","zzz-bad-sample","","refused","type must be in 'ev', 'ppd', 'bart'"
"live","gaussian.nc2u","method:residuals.bart","residuals","ev","","","accepted","numeric len40"
"live","gaussian.nc2u","method:residuals.bart","residuals","zzz-bad-type","","","refused","type must be in 'ev', 'ppd', 'bart'"
"live","gaussian.nc2u","method:summary.bart","summary","","","","accepted","summary.bart len3"
"live","gaussian.nc2u","method:print.bart","print","","","","accepted","bart len15"
"live","gaussian.nc2u","method:plot.bart","plot","","","","accepted","NULL"
"live","gaussian.nc2u","method:plotTree.bart","plotTree","","","","refused","chainNum required if more than one chain in sampler"
"live","gaussian.nc2u","method:survivalProbabilities.bart","survivalProbabilities","","","TRUE","refused","survivalProbabilities requires an aft (survival) fit"
"live","gaussian.nc2u","method:survivalProbabilities.bart","survivalProbabilities","","","FALSE","refused","survivalProbabilities requires an aft (survival) fit"
"live","gaussian.nc2u","method:as_draws_array.bart","as_draws_array","","","","accepted","draws_array/draws/array 6x2x1 dn=[{1,2,3,...},{1,2},{sigma}]"
"live","gaussian.nc2u","method:as_draws_df.bart","as_draws_df","","","","accepted","draws_df/draws/tbl_df/tbl/data.frame 12x4 dn=[{1,2,3,...},{sigma,.chain,.iteration,...}]"
"live","gaussian.nc2.kT0","build","","","","","built","class=bart"
"live","gaussian.nc2.kT0","fields","documented-present","","","","info","call;yhat.train;yhat.test;yhat.train.mean;yhat.test.mean;sigma;first.sigma;varcount;sigest;resid.dist;y;n.chains;family"
"live","gaussian.nc2.kT0","fields","documented-absent","","","","info","fit"
"live","gaussian.nc2.kT0","fields","all-names","","","","info","call;family;resid.dist;first.sigma;sigma;sigest;yhat.train;yhat.train.mean;yhat.test;yhat.test.mean;s.train;s.test;varcount;y;n.chains"
"live","gaussian.nc2.kT0","method:predict.bart","predict","ev","","TRUE","refused","predict requires bart to be called with 'keeptrees' == TRUE"
"live","gaussian.nc2.kT0","method:predict.bart","predict","ev","","FALSE","refused","predict requires bart to be called with 'keeptrees' == TRUE"
"live","gaussian.nc2.kT0","method:predict.bart","predict","ppd","","TRUE","refused","predict requires bart to be called with 'keeptrees' == TRUE"
"live","gaussian.nc2.kT0","method:predict.bart","predict","ppd","","FALSE","refused","predict requires bart to be called with 'keeptrees' == TRUE"
"live","gaussian.nc2.kT0","method:predict.bart","predict","bart","","TRUE","refused","predict requires bart to be called with 'keeptrees' == TRUE"
"live","gaussian.nc2.kT0","method:predict.bart","predict","bart","","FALSE","refused","predict requires bart to be called with 'keeptrees' == TRUE"
"live","gaussian.nc2.kT0","method:predict.bart","predict","forest","","TRUE","refused","predict requires bart to be called with 'keeptrees' == TRUE"
"live","gaussian.nc2.kT0","method:predict.bart","predict","forest","","FALSE","refused","predict requires bart to be called with 'keeptrees' == TRUE"
"live","gaussian.nc2.kT0","method:predict.bart","predict","zzz-bad-type","","TRUE","refused","predict requires bart to be called with 'keeptrees' == TRUE"
"live","gaussian.nc2.kT0","method:predict.bart","predict","zzz-bad-type","","FALSE","refused","predict requires bart to be called with 'keeptrees' == TRUE"
"live","gaussian.nc2.kT0","method:extract.bart","extract","ev","train","TRUE","accepted","matrix/array 12x40"
"live","gaussian.nc2.kT0","method:extract.bart","extract","ev","train","FALSE","accepted","array 2x6x40"
"live","gaussian.nc2.kT0","method:extract.bart","extract","ev","test","TRUE","accepted","matrix/array 12x12"
"live","gaussian.nc2.kT0","method:extract.bart","extract","ev","test","FALSE","accepted","array 2x6x12"
"live","gaussian.nc2.kT0","method:extract.bart","extract","ev","zzz-bad-sample","TRUE","refused","sample must be in 'train', 'test'"
"live","gaussian.nc2.kT0","method:extract.bart","extract","ev","zzz-bad-sample","FALSE","refused","sample must be in 'train', 'test'"
"live","gaussian.nc2.kT0","method:extract.bart","extract","ppd","train","TRUE","accepted","matrix/array 12x40"
"live","gaussian.nc2.kT0","method:extract.bart","extract","ppd","train","FALSE","accepted","array 2x6x40"
"live","gaussian.nc2.kT0","method:extract.bart","extract","ppd","test","TRUE","accepted","matrix/array 12x12"
"live","gaussian.nc2.kT0","method:extract.bart","extract","ppd","test","FALSE","accepted","array 2x6x12"
"live","gaussian.nc2.kT0","method:extract.bart","extract","ppd","zzz-bad-sample","TRUE","refused","sample must be in 'train', 'test'"
"live","gaussian.nc2.kT0","method:extract.bart","extract","ppd","zzz-bad-sample","FALSE","refused","sample must be in 'train', 'test'"
"live","gaussian.nc2.kT0","method:extract.bart","extract","bart","train","TRUE","accepted","matrix/array 12x40"
"live","gaussian.nc2.kT0","method:extract.bart","extract","bart","train","FALSE","accepted","array 2x6x40"
"live","gaussian.nc2.kT0","method:extract.bart","extract","bart","test","TRUE","accepted","matrix/array 12x12"
"live","gaussian.nc2.kT0","method:extract.bart","extract","bart","test","FALSE","accepted","array 2x6x12"
"live","gaussian.nc2.kT0","method:extract.bart","extract","bart","zzz-bad-sample","TRUE","refused","sample must be in 'train', 'test'"
"live","gaussian.nc2.kT0","method:extract.bart","extract","bart","zzz-bad-sample","FALSE","refused","sample must be in 'train', 'test'"
"live","gaussian.nc2.kT0","method:extract.bart","extract","loglik","train","TRUE","accepted","matrix/array 12x40"
"live","gaussian.nc2.kT0","method:extract.bart","extract","loglik","train","FALSE","accepted","array 2x6x40"
"live","gaussian.nc2.kT0","method:extract.bart","extract","loglik","test","TRUE","refused","cannot extract a test sample log-likelihood; no test response exists"
"live","gaussian.nc2.kT0","method:extract.bart","extract","loglik","test","FALSE","refused","cannot extract a test sample log-likelihood; no test response exists"
"live","gaussian.nc2.kT0","method:extract.bart","extract","loglik","zzz-bad-sample","TRUE","refused","sample must be in 'train', 'test'"
"live","gaussian.nc2.kT0","method:extract.bart","extract","loglik","zzz-bad-sample","FALSE","refused","sample must be in 'train', 'test'"
"live","gaussian.nc2.kT0","method:extract.bart","extract","trees","train","TRUE","refused","extracting trees requires bart to be called with 'keeptrees' == TRUE"
"live","gaussian.nc2.kT0","method:extract.bart","extract","trees","train","FALSE","refused","extracting trees requires bart to be called with 'keeptrees' == TRUE"
"live","gaussian.nc2.kT0","method:extract.bart","extract","trees","test","TRUE","refused","extracting trees requires bart to be called with 'keeptrees' == TRUE"
"live","gaussian.nc2.kT0","method:extract.bart","extract","trees","test","FALSE","refused","extracting trees requires bart to be called with 'keeptrees' == TRUE"
"live","gaussian.nc2.kT0","method:extract.bart","extract","trees","zzz-bad-sample","TRUE","refused","extracting trees requires bart to be called with 'keeptrees' == TRUE"
"live","gaussian.nc2.kT0","method:extract.bart","extract","trees","zzz-bad-sample","FALSE","refused","extracting trees requires bart to be called with 'keeptrees' == TRUE"
"live","gaussian.nc2.kT0","method:extract.bart","extract","forest","train","TRUE","refused","type = ""forest"" is only available on a fit with per-forest reporting (an amplitude-coupled multi-forest fit); this fit has none"
"live","gaussian.nc2.kT0","method:extract.bart","extract","forest","train","FALSE","refused","type = ""forest"" is only available on a fit with per-forest reporting (an amplitude-coupled multi-forest fit); this fit has none"
"live","gaussian.nc2.kT0","method:extract.bart","extract","forest","test","TRUE","refused","type = ""forest"" is only available on a fit with per-forest reporting (an amplitude-coupled multi-forest fit); this fit has none"
"live","gaussian.nc2.kT0","method:extract.bart","extract","forest","test","FALSE","refused","type = ""forest"" is only available on a fit with per-forest reporting (an amplitude-coupled multi-forest fit); this fit has none"
"live","gaussian.nc2.kT0","method:extract.bart","extract","forest","zzz-bad-sample","TRUE","refused","sample must be in 'train', 'test'"
"live","gaussian.nc2.kT0","method:extract.bart","extract","forest","zzz-bad-sample","FALSE","refused","sample must be in 'train', 'test'"
"live","gaussian.nc2.kT0","method:extract.bart","extract","zzz-bad-type","train","TRUE","refused","type must be in 'ev', 'ppd', 'bart', 'loglik', 'trees', 'forest'"
"live","gaussian.nc2.kT0","method:extract.bart","extract","zzz-bad-type","train","FALSE","refused","type must be in 'ev', 'ppd', 'bart', 'loglik', 'trees', 'forest'"
"live","gaussian.nc2.kT0","method:extract.bart","extract","zzz-bad-type","test","TRUE","refused","type must be in 'ev', 'ppd', 'bart', 'loglik', 'trees', 'forest'"
"live","gaussian.nc2.kT0","method:extract.bart","extract","zzz-bad-type","test","FALSE","refused","type must be in 'ev', 'ppd', 'bart', 'loglik', 'trees', 'forest'"
"live","gaussian.nc2.kT0","method:extract.bart","extract","zzz-bad-type","zzz-bad-sample","TRUE","refused","type must be in 'ev', 'ppd', 'bart', 'loglik', 'trees', 'forest'"
"live","gaussian.nc2.kT0","method:extract.bart","extract","zzz-bad-type","zzz-bad-sample","FALSE","refused","type must be in 'ev', 'ppd', 'bart', 'loglik', 'trees', 'forest'"
"live","gaussian.nc2.kT0","method:fitted.bart","fitted","ev","train","","accepted","numeric len40"
"live","gaussian.nc2.kT0","method:fitted.bart","fitted","ev","test","","accepted","numeric len12"
"live","gaussian.nc2.kT0","method:fitted.bart","fitted","ev","zzz-bad-sample","","refused","sample must be in 'train', 'test'"
"live","gaussian.nc2.kT0","method:fitted.bart","fitted","ppd","train","","accepted","numeric len40"
"live","gaussian.nc2.kT0","method:fitted.bart","fitted","ppd","test","","accepted","numeric len12"
"live","gaussian.nc2.kT0","method:fitted.bart","fitted","ppd","zzz-bad-sample","","refused","sample must be in 'train', 'test'"
"live","gaussian.nc2.kT0","method:fitted.bart","fitted","bart","train","","accepted","numeric len40"
"live","gaussian.nc2.kT0","method:fitted.bart","fitted","bart","test","","accepted","numeric len12"
"live","gaussian.nc2.kT0","method:fitted.bart","fitted","bart","zzz-bad-sample","","refused","sample must be in 'train', 'test'"
"live","gaussian.nc2.kT0","method:fitted.bart","fitted","zzz-bad-type","train","","refused","type must be in 'ev', 'ppd', 'bart'"
"live","gaussian.nc2.kT0","method:fitted.bart","fitted","zzz-bad-type","test","","refused","type must be in 'ev', 'ppd', 'bart'"
"live","gaussian.nc2.kT0","method:fitted.bart","fitted","zzz-bad-type","zzz-bad-sample","","refused","type must be in 'ev', 'ppd', 'bart'"
"live","gaussian.nc2.kT0","method:residuals.bart","residuals","ev","","","accepted","numeric len40"
"live","gaussian.nc2.kT0","method:residuals.bart","residuals","zzz-bad-type","","","refused","type must be in 'ev', 'ppd', 'bart'"
"live","gaussian.nc2.kT0","method:summary.bart","summary","","","","accepted","summary.bart len3"
"live","gaussian.nc2.kT0","method:print.bart","print","","","","accepted","bart len15"
"live","gaussian.nc2.kT0","method:plot.bart","plot","","","","accepted","NULL"
"live","gaussian.nc2.kT0","method:plotTree.bart","plotTree","","","","refused","plotTree requires the trees to be kept: fit with keeptrees/keepTrees = TRUE"
"live","gaussian.nc2.kT0","method:survivalProbabilities.bart","survivalProbabilities","","","TRUE","refused","survivalProbabilities requires an aft (survival) fit"
"live","gaussian.nc2.kT0","method:survivalProbabilities.bart","survivalProbabilities","","","FALSE","refused","survivalProbabilities requires an aft (survival) fit"
"live","gaussian.nc2.kT0","method:as_draws_array.bart","as_draws_array","","","","accepted","draws_array/draws/array 6x2x1 dn=[{1,2,3,...},{1,2},{sigma}]"
"live","gaussian.nc2.kT0","method:as_draws_df.bart","as_draws_df","","","","accepted","draws_df/draws/tbl_df/tbl/data.frame 12x4 dn=[{1,2,3,...},{sigma,.chain,.iteration,...}]"
"live","probit.base","build","","","","","built","class=bart"
"live","probit.base","fields","documented-present","","","","info","call;yhat.train;yhat.test;varcount;resid.dist;y;fit;family"
"live","probit.base","fields","documented-absent","","","","info","yhat.train.mean;yhat.test.mean;sigma;first.sigma;sigest;n.chains"
"live","probit.base","fields","all-names","","","","info","call;family;resid.dist;yhat.train;yhat.test;varcount;binaryOffset;y;fit;k;first.k"
"live","probit.base","method:predict.bart","predict","ev","","TRUE","accepted","matrix/array 6x12"
"live","probit.base","method:predict.bart","predict","ev","","FALSE","accepted","matrix/array 6x12"
"live","probit.base","method:predict.bart","predict","ppd","","TRUE","accepted","matrix/array 6x12 dn=[NULL,NULL]"
"live","probit.base","method:predict.bart","predict","ppd","","FALSE","accepted","matrix/array 6x12 dn=[NULL,NULL]"
"live","probit.base","method:predict.bart","predict","bart","","TRUE","accepted","matrix/array 6x12"
"live","probit.base","method:predict.bart","predict","bart","","FALSE","accepted","matrix/array 6x12"
"live","probit.base","method:predict.bart","predict","forest","","TRUE","refused","type = ""forest"" is only available on a fit with per-forest reporting (an amplitude-coupled multi-forest fit); this fit has none"
"live","probit.base","method:predict.bart","predict","forest","","FALSE","refused","type = ""forest"" is only available on a fit with per-forest reporting (an amplitude-coupled multi-forest fit); this fit has none"
"live","probit.base","method:predict.bart","predict","zzz-bad-type","","TRUE","refused","type must be in 'ev', 'ppd', 'bart', 'forest'"
"live","probit.base","method:predict.bart","predict","zzz-bad-type","","FALSE","refused","type must be in 'ev', 'ppd', 'bart', 'forest'"
"live","probit.base","method:extract.bart","extract","ev","train","TRUE","accepted","matrix/array 6x40"
"live","probit.base","method:extract.bart","extract","ev","train","FALSE","accepted","matrix/array 6x40"
"live","probit.base","method:extract.bart","extract","ev","test","TRUE","accepted","matrix/array 6x12"
"live","probit.base","method:extract.bart","extract","ev","test","FALSE","accepted","matrix/array 6x12"
"live","probit.base","method:extract.bart","extract","ev","zzz-bad-sample","TRUE","refused","sample must be in 'train', 'test'"
"live","probit.base","method:extract.bart","extract","ev","zzz-bad-sample","FALSE","refused","sample must be in 'train', 'test'"
"live","probit.base","method:extract.bart","extract","ppd","train","TRUE","accepted","matrix/array 6x40 dn=[NULL,NULL]"
"live","probit.base","method:extract.bart","extract","ppd","train","FALSE","accepted","matrix/array 6x40 dn=[NULL,NULL]"
"live","probit.base","method:extract.bart","extract","ppd","test","TRUE","accepted","matrix/array 6x12 dn=[NULL,NULL]"
"live","probit.base","method:extract.bart","extract","ppd","test","FALSE","accepted","matrix/array 6x12 dn=[NULL,NULL]"
"live","probit.base","method:extract.bart","extract","ppd","zzz-bad-sample","TRUE","refused","sample must be in 'train', 'test'"
"live","probit.base","method:extract.bart","extract","ppd","zzz-bad-sample","FALSE","refused","sample must be in 'train', 'test'"
"live","probit.base","method:extract.bart","extract","bart","train","TRUE","accepted","matrix/array 6x40"
"live","probit.base","method:extract.bart","extract","bart","train","FALSE","accepted","matrix/array 6x40"
"live","probit.base","method:extract.bart","extract","bart","test","TRUE","accepted","matrix/array 6x12"
"live","probit.base","method:extract.bart","extract","bart","test","FALSE","accepted","matrix/array 6x12"
"live","probit.base","method:extract.bart","extract","bart","zzz-bad-sample","TRUE","refused","sample must be in 'train', 'test'"
"live","probit.base","method:extract.bart","extract","bart","zzz-bad-sample","FALSE","refused","sample must be in 'train', 'test'"
"live","probit.base","method:extract.bart","extract","loglik","train","TRUE","accepted","matrix/array 6x40"
"live","probit.base","method:extract.bart","extract","loglik","train","FALSE","accepted","matrix/array 6x40"
"live","probit.base","method:extract.bart","extract","loglik","test","TRUE","refused","cannot extract a test sample log-likelihood; no test response exists"
"live","probit.base","method:extract.bart","extract","loglik","test","FALSE","refused","cannot extract a test sample log-likelihood; no test response exists"
"live","probit.base","method:extract.bart","extract","loglik","zzz-bad-sample","TRUE","refused","sample must be in 'train', 'test'"
"live","probit.base","method:extract.bart","extract","loglik","zzz-bad-sample","FALSE","refused","sample must be in 'train', 'test'"
"live","probit.base","method:extract.bart","extract","trees","train","TRUE","error-without-reason","unused argument (combineChains = TRUE)"
"live","probit.base","method:extract.bart","extract","trees","train","FALSE","error-without-reason","unused argument (combineChains = FALSE)"
"live","probit.base","method:extract.bart","extract","trees","test","TRUE","error-without-reason","unused argument (combineChains = TRUE)"
"live","probit.base","method:extract.bart","extract","trees","test","FALSE","error-without-reason","unused argument (combineChains = FALSE)"
"live","probit.base","method:extract.bart","extract","trees","zzz-bad-sample","TRUE","error-without-reason","unused argument (combineChains = TRUE)"
"live","probit.base","method:extract.bart","extract","trees","zzz-bad-sample","FALSE","error-without-reason","unused argument (combineChains = FALSE)"
"live","probit.base","method:extract.bart","extract","forest","train","TRUE","refused","type = ""forest"" is only available on a fit with per-forest reporting (an amplitude-coupled multi-forest fit); this fit has none"
"live","probit.base","method:extract.bart","extract","forest","train","FALSE","refused","type = ""forest"" is only available on a fit with per-forest reporting (an amplitude-coupled multi-forest fit); this fit has none"
"live","probit.base","method:extract.bart","extract","forest","test","TRUE","refused","type = ""forest"" is only available on a fit with per-forest reporting (an amplitude-coupled multi-forest fit); this fit has none"
"live","probit.base","method:extract.bart","extract","forest","test","FALSE","refused","type = ""forest"" is only available on a fit with per-forest reporting (an amplitude-coupled multi-forest fit); this fit has none"
"live","probit.base","method:extract.bart","extract","forest","zzz-bad-sample","TRUE","refused","sample must be in 'train', 'test'"
"live","probit.base","method:extract.bart","extract","forest","zzz-bad-sample","FALSE","refused","sample must be in 'train', 'test'"
"live","probit.base","method:extract.bart","extract","zzz-bad-type","train","TRUE","refused","type must be in 'ev', 'ppd', 'bart', 'loglik', 'trees', 'forest'"
"live","probit.base","method:extract.bart","extract","zzz-bad-type","train","FALSE","refused","type must be in 'ev', 'ppd', 'bart', 'loglik', 'trees', 'forest'"
"live","probit.base","method:extract.bart","extract","zzz-bad-type","test","TRUE","refused","type must be in 'ev', 'ppd', 'bart', 'loglik', 'trees', 'forest'"
"live","probit.base","method:extract.bart","extract","zzz-bad-type","test","FALSE","refused","type must be in 'ev', 'ppd', 'bart', 'loglik', 'trees', 'forest'"
"live","probit.base","method:extract.bart","extract","zzz-bad-type","zzz-bad-sample","TRUE","refused","type must be in 'ev', 'ppd', 'bart', 'loglik', 'trees', 'forest'"
"live","probit.base","method:extract.bart","extract","zzz-bad-type","zzz-bad-sample","FALSE","refused","type must be in 'ev', 'ppd', 'bart', 'loglik', 'trees', 'forest'"
"live","probit.base","method:fitted.bart","fitted","ev","train","","accepted","numeric len40"
"live","probit.base","method:fitted.bart","fitted","ev","test","","accepted","numeric len12"
"live","probit.base","method:fitted.bart","fitted","ev","zzz-bad-sample","","refused","sample must be in 'train', 'test'"
"live","probit.base","method:fitted.bart","fitted","ppd","train","","accepted","numeric len40"
"live","probit.base","method:fitted.bart","fitted","ppd","test","","accepted","numeric len12"
"live","probit.base","method:fitted.bart","fitted","ppd","zzz-bad-sample","","refused","sample must be in 'train', 'test'"
"live","probit.base","method:fitted.bart","fitted","bart","train","","accepted","numeric len40"
"live","probit.base","method:fitted.bart","fitted","bart","test","","accepted","numeric len12"
"live","probit.base","method:fitted.bart","fitted","bart","zzz-bad-sample","","refused","sample must be in 'train', 'test'"
"live","probit.base","method:fitted.bart","fitted","zzz-bad-type","train","","refused","type must be in 'ev', 'ppd', 'bart'"
"live","probit.base","method:fitted.bart","fitted","zzz-bad-type","test","","refused","type must be in 'ev', 'ppd', 'bart'"
"live","probit.base","method:fitted.bart","fitted","zzz-bad-type","zzz-bad-sample","","refused","type must be in 'ev', 'ppd', 'bart'"
"live","probit.base","method:residuals.bart","residuals","ev","","","accepted","numeric len40"
"live","probit.base","method:residuals.bart","residuals","zzz-bad-type","","","refused","type must be in 'ev', 'ppd', 'bart'"
"live","probit.base","method:summary.bart","summary","","","","accepted","summary.bart len3"
"live","probit.base","method:print.bart","print","","","","accepted","bart len11"
"live","probit.base","method:plot.bart","plot","","","","accepted","NULL"
"live","probit.base","method:plotTree.bart","plotTree","","","","accepted","NULL"
"live","probit.base","method:survivalProbabilities.bart","survivalProbabilities","","","TRUE","refused","survivalProbabilities requires an aft (survival) fit"
"live","probit.base","method:survivalProbabilities.bart","survivalProbabilities","","","FALSE","refused","survivalProbabilities requires an aft (survival) fit"
"live","probit.base","method:as_draws_array.bart","as_draws_array","","","","accepted","draws_array/draws/array 6x1x1 dn=[{1,2,3,...},{1},{k}]"
"live","probit.base","method:as_draws_df.bart","as_draws_df","","","","accepted","draws_df/draws/tbl_df/tbl/data.frame 6x4 dn=[{1,2,3,...},{k,.chain,.iteration,...}]"
"live","probit.kT0","build","","","","","built","class=bart"
"live","probit.kT0","fields","documented-present","","","","info","call;yhat.train;yhat.test;varcount;resid.dist;y;n.chains;family"
"live","probit.kT0","fields","documented-absent","","","","info","yhat.train.mean;yhat.test.mean;sigma;first.sigma;sigest;fit"
"live","probit.kT0","fields","all-names","","","","info","call;family;resid.dist;yhat.train;yhat.test;varcount;binaryOffset;y;n.chains;k;first.k"
"live","probit.kT0","method:predict.bart","predict","ev","","TRUE","refused","predict requires bart to be called with 'keeptrees' == TRUE"
"live","probit.kT0","method:predict.bart","predict","ev","","FALSE","refused","predict requires bart to be called with 'keeptrees' == TRUE"
"live","probit.kT0","method:predict.bart","predict","ppd","","TRUE","refused","predict requires bart to be called with 'keeptrees' == TRUE"
"live","probit.kT0","method:predict.bart","predict","ppd","","FALSE","refused","predict requires bart to be called with 'keeptrees' == TRUE"
"live","probit.kT0","method:predict.bart","predict","bart","","TRUE","refused","predict requires bart to be called with 'keeptrees' == TRUE"
"live","probit.kT0","method:predict.bart","predict","bart","","FALSE","refused","predict requires bart to be called with 'keeptrees' == TRUE"
"live","probit.kT0","method:predict.bart","predict","forest","","TRUE","refused","predict requires bart to be called with 'keeptrees' == TRUE"
"live","probit.kT0","method:predict.bart","predict","forest","","FALSE","refused","predict requires bart to be called with 'keeptrees' == TRUE"
"live","probit.kT0","method:predict.bart","predict","zzz-bad-type","","TRUE","refused","predict requires bart to be called with 'keeptrees' == TRUE"
"live","probit.kT0","method:predict.bart","predict","zzz-bad-type","","FALSE","refused","predict requires bart to be called with 'keeptrees' == TRUE"
"live","probit.kT0","method:extract.bart","extract","ev","train","TRUE","accepted","matrix/array 6x40"
"live","probit.kT0","method:extract.bart","extract","ev","train","FALSE","accepted","matrix/array 6x40"
"live","probit.kT0","method:extract.bart","extract","ev","test","TRUE","accepted","matrix/array 6x12"
"live","probit.kT0","method:extract.bart","extract","ev","test","FALSE","accepted","matrix/array 6x12"
"live","probit.kT0","method:extract.bart","extract","ev","zzz-bad-sample","TRUE","refused","sample must be in 'train', 'test'"
"live","probit.kT0","method:extract.bart","extract","ev","zzz-bad-sample","FALSE","refused","sample must be in 'train', 'test'"
"live","probit.kT0","method:extract.bart","extract","ppd","train","TRUE","accepted","matrix/array 6x40 dn=[NULL,NULL]"
"live","probit.kT0","method:extract.bart","extract","ppd","train","FALSE","accepted","matrix/array 6x40 dn=[NULL,NULL]"
"live","probit.kT0","method:extract.bart","extract","ppd","test","TRUE","accepted","matrix/array 6x12 dn=[NULL,NULL]"
"live","probit.kT0","method:extract.bart","extract","ppd","test","FALSE","accepted","matrix/array 6x12 dn=[NULL,NULL]"
"live","probit.kT0","method:extract.bart","extract","ppd","zzz-bad-sample","TRUE","refused","sample must be in 'train', 'test'"
"live","probit.kT0","method:extract.bart","extract","ppd","zzz-bad-sample","FALSE","refused","sample must be in 'train', 'test'"
"live","probit.kT0","method:extract.bart","extract","bart","train","TRUE","accepted","matrix/array 6x40"
"live","probit.kT0","method:extract.bart","extract","bart","train","FALSE","accepted","matrix/array 6x40"
"live","probit.kT0","method:extract.bart","extract","bart","test","TRUE","accepted","matrix/array 6x12"
"live","probit.kT0","method:extract.bart","extract","bart","test","FALSE","accepted","matrix/array 6x12"
"live","probit.kT0","method:extract.bart","extract","bart","zzz-bad-sample","TRUE","refused","sample must be in 'train', 'test'"
"live","probit.kT0","method:extract.bart","extract","bart","zzz-bad-sample","FALSE","refused","sample must be in 'train', 'test'"
"live","probit.kT0","method:extract.bart","extract","loglik","train","TRUE","accepted","matrix/array 6x40"
"live","probit.kT0","method:extract.bart","extract","loglik","train","FALSE","accepted","matrix/array 6x40"
"live","probit.kT0","method:extract.bart","extract","loglik","test","TRUE","refused","cannot extract a test sample log-likelihood; no test response exists"
"live","probit.kT0","method:extract.bart","extract","loglik","test","FALSE","refused","cannot extract a test sample log-likelihood; no test response exists"
"live","probit.kT0","method:extract.bart","extract","loglik","zzz-bad-sample","TRUE","refused","sample must be in 'train', 'test'"
"live","probit.kT0","method:extract.bart","extract","loglik","zzz-bad-sample","FALSE","refused","sample must be in 'train', 'test'"
"live","probit.kT0","method:extract.bart","extract","trees","train","TRUE","refused","extracting trees requires bart to be called with 'keeptrees' == TRUE"
"live","probit.kT0","method:extract.bart","extract","trees","train","FALSE","refused","extracting trees requires bart to be called with 'keeptrees' == TRUE"
"live","probit.kT0","method:extract.bart","extract","trees","test","TRUE","refused","extracting trees requires bart to be called with 'keeptrees' == TRUE"
"live","probit.kT0","method:extract.bart","extract","trees","test","FALSE","refused","extracting trees requires bart to be called with 'keeptrees' == TRUE"
"live","probit.kT0","method:extract.bart","extract","trees","zzz-bad-sample","TRUE","refused","extracting trees requires bart to be called with 'keeptrees' == TRUE"
"live","probit.kT0","method:extract.bart","extract","trees","zzz-bad-sample","FALSE","refused","extracting trees requires bart to be called with 'keeptrees' == TRUE"
"live","probit.kT0","method:extract.bart","extract","forest","train","TRUE","refused","type = ""forest"" is only available on a fit with per-forest reporting (an amplitude-coupled multi-forest fit); this fit has none"
"live","probit.kT0","method:extract.bart","extract","forest","train","FALSE","refused","type = ""forest"" is only available on a fit with per-forest reporting (an amplitude-coupled multi-forest fit); this fit has none"
"live","probit.kT0","method:extract.bart","extract","forest","test","TRUE","refused","type = ""forest"" is only available on a fit with per-forest reporting (an amplitude-coupled multi-forest fit); this fit has none"
"live","probit.kT0","method:extract.bart","extract","forest","test","FALSE","refused","type = ""forest"" is only available on a fit with per-forest reporting (an amplitude-coupled multi-forest fit); this fit has none"
"live","probit.kT0","method:extract.bart","extract","forest","zzz-bad-sample","TRUE","refused","sample must be in 'train', 'test'"
"live","probit.kT0","method:extract.bart","extract","forest","zzz-bad-sample","FALSE","refused","sample must be in 'train', 'test'"
"live","probit.kT0","method:extract.bart","extract","zzz-bad-type","train","TRUE","refused","type must be in 'ev', 'ppd', 'bart', 'loglik', 'trees', 'forest'"
"live","probit.kT0","method:extract.bart","extract","zzz-bad-type","train","FALSE","refused","type must be in 'ev', 'ppd', 'bart', 'loglik', 'trees', 'forest'"
"live","probit.kT0","method:extract.bart","extract","zzz-bad-type","test","TRUE","refused","type must be in 'ev', 'ppd', 'bart', 'loglik', 'trees', 'forest'"
"live","probit.kT0","method:extract.bart","extract","zzz-bad-type","test","FALSE","refused","type must be in 'ev', 'ppd', 'bart', 'loglik', 'trees', 'forest'"
"live","probit.kT0","method:extract.bart","extract","zzz-bad-type","zzz-bad-sample","TRUE","refused","type must be in 'ev', 'ppd', 'bart', 'loglik', 'trees', 'forest'"
"live","probit.kT0","method:extract.bart","extract","zzz-bad-type","zzz-bad-sample","FALSE","refused","type must be in 'ev', 'ppd', 'bart', 'loglik', 'trees', 'forest'"
"live","probit.kT0","method:fitted.bart","fitted","ev","train","","accepted","numeric len40"
"live","probit.kT0","method:fitted.bart","fitted","ev","test","","accepted","numeric len12"
"live","probit.kT0","method:fitted.bart","fitted","ev","zzz-bad-sample","","refused","sample must be in 'train', 'test'"
"live","probit.kT0","method:fitted.bart","fitted","ppd","train","","accepted","numeric len40"
"live","probit.kT0","method:fitted.bart","fitted","ppd","test","","accepted","numeric len12"
"live","probit.kT0","method:fitted.bart","fitted","ppd","zzz-bad-sample","","refused","sample must be in 'train', 'test'"
"live","probit.kT0","method:fitted.bart","fitted","bart","train","","accepted","numeric len40"
"live","probit.kT0","method:fitted.bart","fitted","bart","test","","accepted","numeric len12"
"live","probit.kT0","method:fitted.bart","fitted","bart","zzz-bad-sample","","refused","sample must be in 'train', 'test'"
"live","probit.kT0","method:fitted.bart","fitted","zzz-bad-type","train","","refused","type must be in 'ev', 'ppd', 'bart'"
"live","probit.kT0","method:fitted.bart","fitted","zzz-bad-type","test","","refused","type must be in 'ev', 'ppd', 'bart'"
"live","probit.kT0","method:fitted.bart","fitted","zzz-bad-type","zzz-bad-sample","","refused","type must be in 'ev', 'ppd', 'bart'"
"live","probit.kT0","method:residuals.bart","residuals","ev","","","accepted","numeric len40"
"live","probit.kT0","method:residuals.bart","residuals","zzz-bad-type","","","refused","type must be in 'ev', 'ppd', 'bart'"
"live","probit.kT0","method:summary.bart","summary","","","","accepted","summary.bart len3"
"live","probit.kT0","method:print.bart","print","","","","accepted","bart len11"
"live","probit.kT0","method:plot.bart","plot","","","","accepted","NULL"
"live","probit.kT0","method:plotTree.bart","plotTree","","","","refused","plotTree requires the trees to be kept: fit with keeptrees/keepTrees = TRUE"
"live","probit.kT0","method:survivalProbabilities.bart","survivalProbabilities","","","TRUE","refused","survivalProbabilities requires an aft (survival) fit"
"live","probit.kT0","method:survivalProbabilities.bart","survivalProbabilities","","","FALSE","refused","survivalProbabilities requires an aft (survival) fit"
"live","probit.kT0","method:as_draws_array.bart","as_draws_array","","","","accepted","draws_array/draws/array 6x1x1 dn=[{1,2,3,...},{1},{k}]"
"live","probit.kT0","method:as_draws_df.bart","as_draws_df","","","","accepted","draws_df/draws/tbl_df/tbl/data.frame 6x4 dn=[{1,2,3,...},{k,.chain,.iteration,...}]"
"live","probit.nc2u","build","","","","","built","class=bart"
"live","probit.nc2u","fields","documented-present","","","","info","call;yhat.train;yhat.test;varcount;resid.dist;y;fit;family"
"live","probit.nc2u","fields","documented-absent","","","","info","yhat.train.mean;yhat.test.mean;sigma;first.sigma;sigest;n.chains"
"live","probit.nc2u","fields","all-names","","","","info","call;family;resid.dist;yhat.train;yhat.test;varcount;binaryOffset;y;fit;k;first.k"
"live","probit.nc2u","method:predict.bart","predict","ev","","TRUE","accepted","matrix/array 12x12"
"live","probit.nc2u","method:predict.bart","predict","ev","","FALSE","accepted","array 2x6x12"
"live","probit.nc2u","method:predict.bart","predict","ppd","","TRUE","accepted","matrix/array 12x12"
"live","probit.nc2u","method:predict.bart","predict","ppd","","FALSE","accepted","array 2x6x12"
"live","probit.nc2u","method:predict.bart","predict","bart","","TRUE","accepted","matrix/array 12x12"
"live","probit.nc2u","method:predict.bart","predict","bart","","FALSE","accepted","array 2x6x12"
"live","probit.nc2u","method:predict.bart","predict","forest","","TRUE","refused","type = ""forest"" is only available on a fit with per-forest reporting (an amplitude-coupled multi-forest fit); this fit has none"
"live","probit.nc2u","method:predict.bart","predict","forest","","FALSE","refused","type = ""forest"" is only available on a fit with per-forest reporting (an amplitude-coupled multi-forest fit); this fit has none"
"live","probit.nc2u","method:predict.bart","predict","zzz-bad-type","","TRUE","refused","type must be in 'ev', 'ppd', 'bart', 'forest'"
"live","probit.nc2u","method:predict.bart","predict","zzz-bad-type","","FALSE","refused","type must be in 'ev', 'ppd', 'bart', 'forest'"
"live","probit.nc2u","method:extract.bart","extract","ev","train","TRUE","accepted","matrix/array 12x40"
"live","probit.nc2u","method:extract.bart","extract","ev","train","FALSE","accepted","array 2x6x40"
"live","probit.nc2u","method:extract.bart","extract","ev","test","TRUE","accepted","matrix/array 12x12"
"live","probit.nc2u","method:extract.bart","extract","ev","test","FALSE","accepted","array 2x6x12"
"live","probit.nc2u","method:extract.bart","extract","ev","zzz-bad-sample","TRUE","refused","sample must be in 'train', 'test'"
"live","probit.nc2u","method:extract.bart","extract","ev","zzz-bad-sample","FALSE","refused","sample must be in 'train', 'test'"
"live","probit.nc2u","method:extract.bart","extract","ppd","train","TRUE","accepted","matrix/array 12x40"
"live","probit.nc2u","method:extract.bart","extract","ppd","train","FALSE","accepted","array 2x6x40"
"live","probit.nc2u","method:extract.bart","extract","ppd","test","TRUE","accepted","matrix/array 12x12"
"live","probit.nc2u","method:extract.bart","extract","ppd","test","FALSE","accepted","array 2x6x12"
"live","probit.nc2u","method:extract.bart","extract","ppd","zzz-bad-sample","TRUE","refused","sample must be in 'train', 'test'"
"live","probit.nc2u","method:extract.bart","extract","ppd","zzz-bad-sample","FALSE","refused","sample must be in 'train', 'test'"
"live","probit.nc2u","method:extract.bart","extract","bart","train","TRUE","accepted","matrix/array 12x40"
"live","probit.nc2u","method:extract.bart","extract","bart","train","FALSE","accepted","array 2x6x40"
"live","probit.nc2u","method:extract.bart","extract","bart","test","TRUE","accepted","matrix/array 12x12"
"live","probit.nc2u","method:extract.bart","extract","bart","test","FALSE","accepted","array 2x6x12"
"live","probit.nc2u","method:extract.bart","extract","bart","zzz-bad-sample","TRUE","refused","sample must be in 'train', 'test'"
"live","probit.nc2u","method:extract.bart","extract","bart","zzz-bad-sample","FALSE","refused","sample must be in 'train', 'test'"
"live","probit.nc2u","method:extract.bart","extract","loglik","train","TRUE","accepted","matrix/array 12x40"
"live","probit.nc2u","method:extract.bart","extract","loglik","train","FALSE","accepted","array 2x6x40"
"live","probit.nc2u","method:extract.bart","extract","loglik","test","TRUE","refused","cannot extract a test sample log-likelihood; no test response exists"
"live","probit.nc2u","method:extract.bart","extract","loglik","test","FALSE","refused","cannot extract a test sample log-likelihood; no test response exists"
"live","probit.nc2u","method:extract.bart","extract","loglik","zzz-bad-sample","TRUE","refused","sample must be in 'train', 'test'"
"live","probit.nc2u","method:extract.bart","extract","loglik","zzz-bad-sample","FALSE","refused","sample must be in 'train', 'test'"
"live","probit.nc2u","method:extract.bart","extract","trees","train","TRUE","error-without-reason","unused argument (combineChains = TRUE)"
"live","probit.nc2u","method:extract.bart","extract","trees","train","FALSE","error-without-reason","unused argument (combineChains = FALSE)"
"live","probit.nc2u","method:extract.bart","extract","trees","test","TRUE","error-without-reason","unused argument (combineChains = TRUE)"
"live","probit.nc2u","method:extract.bart","extract","trees","test","FALSE","error-without-reason","unused argument (combineChains = FALSE)"
"live","probit.nc2u","method:extract.bart","extract","trees","zzz-bad-sample","TRUE","error-without-reason","unused argument (combineChains = TRUE)"
"live","probit.nc2u","method:extract.bart","extract","trees","zzz-bad-sample","FALSE","error-without-reason","unused argument (combineChains = FALSE)"
"live","probit.nc2u","method:extract.bart","extract","forest","train","TRUE","refused","type = ""forest"" is only available on a fit with per-forest reporting (an amplitude-coupled multi-forest fit); this fit has none"
"live","probit.nc2u","method:extract.bart","extract","forest","train","FALSE","refused","type = ""forest"" is only available on a fit with per-forest reporting (an amplitude-coupled multi-forest fit); this fit has none"
"live","probit.nc2u","method:extract.bart","extract","forest","test","TRUE","refused","type = ""forest"" is only available on a fit with per-forest reporting (an amplitude-coupled multi-forest fit); this fit has none"
"live","probit.nc2u","method:extract.bart","extract","forest","test","FALSE","refused","type = ""forest"" is only available on a fit with per-forest reporting (an amplitude-coupled multi-forest fit); this fit has none"
"live","probit.nc2u","method:extract.bart","extract","forest","zzz-bad-sample","TRUE","refused","sample must be in 'train', 'test'"
"live","probit.nc2u","method:extract.bart","extract","forest","zzz-bad-sample","FALSE","refused","sample must be in 'train', 'test'"
"live","probit.nc2u","method:extract.bart","extract","zzz-bad-type","train","TRUE","refused","type must be in 'ev', 'ppd', 'bart', 'loglik', 'trees', 'forest'"
"live","probit.nc2u","method:extract.bart","extract","zzz-bad-type","train","FALSE","refused","type must be in 'ev', 'ppd', 'bart', 'loglik', 'trees', 'forest'"
"live","probit.nc2u","method:extract.bart","extract","zzz-bad-type","test","TRUE","refused","type must be in 'ev', 'ppd', 'bart', 'loglik', 'trees', 'forest'"
"live","probit.nc2u","method:extract.bart","extract","zzz-bad-type","test","FALSE","refused","type must be in 'ev', 'ppd', 'bart', 'loglik', 'trees', 'forest'"
"live","probit.nc2u","method:extract.bart","extract","zzz-bad-type","zzz-bad-sample","TRUE","refused","type must be in 'ev', 'ppd', 'bart', 'loglik', 'trees', 'forest'"
"live","probit.nc2u","method:extract.bart","extract","zzz-bad-type","zzz-bad-sample","FALSE","refused","type must be in 'ev', 'ppd', 'bart', 'loglik', 'trees', 'forest'"
"live","probit.nc2u","method:fitted.bart","fitted","ev","train","","accepted","numeric len40"
"live","probit.nc2u","method:fitted.bart","fitted","ev","test","","accepted","numeric len12"
"live","probit.nc2u","method:fitted.bart","fitted","ev","zzz-bad-sample","","refused","sample must be in 'train', 'test'"
"live","probit.nc2u","method:fitted.bart","fitted","ppd","train","","accepted","numeric len40"
"live","probit.nc2u","method:fitted.bart","fitted","ppd","test","","accepted","numeric len12"
"live","probit.nc2u","method:fitted.bart","fitted","ppd","zzz-bad-sample","","refused","sample must be in 'train', 'test'"
"live","probit.nc2u","method:fitted.bart","fitted","bart","train","","accepted","numeric len40"
"live","probit.nc2u","method:fitted.bart","fitted","bart","test","","accepted","numeric len12"
"live","probit.nc2u","method:fitted.bart","fitted","bart","zzz-bad-sample","","refused","sample must be in 'train', 'test'"
"live","probit.nc2u","method:fitted.bart","fitted","zzz-bad-type","train","","refused","type must be in 'ev', 'ppd', 'bart'"
"live","probit.nc2u","method:fitted.bart","fitted","zzz-bad-type","test","","refused","type must be in 'ev', 'ppd', 'bart'"
"live","probit.nc2u","method:fitted.bart","fitted","zzz-bad-type","zzz-bad-sample","","refused","type must be in 'ev', 'ppd', 'bart'"
"live","probit.nc2u","method:residuals.bart","residuals","ev","","","accepted","numeric len40"
"live","probit.nc2u","method:residuals.bart","residuals","zzz-bad-type","","","refused","type must be in 'ev', 'ppd', 'bart'"
"live","probit.nc2u","method:summary.bart","summary","","","","accepted","summary.bart len3"
"live","probit.nc2u","method:print.bart","print","","","","accepted","bart len11"
"live","probit.nc2u","method:plot.bart","plot","","","","accepted","NULL"
"live","probit.nc2u","method:plotTree.bart","plotTree","","","","refused","chainNum required if more than one chain in sampler"
"live","probit.nc2u","method:survivalProbabilities.bart","survivalProbabilities","","","TRUE","refused","survivalProbabilities requires an aft (survival) fit"
"live","probit.nc2u","method:survivalProbabilities.bart","survivalProbabilities","","","FALSE","refused","survivalProbabilities requires an aft (survival) fit"
"live","probit.nc2u","method:as_draws_array.bart","as_draws_array","","","","accepted","draws_array/draws/array 6x2x1 dn=[{1,2,3,...},{1,2},{k}]"
"live","probit.nc2u","method:as_draws_df.bart","as_draws_df","","","","accepted","draws_df/draws/tbl_df/tbl/data.frame 12x4 dn=[{1,2,3,...},{k,.chain,.iteration,...}]"
"live","logistic.base","build","","","","","built","class=bart"
"live","logistic.base","fields","documented-present","","","","info","call;yhat.train;yhat.test;varcount;resid.dist;y;fit;family"
"live","logistic.base","fields","documented-absent","","","","info","yhat.train.mean;yhat.test.mean;sigma;first.sigma;sigest;n.chains"
"live","logistic.base","fields","all-names","","","","info","call;family;resid.dist;yhat.train;yhat.test;varcount;binaryOffset;y;fit;k;first.k"
"live","logistic.base","method:predict.bart","predict","ev","","TRUE","accepted","matrix/array 6x12"
"live","logistic.base","method:predict.bart","predict","ev","","FALSE","accepted","matrix/array 6x12"
"live","logistic.base","method:predict.bart","predict","ppd","","TRUE","accepted","matrix/array 6x12 dn=[NULL,NULL]"
"live","logistic.base","method:predict.bart","predict","ppd","","FALSE","accepted","matrix/array 6x12 dn=[NULL,NULL]"
"live","logistic.base","method:predict.bart","predict","bart","","TRUE","accepted","matrix/array 6x12"
"live","logistic.base","method:predict.bart","predict","bart","","FALSE","accepted","matrix/array 6x12"
"live","logistic.base","method:predict.bart","predict","forest","","TRUE","refused","type = ""forest"" is only available on a fit with per-forest reporting (an amplitude-coupled multi-forest fit); this fit has none"
"live","logistic.base","method:predict.bart","predict","forest","","FALSE","refused","type = ""forest"" is only available on a fit with per-forest reporting (an amplitude-coupled multi-forest fit); this fit has none"
"live","logistic.base","method:predict.bart","predict","zzz-bad-type","","TRUE","refused","type must be in 'ev', 'ppd', 'bart', 'forest'"
"live","logistic.base","method:predict.bart","predict","zzz-bad-type","","FALSE","refused","type must be in 'ev', 'ppd', 'bart', 'forest'"
"live","logistic.base","method:extract.bart","extract","ev","train","TRUE","accepted","matrix/array 6x40"
"live","logistic.base","method:extract.bart","extract","ev","train","FALSE","accepted","matrix/array 6x40"
"live","logistic.base","method:extract.bart","extract","ev","test","TRUE","accepted","matrix/array 6x12"
"live","logistic.base","method:extract.bart","extract","ev","test","FALSE","accepted","matrix/array 6x12"
"live","logistic.base","method:extract.bart","extract","ev","zzz-bad-sample","TRUE","refused","sample must be in 'train', 'test'"
"live","logistic.base","method:extract.bart","extract","ev","zzz-bad-sample","FALSE","refused","sample must be in 'train', 'test'"
"live","logistic.base","method:extract.bart","extract","ppd","train","TRUE","accepted","matrix/array 6x40 dn=[NULL,NULL]"
"live","logistic.base","method:extract.bart","extract","ppd","train","FALSE","accepted","matrix/array 6x40 dn=[NULL,NULL]"
"live","logistic.base","method:extract.bart","extract","ppd","test","TRUE","accepted","matrix/array 6x12 dn=[NULL,NULL]"
"live","logistic.base","method:extract.bart","extract","ppd","test","FALSE","accepted","matrix/array 6x12 dn=[NULL,NULL]"
"live","logistic.base","method:extract.bart","extract","ppd","zzz-bad-sample","TRUE","refused","sample must be in 'train', 'test'"
"live","logistic.base","method:extract.bart","extract","ppd","zzz-bad-sample","FALSE","refused","sample must be in 'train', 'test'"
"live","logistic.base","method:extract.bart","extract","bart","train","TRUE","accepted","matrix/array 6x40"
"live","logistic.base","method:extract.bart","extract","bart","train","FALSE","accepted","matrix/array 6x40"
"live","logistic.base","method:extract.bart","extract","bart","test","TRUE","accepted","matrix/array 6x12"
"live","logistic.base","method:extract.bart","extract","bart","test","FALSE","accepted","matrix/array 6x12"
"live","logistic.base","method:extract.bart","extract","bart","zzz-bad-sample","TRUE","refused","sample must be in 'train', 'test'"
"live","logistic.base","method:extract.bart","extract","bart","zzz-bad-sample","FALSE","refused","sample must be in 'train', 'test'"
"live","logistic.base","method:extract.bart","extract","loglik","train","TRUE","accepted","matrix/array 6x40"
"live","logistic.base","method:extract.bart","extract","loglik","train","FALSE","accepted","matrix/array 6x40"
"live","logistic.base","method:extract.bart","extract","loglik","test","TRUE","refused","cannot extract a test sample log-likelihood; no test response exists"
"live","logistic.base","method:extract.bart","extract","loglik","test","FALSE","refused","cannot extract a test sample log-likelihood; no test response exists"
"live","logistic.base","method:extract.bart","extract","loglik","zzz-bad-sample","TRUE","refused","sample must be in 'train', 'test'"
"live","logistic.base","method:extract.bart","extract","loglik","zzz-bad-sample","FALSE","refused","sample must be in 'train', 'test'"
"live","logistic.base","method:extract.bart","extract","trees","train","TRUE","error-without-reason","unused argument (combineChains = TRUE)"
"live","logistic.base","method:extract.bart","extract","trees","train","FALSE","error-without-reason","unused argument (combineChains = FALSE)"
"live","logistic.base","method:extract.bart","extract","trees","test","TRUE","error-without-reason","unused argument (combineChains = TRUE)"
"live","logistic.base","method:extract.bart","extract","trees","test","FALSE","error-without-reason","unused argument (combineChains = FALSE)"
"live","logistic.base","method:extract.bart","extract","trees","zzz-bad-sample","TRUE","error-without-reason","unused argument (combineChains = TRUE)"
"live","logistic.base","method:extract.bart","extract","trees","zzz-bad-sample","FALSE","error-without-reason","unused argument (combineChains = FALSE)"
"live","logistic.base","method:extract.bart","extract","forest","train","TRUE","refused","type = ""forest"" is only available on a fit with per-forest reporting (an amplitude-coupled multi-forest fit); this fit has none"
"live","logistic.base","method:extract.bart","extract","forest","train","FALSE","refused","type = ""forest"" is only available on a fit with per-forest reporting (an amplitude-coupled multi-forest fit); this fit has none"
"live","logistic.base","method:extract.bart","extract","forest","test","TRUE","refused","type = ""forest"" is only available on a fit with per-forest reporting (an amplitude-coupled multi-forest fit); this fit has none"
"live","logistic.base","method:extract.bart","extract","forest","test","FALSE","refused","type = ""forest"" is only available on a fit with per-forest reporting (an amplitude-coupled multi-forest fit); this fit has none"
"live","logistic.base","method:extract.bart","extract","forest","zzz-bad-sample","TRUE","refused","sample must be in 'train', 'test'"
"live","logistic.base","method:extract.bart","extract","forest","zzz-bad-sample","FALSE","refused","sample must be in 'train', 'test'"
"live","logistic.base","method:extract.bart","extract","zzz-bad-type","train","TRUE","refused","type must be in 'ev', 'ppd', 'bart', 'loglik', 'trees', 'forest'"
"live","logistic.base","method:extract.bart","extract","zzz-bad-type","train","FALSE","refused","type must be in 'ev', 'ppd', 'bart', 'loglik', 'trees', 'forest'"
"live","logistic.base","method:extract.bart","extract","zzz-bad-type","test","TRUE","refused","type must be in 'ev', 'ppd', 'bart', 'loglik', 'trees', 'forest'"
"live","logistic.base","method:extract.bart","extract","zzz-bad-type","test","FALSE","refused","type must be in 'ev', 'ppd', 'bart', 'loglik', 'trees', 'forest'"
"live","logistic.base","method:extract.bart","extract","zzz-bad-type","zzz-bad-sample","TRUE","refused","type must be in 'ev', 'ppd', 'bart', 'loglik', 'trees', 'forest'"
"live","logistic.base","method:extract.bart","extract","zzz-bad-type","zzz-bad-sample","FALSE","refused","type must be in 'ev', 'ppd', 'bart', 'loglik', 'trees', 'forest'"
"live","logistic.base","method:fitted.bart","fitted","ev","train","","accepted","numeric len40"
"live","logistic.base","method:fitted.bart","fitted","ev","test","","accepted","numeric len12"
"live","logistic.base","method:fitted.bart","fitted","ev","zzz-bad-sample","","refused","sample must be in 'train', 'test'"
"live","logistic.base","method:fitted.bart","fitted","ppd","train","","accepted","numeric len40"
"live","logistic.base","method:fitted.bart","fitted","ppd","test","","accepted","numeric len12"
"live","logistic.base","method:fitted.bart","fitted","ppd","zzz-bad-sample","","refused","sample must be in 'train', 'test'"
"live","logistic.base","method:fitted.bart","fitted","bart","train","","accepted","numeric len40"
"live","logistic.base","method:fitted.bart","fitted","bart","test","","accepted","numeric len12"
"live","logistic.base","method:fitted.bart","fitted","bart","zzz-bad-sample","","refused","sample must be in 'train', 'test'"
"live","logistic.base","method:fitted.bart","fitted","zzz-bad-type","train","","refused","type must be in 'ev', 'ppd', 'bart'"
"live","logistic.base","method:fitted.bart","fitted","zzz-bad-type","test","","refused","type must be in 'ev', 'ppd', 'bart'"
"live","logistic.base","method:fitted.bart","fitted","zzz-bad-type","zzz-bad-sample","","refused","type must be in 'ev', 'ppd', 'bart'"
"live","logistic.base","method:residuals.bart","residuals","ev","","","accepted","numeric len40"
"live","logistic.base","method:residuals.bart","residuals","zzz-bad-type","","","refused","type must be in 'ev', 'ppd', 'bart'"
"live","logistic.base","method:summary.bart","summary","","","","accepted","summary.bart len3"
"live","logistic.base","method:print.bart","print","","","","accepted","bart len11"
"live","logistic.base","method:plot.bart","plot","","","","accepted","NULL"
"live","logistic.base","method:plotTree.bart","plotTree","","","","accepted","NULL"
"live","logistic.base","method:survivalProbabilities.bart","survivalProbabilities","","","TRUE","refused","survivalProbabilities requires an aft (survival) fit"
"live","logistic.base","method:survivalProbabilities.bart","survivalProbabilities","","","FALSE","refused","survivalProbabilities requires an aft (survival) fit"
"live","logistic.base","method:as_draws_array.bart","as_draws_array","","","","accepted","draws_array/draws/array 6x1x1 dn=[{1,2,3,...},{1},{k}]"
"live","logistic.base","method:as_draws_df.bart","as_draws_df","","","","accepted","draws_df/draws/tbl_df/tbl/data.frame 6x4 dn=[{1,2,3,...},{k,.chain,.iteration,...}]"
"live","logistic.kT0","build","","","","","built","class=bart"
"live","logistic.kT0","fields","documented-present","","","","info","call;yhat.train;yhat.test;varcount;resid.dist;y;n.chains;family"
"live","logistic.kT0","fields","documented-absent","","","","info","yhat.train.mean;yhat.test.mean;sigma;first.sigma;sigest;fit"
"live","logistic.kT0","fields","all-names","","","","info","call;family;resid.dist;yhat.train;yhat.test;varcount;binaryOffset;y;n.chains;k;first.k"
"live","logistic.kT0","method:predict.bart","predict","ev","","TRUE","refused","predict requires bart to be called with 'keeptrees' == TRUE"
"live","logistic.kT0","method:predict.bart","predict","ev","","FALSE","refused","predict requires bart to be called with 'keeptrees' == TRUE"
"live","logistic.kT0","method:predict.bart","predict","ppd","","TRUE","refused","predict requires bart to be called with 'keeptrees' == TRUE"
"live","logistic.kT0","method:predict.bart","predict","ppd","","FALSE","refused","predict requires bart to be called with 'keeptrees' == TRUE"
"live","logistic.kT0","method:predict.bart","predict","bart","","TRUE","refused","predict requires bart to be called with 'keeptrees' == TRUE"
"live","logistic.kT0","method:predict.bart","predict","bart","","FALSE","refused","predict requires bart to be called with 'keeptrees' == TRUE"
"live","logistic.kT0","method:predict.bart","predict","forest","","TRUE","refused","predict requires bart to be called with 'keeptrees' == TRUE"
"live","logistic.kT0","method:predict.bart","predict","forest","","FALSE","refused","predict requires bart to be called with 'keeptrees' == TRUE"
"live","logistic.kT0","method:predict.bart","predict","zzz-bad-type","","TRUE","refused","predict requires bart to be called with 'keeptrees' == TRUE"
"live","logistic.kT0","method:predict.bart","predict","zzz-bad-type","","FALSE","refused","predict requires bart to be called with 'keeptrees' == TRUE"
"live","logistic.kT0","method:extract.bart","extract","ev","train","TRUE","accepted","matrix/array 6x40"
"live","logistic.kT0","method:extract.bart","extract","ev","train","FALSE","accepted","matrix/array 6x40"
"live","logistic.kT0","method:extract.bart","extract","ev","test","TRUE","accepted","matrix/array 6x12"
"live","logistic.kT0","method:extract.bart","extract","ev","test","FALSE","accepted","matrix/array 6x12"
"live","logistic.kT0","method:extract.bart","extract","ev","zzz-bad-sample","TRUE","refused","sample must be in 'train', 'test'"
"live","logistic.kT0","method:extract.bart","extract","ev","zzz-bad-sample","FALSE","refused","sample must be in 'train', 'test'"
"live","logistic.kT0","method:extract.bart","extract","ppd","train","TRUE","accepted","matrix/array 6x40 dn=[NULL,NULL]"
"live","logistic.kT0","method:extract.bart","extract","ppd","train","FALSE","accepted","matrix/array 6x40 dn=[NULL,NULL]"
"live","logistic.kT0","method:extract.bart","extract","ppd","test","TRUE","accepted","matrix/array 6x12 dn=[NULL,NULL]"
"live","logistic.kT0","method:extract.bart","extract","ppd","test","FALSE","accepted","matrix/array 6x12 dn=[NULL,NULL]"
"live","logistic.kT0","method:extract.bart","extract","ppd","zzz-bad-sample","TRUE","refused","sample must be in 'train', 'test'"
"live","logistic.kT0","method:extract.bart","extract","ppd","zzz-bad-sample","FALSE","refused","sample must be in 'train', 'test'"
"live","logistic.kT0","method:extract.bart","extract","bart","train","TRUE","accepted","matrix/array 6x40"
"live","logistic.kT0","method:extract.bart","extract","bart","train","FALSE","accepted","matrix/array 6x40"
"live","logistic.kT0","method:extract.bart","extract","bart","test","TRUE","accepted","matrix/array 6x12"
"live","logistic.kT0","method:extract.bart","extract","bart","test","FALSE","accepted","matrix/array 6x12"
"live","logistic.kT0","method:extract.bart","extract","bart","zzz-bad-sample","TRUE","refused","sample must be in 'train', 'test'"
"live","logistic.kT0","method:extract.bart","extract","bart","zzz-bad-sample","FALSE","refused","sample must be in 'train', 'test'"
"live","logistic.kT0","method:extract.bart","extract","loglik","train","TRUE","accepted","matrix/array 6x40"
"live","logistic.kT0","method:extract.bart","extract","loglik","train","FALSE","accepted","matrix/array 6x40"
"live","logistic.kT0","method:extract.bart","extract","loglik","test","TRUE","refused","cannot extract a test sample log-likelihood; no test response exists"
"live","logistic.kT0","method:extract.bart","extract","loglik","test","FALSE","refused","cannot extract a test sample log-likelihood; no test response exists"
"live","logistic.kT0","method:extract.bart","extract","loglik","zzz-bad-sample","TRUE","refused","sample must be in 'train', 'test'"
"live","logistic.kT0","method:extract.bart","extract","loglik","zzz-bad-sample","FALSE","refused","sample must be in 'train', 'test'"
"live","logistic.kT0","method:extract.bart","extract","trees","train","TRUE","refused","extracting trees requires bart to be called with 'keeptrees' == TRUE"
"live","logistic.kT0","method:extract.bart","extract","trees","train","FALSE","refused","extracting trees requires bart to be called with 'keeptrees' == TRUE"
"live","logistic.kT0","method:extract.bart","extract","trees","test","TRUE","refused","extracting trees requires bart to be called with 'keeptrees' == TRUE"
"live","logistic.kT0","method:extract.bart","extract","trees","test","FALSE","refused","extracting trees requires bart to be called with 'keeptrees' == TRUE"
"live","logistic.kT0","method:extract.bart","extract","trees","zzz-bad-sample","TRUE","refused","extracting trees requires bart to be called with 'keeptrees' == TRUE"
"live","logistic.kT0","method:extract.bart","extract","trees","zzz-bad-sample","FALSE","refused","extracting trees requires bart to be called with 'keeptrees' == TRUE"
"live","logistic.kT0","method:extract.bart","extract","forest","train","TRUE","refused","type = ""forest"" is only available on a fit with per-forest reporting (an amplitude-coupled multi-forest fit); this fit has none"
"live","logistic.kT0","method:extract.bart","extract","forest","train","FALSE","refused","type = ""forest"" is only available on a fit with per-forest reporting (an amplitude-coupled multi-forest fit); this fit has none"
"live","logistic.kT0","method:extract.bart","extract","forest","test","TRUE","refused","type = ""forest"" is only available on a fit with per-forest reporting (an amplitude-coupled multi-forest fit); this fit has none"
"live","logistic.kT0","method:extract.bart","extract","forest","test","FALSE","refused","type = ""forest"" is only available on a fit with per-forest reporting (an amplitude-coupled multi-forest fit); this fit has none"
"live","logistic.kT0","method:extract.bart","extract","forest","zzz-bad-sample","TRUE","refused","sample must be in 'train', 'test'"
"live","logistic.kT0","method:extract.bart","extract","forest","zzz-bad-sample","FALSE","refused","sample must be in 'train', 'test'"
"live","logistic.kT0","method:extract.bart","extract","zzz-bad-type","train","TRUE","refused","type must be in 'ev', 'ppd', 'bart', 'loglik', 'trees', 'forest'"
"live","logistic.kT0","method:extract.bart","extract","zzz-bad-type","train","FALSE","refused","type must be in 'ev', 'ppd', 'bart', 'loglik', 'trees', 'forest'"
"live","logistic.kT0","method:extract.bart","extract","zzz-bad-type","test","TRUE","refused","type must be in 'ev', 'ppd', 'bart', 'loglik', 'trees', 'forest'"
"live","logistic.kT0","method:extract.bart","extract","zzz-bad-type","test","FALSE","refused","type must be in 'ev', 'ppd', 'bart', 'loglik', 'trees', 'forest'"
"live","logistic.kT0","method:extract.bart","extract","zzz-bad-type","zzz-bad-sample","TRUE","refused","type must be in 'ev', 'ppd', 'bart', 'loglik', 'trees', 'forest'"
"live","logistic.kT0","method:extract.bart","extract","zzz-bad-type","zzz-bad-sample","FALSE","refused","type must be in 'ev', 'ppd', 'bart', 'loglik', 'trees', 'forest'"
"live","logistic.kT0","method:fitted.bart","fitted","ev","train","","accepted","numeric len40"
"live","logistic.kT0","method:fitted.bart","fitted","ev","test","","accepted","numeric len12"
"live","logistic.kT0","method:fitted.bart","fitted","ev","zzz-bad-sample","","refused","sample must be in 'train', 'test'"
"live","logistic.kT0","method:fitted.bart","fitted","ppd","train","","accepted","numeric len40"
"live","logistic.kT0","method:fitted.bart","fitted","ppd","test","","accepted","numeric len12"
"live","logistic.kT0","method:fitted.bart","fitted","ppd","zzz-bad-sample","","refused","sample must be in 'train', 'test'"
"live","logistic.kT0","method:fitted.bart","fitted","bart","train","","accepted","numeric len40"
"live","logistic.kT0","method:fitted.bart","fitted","bart","test","","accepted","numeric len12"
"live","logistic.kT0","method:fitted.bart","fitted","bart","zzz-bad-sample","","refused","sample must be in 'train', 'test'"
"live","logistic.kT0","method:fitted.bart","fitted","zzz-bad-type","train","","refused","type must be in 'ev', 'ppd', 'bart'"
"live","logistic.kT0","method:fitted.bart","fitted","zzz-bad-type","test","","refused","type must be in 'ev', 'ppd', 'bart'"
"live","logistic.kT0","method:fitted.bart","fitted","zzz-bad-type","zzz-bad-sample","","refused","type must be in 'ev', 'ppd', 'bart'"
"live","logistic.kT0","method:residuals.bart","residuals","ev","","","accepted","numeric len40"
"live","logistic.kT0","method:residuals.bart","residuals","zzz-bad-type","","","refused","type must be in 'ev', 'ppd', 'bart'"
"live","logistic.kT0","method:summary.bart","summary","","","","accepted","summary.bart len3"
"live","logistic.kT0","method:print.bart","print","","","","accepted","bart len11"
"live","logistic.kT0","method:plot.bart","plot","","","","accepted","NULL"
"live","logistic.kT0","method:plotTree.bart","plotTree","","","","refused","plotTree requires the trees to be kept: fit with keeptrees/keepTrees = TRUE"
"live","logistic.kT0","method:survivalProbabilities.bart","survivalProbabilities","","","TRUE","refused","survivalProbabilities requires an aft (survival) fit"
"live","logistic.kT0","method:survivalProbabilities.bart","survivalProbabilities","","","FALSE","refused","survivalProbabilities requires an aft (survival) fit"
"live","logistic.kT0","method:as_draws_array.bart","as_draws_array","","","","accepted","draws_array/draws/array 6x1x1 dn=[{1,2,3,...},{1},{k}]"
"live","logistic.kT0","method:as_draws_df.bart","as_draws_df","","","","accepted","draws_df/draws/tbl_df/tbl/data.frame 6x4 dn=[{1,2,3,...},{k,.chain,.iteration,...}]"
"live","aft.base","build","","","","","built","class=bart"
"live","aft.base","fields","documented-present","","","","info","call;yhat.train;yhat.test;yhat.train.mean;yhat.test.mean;sigma;first.sigma;varcount;sigest;resid.dist;y;fit;family"
"live","aft.base","fields","documented-absent","","","","info","n.chains"
"live","aft.base","fields","all-names","","","","info","call;family;resid.dist;first.sigma;sigma;sigest;yhat.train;yhat.train.mean;yhat.test;yhat.test.mean;s.train;s.test;varcount;y;status;fit"
"live","aft.base","method:predict.bart","predict","ev","","TRUE","accepted","matrix/array 6x12"
"live","aft.base","method:predict.bart","predict","ev","","FALSE","accepted","matrix/array 6x12"
"live","aft.base","method:predict.bart","predict","ppd","","TRUE","accepted","matrix/array 6x12"
"live","aft.base","method:predict.bart","predict","ppd","","FALSE","accepted","matrix/array 6x12"
"live","aft.base","method:predict.bart","predict","bart","","TRUE","accepted","matrix/array 6x12"
"live","aft.base","method:predict.bart","predict","bart","","FALSE","accepted","matrix/array 6x12"
"live","aft.base","method:predict.bart","predict","forest","","TRUE","refused","type = ""forest"" is only available on a fit with per-forest reporting (an amplitude-coupled multi-forest fit); this fit has none"
"live","aft.base","method:predict.bart","predict","forest","","FALSE","refused","type = ""forest"" is only available on a fit with per-forest reporting (an amplitude-coupled multi-forest fit); this fit has none"
"live","aft.base","method:predict.bart","predict","zzz-bad-type","","TRUE","refused","type must be in 'ev', 'ppd', 'bart', 'forest'"
"live","aft.base","method:predict.bart","predict","zzz-bad-type","","FALSE","refused","type must be in 'ev', 'ppd', 'bart', 'forest'"
"live","aft.base","method:extract.bart","extract","ev","train","TRUE","accepted","matrix/array 6x40"
"live","aft.base","method:extract.bart","extract","ev","train","FALSE","accepted","matrix/array 6x40"
"live","aft.base","method:extract.bart","extract","ev","test","TRUE","accepted","matrix/array 6x12"
"live","aft.base","method:extract.bart","extract","ev","test","FALSE","accepted","matrix/array 6x12"
"live","aft.base","method:extract.bart","extract","ev","zzz-bad-sample","TRUE","refused","sample must be in 'train', 'test'"
"live","aft.base","method:extract.bart","extract","ev","zzz-bad-sample","FALSE","refused","sample must be in 'train', 'test'"
"live","aft.base","method:extract.bart","extract","ppd","train","TRUE","accepted","matrix/array 6x40"
"live","aft.base","method:extract.bart","extract","ppd","train","FALSE","accepted","matrix/array 6x40"
"live","aft.base","method:extract.bart","extract","ppd","test","TRUE","accepted","matrix/array 6x12"
"live","aft.base","method:extract.bart","extract","ppd","test","FALSE","accepted","matrix/array 6x12"
"live","aft.base","method:extract.bart","extract","ppd","zzz-bad-sample","TRUE","refused","sample must be in 'train', 'test'"
"live","aft.base","method:extract.bart","extract","ppd","zzz-bad-sample","FALSE","refused","sample must be in 'train', 'test'"
"live","aft.base","method:extract.bart","extract","bart","train","TRUE","accepted","matrix/array 6x40"
"live","aft.base","method:extract.bart","extract","bart","train","FALSE","accepted","matrix/array 6x40"
"live","aft.base","method:extract.bart","extract","bart","test","TRUE","accepted","matrix/array 6x12"
"live","aft.base","method:extract.bart","extract","bart","test","FALSE","accepted","matrix/array 6x12"
"live","aft.base","method:extract.bart","extract","bart","zzz-bad-sample","TRUE","refused","sample must be in 'train', 'test'"
"live","aft.base","method:extract.bart","extract","bart","zzz-bad-sample","FALSE","refused","sample must be in 'train', 'test'"
"live","aft.base","method:extract.bart","extract","loglik","train","TRUE","accepted","matrix/array 6x40"
"live","aft.base","method:extract.bart","extract","loglik","train","FALSE","accepted","matrix/array 6x40"
"live","aft.base","method:extract.bart","extract","loglik","test","TRUE","refused","cannot extract a test sample log-likelihood; no test response exists"
"live","aft.base","method:extract.bart","extract","loglik","test","FALSE","refused","cannot extract a test sample log-likelihood; no test response exists"
"live","aft.base","method:extract.bart","extract","loglik","zzz-bad-sample","TRUE","refused","sample must be in 'train', 'test'"
"live","aft.base","method:extract.bart","extract","loglik","zzz-bad-sample","FALSE","refused","sample must be in 'train', 'test'"
"live","aft.base","method:extract.bart","extract","trees","train","TRUE","error-without-reason","unused argument (combineChains = TRUE)"
"live","aft.base","method:extract.bart","extract","trees","train","FALSE","error-without-reason","unused argument (combineChains = FALSE)"
"live","aft.base","method:extract.bart","extract","trees","test","TRUE","error-without-reason","unused argument (combineChains = TRUE)"
"live","aft.base","method:extract.bart","extract","trees","test","FALSE","error-without-reason","unused argument (combineChains = FALSE)"
"live","aft.base","method:extract.bart","extract","trees","zzz-bad-sample","TRUE","error-without-reason","unused argument (combineChains = TRUE)"
"live","aft.base","method:extract.bart","extract","trees","zzz-bad-sample","FALSE","error-without-reason","unused argument (combineChains = FALSE)"
"live","aft.base","method:extract.bart","extract","forest","train","TRUE","refused","type = ""forest"" is only available on a fit with per-forest reporting (an amplitude-coupled multi-forest fit); this fit has none"
"live","aft.base","method:extract.bart","extract","forest","train","FALSE","refused","type = ""forest"" is only available on a fit with per-forest reporting (an amplitude-coupled multi-forest fit); this fit has none"
"live","aft.base","method:extract.bart","extract","forest","test","TRUE","refused","type = ""forest"" is only available on a fit with per-forest reporting (an amplitude-coupled multi-forest fit); this fit has none"
"live","aft.base","method:extract.bart","extract","forest","test","FALSE","refused","type = ""forest"" is only available on a fit with per-forest reporting (an amplitude-coupled multi-forest fit); this fit has none"
"live","aft.base","method:extract.bart","extract","forest","zzz-bad-sample","TRUE","refused","sample must be in 'train', 'test'"
"live","aft.base","method:extract.bart","extract","forest","zzz-bad-sample","FALSE","refused","sample must be in 'train', 'test'"
"live","aft.base","method:extract.bart","extract","zzz-bad-type","train","TRUE","refused","type must be in 'ev', 'ppd', 'bart', 'loglik', 'trees', 'forest'"
"live","aft.base","method:extract.bart","extract","zzz-bad-type","train","FALSE","refused","type must be in 'ev', 'ppd', 'bart', 'loglik', 'trees', 'forest'"
"live","aft.base","method:extract.bart","extract","zzz-bad-type","test","TRUE","refused","type must be in 'ev', 'ppd', 'bart', 'loglik', 'trees', 'forest'"
"live","aft.base","method:extract.bart","extract","zzz-bad-type","test","FALSE","refused","type must be in 'ev', 'ppd', 'bart', 'loglik', 'trees', 'forest'"
"live","aft.base","method:extract.bart","extract","zzz-bad-type","zzz-bad-sample","TRUE","refused","type must be in 'ev', 'ppd', 'bart', 'loglik', 'trees', 'forest'"
"live","aft.base","method:extract.bart","extract","zzz-bad-type","zzz-bad-sample","FALSE","refused","type must be in 'ev', 'ppd', 'bart', 'loglik', 'trees', 'forest'"
"live","aft.base","method:fitted.bart","fitted","ev","train","","accepted","numeric len40"
"live","aft.base","method:fitted.bart","fitted","ev","test","","accepted","numeric len12"
"live","aft.base","method:fitted.bart","fitted","ev","zzz-bad-sample","","refused","sample must be in 'train', 'test'"
"live","aft.base","method:fitted.bart","fitted","ppd","train","","accepted","numeric len40"
"live","aft.base","method:fitted.bart","fitted","ppd","test","","accepted","numeric len12"
"live","aft.base","method:fitted.bart","fitted","ppd","zzz-bad-sample","","refused","sample must be in 'train', 'test'"
"live","aft.base","method:fitted.bart","fitted","bart","train","","accepted","numeric len40"
"live","aft.base","method:fitted.bart","fitted","bart","test","","accepted","numeric len12"
"live","aft.base","method:fitted.bart","fitted","bart","zzz-bad-sample","","refused","sample must be in 'train', 'test'"
"live","aft.base","method:fitted.bart","fitted","zzz-bad-type","train","","refused","type must be in 'ev', 'ppd', 'bart'"
"live","aft.base","method:fitted.bart","fitted","zzz-bad-type","test","","refused","type must be in 'ev', 'ppd', 'bart'"
"live","aft.base","method:fitted.bart","fitted","zzz-bad-type","zzz-bad-sample","","refused","type must be in 'ev', 'ppd', 'bart'"
"live","aft.base","method:residuals.bart","residuals","ev","","","accepted","numeric len40"
"live","aft.base","method:residuals.bart","residuals","zzz-bad-type","","","refused","type must be in 'ev', 'ppd', 'bart'"
"live","aft.base","method:summary.bart","summary","","","","accepted","summary.bart len3"
"live","aft.base","method:print.bart","print","","","","accepted","bart len16"
"live","aft.base","method:plot.bart","plot","","","","accepted","NULL"
"live","aft.base","method:plotTree.bart","plotTree","","","","accepted","NULL"
"live","aft.base","method:survivalProbabilities.bart","survivalProbabilities","","","TRUE","accepted","array 6x3x12"
"live","aft.base","method:survivalProbabilities.bart","survivalProbabilities","","","FALSE","accepted","array 6x3x12"
"live","aft.base","method:as_draws_array.bart","as_draws_array","","","","accepted","draws_array/draws/array 6x1x1 dn=[{1,2,3,...},{1},{sigma}]"
"live","aft.base","method:as_draws_df.bart","as_draws_df","","","","accepted","draws_df/draws/tbl_df/tbl/data.frame 6x4 dn=[{1,2,3,...},{sigma,.chain,.iteration,...}]"
"live","aft.kT0","build","","","","","built","class=bart"
"live","aft.kT0","fields","documented-present","","","","info","call;yhat.train;yhat.test;yhat.train.mean;yhat.test.mean;sigma;first.sigma;varcount;sigest;resid.dist;y;n.chains;family"
"live","aft.kT0","fields","documented-absent","","","","info","fit"
"live","aft.kT0","fields","all-names","","","","info","call;family;resid.dist;first.sigma;sigma;sigest;yhat.train;yhat.train.mean;yhat.test;yhat.test.mean;s.train;s.test;varcount;y;status;n.chains"
"live","aft.kT0","method:predict.bart","predict","ev","","TRUE","refused","predict requires bart to be called with 'keeptrees' == TRUE"
"live","aft.kT0","method:predict.bart","predict","ev","","FALSE","refused","predict requires bart to be called with 'keeptrees' == TRUE"
"live","aft.kT0","method:predict.bart","predict","ppd","","TRUE","refused","predict requires bart to be called with 'keeptrees' == TRUE"
"live","aft.kT0","method:predict.bart","predict","ppd","","FALSE","refused","predict requires bart to be called with 'keeptrees' == TRUE"
"live","aft.kT0","method:predict.bart","predict","bart","","TRUE","refused","predict requires bart to be called with 'keeptrees' == TRUE"
"live","aft.kT0","method:predict.bart","predict","bart","","FALSE","refused","predict requires bart to be called with 'keeptrees' == TRUE"
"live","aft.kT0","method:predict.bart","predict","forest","","TRUE","refused","predict requires bart to be called with 'keeptrees' == TRUE"
"live","aft.kT0","method:predict.bart","predict","forest","","FALSE","refused","predict requires bart to be called with 'keeptrees' == TRUE"
"live","aft.kT0","method:predict.bart","predict","zzz-bad-type","","TRUE","refused","predict requires bart to be called with 'keeptrees' == TRUE"
"live","aft.kT0","method:predict.bart","predict","zzz-bad-type","","FALSE","refused","predict requires bart to be called with 'keeptrees' == TRUE"
"live","aft.kT0","method:extract.bart","extract","ev","train","TRUE","accepted","matrix/array 6x40"
"live","aft.kT0","method:extract.bart","extract","ev","train","FALSE","accepted","matrix/array 6x40"
"live","aft.kT0","method:extract.bart","extract","ev","test","TRUE","accepted","matrix/array 6x12"
"live","aft.kT0","method:extract.bart","extract","ev","test","FALSE","accepted","matrix/array 6x12"
"live","aft.kT0","method:extract.bart","extract","ev","zzz-bad-sample","TRUE","refused","sample must be in 'train', 'test'"
"live","aft.kT0","method:extract.bart","extract","ev","zzz-bad-sample","FALSE","refused","sample must be in 'train', 'test'"
"live","aft.kT0","method:extract.bart","extract","ppd","train","TRUE","accepted","matrix/array 6x40"
"live","aft.kT0","method:extract.bart","extract","ppd","train","FALSE","accepted","matrix/array 6x40"
"live","aft.kT0","method:extract.bart","extract","ppd","test","TRUE","accepted","matrix/array 6x12"
"live","aft.kT0","method:extract.bart","extract","ppd","test","FALSE","accepted","matrix/array 6x12"
"live","aft.kT0","method:extract.bart","extract","ppd","zzz-bad-sample","TRUE","refused","sample must be in 'train', 'test'"
"live","aft.kT0","method:extract.bart","extract","ppd","zzz-bad-sample","FALSE","refused","sample must be in 'train', 'test'"
"live","aft.kT0","method:extract.bart","extract","bart","train","TRUE","accepted","matrix/array 6x40"
"live","aft.kT0","method:extract.bart","extract","bart","train","FALSE","accepted","matrix/array 6x40"
"live","aft.kT0","method:extract.bart","extract","bart","test","TRUE","accepted","matrix/array 6x12"
"live","aft.kT0","method:extract.bart","extract","bart","test","FALSE","accepted","matrix/array 6x12"
"live","aft.kT0","method:extract.bart","extract","bart","zzz-bad-sample","TRUE","refused","sample must be in 'train', 'test'"
"live","aft.kT0","method:extract.bart","extract","bart","zzz-bad-sample","FALSE","refused","sample must be in 'train', 'test'"
"live","aft.kT0","method:extract.bart","extract","loglik","train","TRUE","accepted","matrix/array 6x40"
"live","aft.kT0","method:extract.bart","extract","loglik","train","FALSE","accepted","matrix/array 6x40"
"live","aft.kT0","method:extract.bart","extract","loglik","test","TRUE","refused","cannot extract a test sample log-likelihood; no test response exists"
"live","aft.kT0","method:extract.bart","extract","loglik","test","FALSE","refused","cannot extract a test sample log-likelihood; no test response exists"
"live","aft.kT0","method:extract.bart","extract","loglik","zzz-bad-sample","TRUE","refused","sample must be in 'train', 'test'"
"live","aft.kT0","method:extract.bart","extract","loglik","zzz-bad-sample","FALSE","refused","sample must be in 'train', 'test'"
"live","aft.kT0","method:extract.bart","extract","trees","train","TRUE","refused","extracting trees requires bart to be called with 'keeptrees' == TRUE"
"live","aft.kT0","method:extract.bart","extract","trees","train","FALSE","refused","extracting trees requires bart to be called with 'keeptrees' == TRUE"
"live","aft.kT0","method:extract.bart","extract","trees","test","TRUE","refused","extracting trees requires bart to be called with 'keeptrees' == TRUE"
"live","aft.kT0","method:extract.bart","extract","trees","test","FALSE","refused","extracting trees requires bart to be called with 'keeptrees' == TRUE"
"live","aft.kT0","method:extract.bart","extract","trees","zzz-bad-sample","TRUE","refused","extracting trees requires bart to be called with 'keeptrees' == TRUE"
"live","aft.kT0","method:extract.bart","extract","trees","zzz-bad-sample","FALSE","refused","extracting trees requires bart to be called with 'keeptrees' == TRUE"
"live","aft.kT0","method:extract.bart","extract","forest","train","TRUE","refused","type = ""forest"" is only available on a fit with per-forest reporting (an amplitude-coupled multi-forest fit); this fit has none"
"live","aft.kT0","method:extract.bart","extract","forest","train","FALSE","refused","type = ""forest"" is only available on a fit with per-forest reporting (an amplitude-coupled multi-forest fit); this fit has none"
"live","aft.kT0","method:extract.bart","extract","forest","test","TRUE","refused","type = ""forest"" is only available on a fit with per-forest reporting (an amplitude-coupled multi-forest fit); this fit has none"
"live","aft.kT0","method:extract.bart","extract","forest","test","FALSE","refused","type = ""forest"" is only available on a fit with per-forest reporting (an amplitude-coupled multi-forest fit); this fit has none"
"live","aft.kT0","method:extract.bart","extract","forest","zzz-bad-sample","TRUE","refused","sample must be in 'train', 'test'"
"live","aft.kT0","method:extract.bart","extract","forest","zzz-bad-sample","FALSE","refused","sample must be in 'train', 'test'"
"live","aft.kT0","method:extract.bart","extract","zzz-bad-type","train","TRUE","refused","type must be in 'ev', 'ppd', 'bart', 'loglik', 'trees', 'forest'"
"live","aft.kT0","method:extract.bart","extract","zzz-bad-type","train","FALSE","refused","type must be in 'ev', 'ppd', 'bart', 'loglik', 'trees', 'forest'"
"live","aft.kT0","method:extract.bart","extract","zzz-bad-type","test","TRUE","refused","type must be in 'ev', 'ppd', 'bart', 'loglik', 'trees', 'forest'"
"live","aft.kT0","method:extract.bart","extract","zzz-bad-type","test","FALSE","refused","type must be in 'ev', 'ppd', 'bart', 'loglik', 'trees', 'forest'"
"live","aft.kT0","method:extract.bart","extract","zzz-bad-type","zzz-bad-sample","TRUE","refused","type must be in 'ev', 'ppd', 'bart', 'loglik', 'trees', 'forest'"
"live","aft.kT0","method:extract.bart","extract","zzz-bad-type","zzz-bad-sample","FALSE","refused","type must be in 'ev', 'ppd', 'bart', 'loglik', 'trees', 'forest'"
"live","aft.kT0","method:fitted.bart","fitted","ev","train","","accepted","numeric len40"
"live","aft.kT0","method:fitted.bart","fitted","ev","test","","accepted","numeric len12"
"live","aft.kT0","method:fitted.bart","fitted","ev","zzz-bad-sample","","refused","sample must be in 'train', 'test'"
"live","aft.kT0","method:fitted.bart","fitted","ppd","train","","accepted","numeric len40"
"live","aft.kT0","method:fitted.bart","fitted","ppd","test","","accepted","numeric len12"
"live","aft.kT0","method:fitted.bart","fitted","ppd","zzz-bad-sample","","refused","sample must be in 'train', 'test'"
"live","aft.kT0","method:fitted.bart","fitted","bart","train","","accepted","numeric len40"
"live","aft.kT0","method:fitted.bart","fitted","bart","test","","accepted","numeric len12"
"live","aft.kT0","method:fitted.bart","fitted","bart","zzz-bad-sample","","refused","sample must be in 'train', 'test'"
"live","aft.kT0","method:fitted.bart","fitted","zzz-bad-type","train","","refused","type must be in 'ev', 'ppd', 'bart'"
"live","aft.kT0","method:fitted.bart","fitted","zzz-bad-type","test","","refused","type must be in 'ev', 'ppd', 'bart'"
"live","aft.kT0","method:fitted.bart","fitted","zzz-bad-type","zzz-bad-sample","","refused","type must be in 'ev', 'ppd', 'bart'"
"live","aft.kT0","method:residuals.bart","residuals","ev","","","accepted","numeric len40"
"live","aft.kT0","method:residuals.bart","residuals","zzz-bad-type","","","refused","type must be in 'ev', 'ppd', 'bart'"
"live","aft.kT0","method:summary.bart","summary","","","","accepted","summary.bart len3"
"live","aft.kT0","method:print.bart","print","","","","accepted","bart len16"
"live","aft.kT0","method:plot.bart","plot","","","","accepted","NULL"
"live","aft.kT0","method:plotTree.bart","plotTree","","","","refused","plotTree requires the trees to be kept: fit with keeptrees/keepTrees = TRUE"
"live","aft.kT0","method:survivalProbabilities.bart","survivalProbabilities","","","TRUE","refused","predict requires bart to be called with 'keeptrees' == TRUE"
"live","aft.kT0","method:survivalProbabilities.bart","survivalProbabilities","","","FALSE","refused","predict requires bart to be called with 'keeptrees' == TRUE"
"live","aft.kT0","method:as_draws_array.bart","as_draws_array","","","","accepted","draws_array/draws/array 6x1x1 dn=[{1,2,3,...},{1},{sigma}]"
"live","aft.kT0","method:as_draws_df.bart","as_draws_df","","","","accepted","draws_df/draws/tbl_df/tbl/data.frame 6x4 dn=[{1,2,3,...},{sigma,.chain,.iteration,...}]"
"live","hazard.base","build","","","","","built","class=bart"
"live","hazard.base","fields","documented-present","","","","info","call;yhat.train;varcount;resid.dist;y;fit;family"
"live","hazard.base","fields","documented-absent","","","","info","yhat.test;yhat.train.mean;yhat.test.mean;sigma;first.sigma;sigest;n.chains"
"live","hazard.base","fields","all-names","","","","info","call;family;resid.dist;yhat.train;yhat.test;varcount;binaryOffset;y;periods;fit;k;first.k"
"live","hazard.base","method:predict.bart","predict","ev","","TRUE","refused","number of columns in 'test' must be equal to that of 'x'"
"live","hazard.base","method:predict.bart","predict","ev","","FALSE","refused","number of columns in 'test' must be equal to that of 'x'"
"live","hazard.base","method:predict.bart","predict","ppd","","TRUE","refused","number of columns in 'test' must be equal to that of 'x'"
"live","hazard.base","method:predict.bart","predict","ppd","","FALSE","refused","number of columns in 'test' must be equal to that of 'x'"
"live","hazard.base","method:predict.bart","predict","bart","","TRUE","refused","number of columns in 'test' must be equal to that of 'x'"
"live","hazard.base","method:predict.bart","predict","bart","","FALSE","refused","number of columns in 'test' must be equal to that of 'x'"
"live","hazard.base","method:predict.bart","predict","forest","","TRUE","refused","type = ""forest"" is only available on a fit with per-forest reporting (an amplitude-coupled multi-forest fit); this fit has none"
"live","hazard.base","method:predict.bart","predict","forest","","FALSE","refused","type = ""forest"" is only available on a fit with per-forest reporting (an amplitude-coupled multi-forest fit); this fit has none"
"live","hazard.base","method:predict.bart","predict","zzz-bad-type","","TRUE","refused","type must be in 'ev', 'ppd', 'bart', 'forest'"
"live","hazard.base","method:predict.bart","predict","zzz-bad-type","","FALSE","refused","type must be in 'ev', 'ppd', 'bart', 'forest'"
"live","hazard.base","method:extract.bart","extract","ev","train","TRUE","accepted","matrix/array 6x820"
"live","hazard.base","method:extract.bart","extract","ev","train","FALSE","accepted","matrix/array 6x820"
"live","hazard.base","method:extract.bart","extract","ev","test","TRUE","refused","cannot extract test sample predictions if no test data exists; use 'predict' instead"
"live","hazard.base","method:extract.bart","extract","ev","test","FALSE","refused","cannot extract test sample predictions if no test data exists; use 'predict' instead"
"live","hazard.base","method:extract.bart","extract","ev","zzz-bad-sample","TRUE","refused","sample must be in 'train', 'test'"
"live","hazard.base","method:extract.bart","extract","ev","zzz-bad-sample","FALSE","refused","sample must be in 'train', 'test'"
"live","hazard.base","method:extract.bart","extract","ppd","train","TRUE","accepted","matrix/array 6x820 dn=[NULL,NULL]"
"live","hazard.base","method:extract.bart","extract","ppd","train","FALSE","accepted","matrix/array 6x820 dn=[NULL,NULL]"
"live","hazard.base","method:extract.bart","extract","ppd","test","TRUE","refused","cannot extract test sample predictions if no test data exists; use 'predict' instead"
"live","hazard.base","method:extract.bart","extract","ppd","test","FALSE","refused","cannot extract test sample predictions if no test data exists; use 'predict' instead"
"live","hazard.base","method:extract.bart","extract","ppd","zzz-bad-sample","TRUE","refused","sample must be in 'train', 'test'"
"live","hazard.base","method:extract.bart","extract","ppd","zzz-bad-sample","FALSE","refused","sample must be in 'train', 'test'"
"live","hazard.base","method:extract.bart","extract","bart","train","TRUE","accepted","matrix/array 6x820"
"live","hazard.base","method:extract.bart","extract","bart","train","FALSE","accepted","matrix/array 6x820"
"live","hazard.base","method:extract.bart","extract","bart","test","TRUE","refused","cannot extract test sample predictions if no test data exists; use 'predict' instead"
"live","hazard.base","method:extract.bart","extract","bart","test","FALSE","refused","cannot extract test sample predictions if no test data exists; use 'predict' instead"
"live","hazard.base","method:extract.bart","extract","bart","zzz-bad-sample","TRUE","refused","sample must be in 'train', 'test'"
"live","hazard.base","method:extract.bart","extract","bart","zzz-bad-sample","FALSE","refused","sample must be in 'train', 'test'"
"live","hazard.base","method:extract.bart","extract","loglik","train","TRUE","accepted","matrix/array 6x820"
"live","hazard.base","method:extract.bart","extract","loglik","train","FALSE","accepted","matrix/array 6x820"
"live","hazard.base","method:extract.bart","extract","loglik","test","TRUE","refused","cannot extract a test sample log-likelihood; no test response exists"
"live","hazard.base","method:extract.bart","extract","loglik","test","FALSE","refused","cannot extract a test sample log-likelihood; no test response exists"
"live","hazard.base","method:extract.bart","extract","loglik","zzz-bad-sample","TRUE","refused","sample must be in 'train', 'test'"
"live","hazard.base","method:extract.bart","extract","loglik","zzz-bad-sample","FALSE","refused","sample must be in 'train', 'test'"
"live","hazard.base","method:extract.bart","extract","trees","train","TRUE","error-without-reason","unused argument (combineChains = TRUE)"
"live","hazard.base","method:extract.bart","extract","trees","train","FALSE","error-without-reason","unused argument (combineChains = FALSE)"
"live","hazard.base","method:extract.bart","extract","trees","test","TRUE","error-without-reason","unused argument (combineChains = TRUE)"
"live","hazard.base","method:extract.bart","extract","trees","test","FALSE","error-without-reason","unused argument (combineChains = FALSE)"
"live","hazard.base","method:extract.bart","extract","trees","zzz-bad-sample","TRUE","error-without-reason","unused argument (combineChains = TRUE)"
"live","hazard.base","method:extract.bart","extract","trees","zzz-bad-sample","FALSE","error-without-reason","unused argument (combineChains = FALSE)"
"live","hazard.base","method:extract.bart","extract","forest","train","TRUE","refused","type = ""forest"" is only available on a fit with per-forest reporting (an amplitude-coupled multi-forest fit); this fit has none"
"live","hazard.base","method:extract.bart","extract","forest","train","FALSE","refused","type = ""forest"" is only available on a fit with per-forest reporting (an amplitude-coupled multi-forest fit); this fit has none"
"live","hazard.base","method:extract.bart","extract","forest","test","TRUE","refused","type = ""forest"" is only available on a fit with per-forest reporting (an amplitude-coupled multi-forest fit); this fit has none"
"live","hazard.base","method:extract.bart","extract","forest","test","FALSE","refused","type = ""forest"" is only available on a fit with per-forest reporting (an amplitude-coupled multi-forest fit); this fit has none"
"live","hazard.base","method:extract.bart","extract","forest","zzz-bad-sample","TRUE","refused","sample must be in 'train', 'test'"
"live","hazard.base","method:extract.bart","extract","forest","zzz-bad-sample","FALSE","refused","sample must be in 'train', 'test'"
"live","hazard.base","method:extract.bart","extract","zzz-bad-type","train","TRUE","refused","type must be in 'ev', 'ppd', 'bart', 'loglik', 'trees', 'forest'"
"live","hazard.base","method:extract.bart","extract","zzz-bad-type","train","FALSE","refused","type must be in 'ev', 'ppd', 'bart', 'loglik', 'trees', 'forest'"
"live","hazard.base","method:extract.bart","extract","zzz-bad-type","test","TRUE","refused","type must be in 'ev', 'ppd', 'bart', 'loglik', 'trees', 'forest'"
"live","hazard.base","method:extract.bart","extract","zzz-bad-type","test","FALSE","refused","type must be in 'ev', 'ppd', 'bart', 'loglik', 'trees', 'forest'"
"live","hazard.base","method:extract.bart","extract","zzz-bad-type","zzz-bad-sample","TRUE","refused","type must be in 'ev', 'ppd', 'bart', 'loglik', 'trees', 'forest'"
"live","hazard.base","method:extract.bart","extract","zzz-bad-type","zzz-bad-sample","FALSE","refused","type must be in 'ev', 'ppd', 'bart', 'loglik', 'trees', 'forest'"
"live","hazard.base","method:fitted.bart","fitted","ev","train","","accepted","numeric len820"
"live","hazard.base","method:fitted.bart","fitted","ev","test","","refused","cannot extract test sample predictions if no test data exists; use 'predict' instead"
"live","hazard.base","method:fitted.bart","fitted","ev","zzz-bad-sample","","refused","sample must be in 'train', 'test'"
"live","hazard.base","method:fitted.bart","fitted","ppd","train","","accepted","numeric len820"
"live","hazard.base","method:fitted.bart","fitted","ppd","test","","refused","cannot extract test sample predictions if no test data exists; use 'predict' instead"
"live","hazard.base","method:fitted.bart","fitted","ppd","zzz-bad-sample","","refused","sample must be in 'train', 'test'"
"live","hazard.base","method:fitted.bart","fitted","bart","train","","accepted","numeric len820"
"live","hazard.base","method:fitted.bart","fitted","bart","test","","refused","cannot extract test sample predictions if no test data exists; use 'predict' instead"
"live","hazard.base","method:fitted.bart","fitted","bart","zzz-bad-sample","","refused","sample must be in 'train', 'test'"
"live","hazard.base","method:fitted.bart","fitted","zzz-bad-type","train","","refused","type must be in 'ev', 'ppd', 'bart'"
"live","hazard.base","method:fitted.bart","fitted","zzz-bad-type","test","","refused","type must be in 'ev', 'ppd', 'bart'"
"live","hazard.base","method:fitted.bart","fitted","zzz-bad-type","zzz-bad-sample","","refused","type must be in 'ev', 'ppd', 'bart'"
"live","hazard.base","method:residuals.bart","residuals","ev","","","accepted","numeric len820"
"live","hazard.base","method:residuals.bart","residuals","zzz-bad-type","","","refused","type must be in 'ev', 'ppd', 'bart'"
"live","hazard.base","method:summary.bart","summary","","","","accepted","summary.bart len3"
"live","hazard.base","method:print.bart","print","","","","accepted","bart len12"
"live","hazard.base","method:plot.bart","plot","","","","accepted","NULL"
"live","hazard.base","method:plotTree.bart","plotTree","","","","accepted","NULL"
"live","hazard.base","method:survivalProbabilities.bart","survivalProbabilities","","","TRUE","refused","column names of 'test' do not match those of 'x': 'period' present in 'x' but not in 'test' (whose columns are 'x1, x2, x3, ')"
"live","hazard.base","method:survivalProbabilities.bart","survivalProbabilities","","","FALSE","refused","column names of 'test' do not match those of 'x': 'period' present in 'x' but not in 'test' (whose columns are 'x1, x2, x3, ')"
"live","hazard.base","method:as_draws_array.bart","as_draws_array","","","","accepted","draws_array/draws/array 6x1x1 dn=[{1,2,3,...},{1},{k}]"
"live","hazard.base","method:as_draws_df.bart","as_draws_df","","","","accepted","draws_df/draws/tbl_df/tbl/data.frame 6x4 dn=[{1,2,3,...},{k,.chain,.iteration,...}]"
"live","hazard.kT0","build","","","","","built","class=bart"
"live","hazard.kT0","fields","documented-present","","","","info","call;yhat.train;varcount;resid.dist;y;n.chains;family"
"live","hazard.kT0","fields","documented-absent","","","","info","yhat.test;yhat.train.mean;yhat.test.mean;sigma;first.sigma;sigest;fit"
"live","hazard.kT0","fields","all-names","","","","info","call;family;resid.dist;yhat.train;yhat.test;varcount;binaryOffset;y;periods;n.chains;k;first.k"
"live","hazard.kT0","method:predict.bart","predict","ev","","TRUE","refused","predict requires bart to be called with 'keeptrees' == TRUE"
"live","hazard.kT0","method:predict.bart","predict","ev","","FALSE","refused","predict requires bart to be called with 'keeptrees' == TRUE"
"live","hazard.kT0","method:predict.bart","predict","ppd","","TRUE","refused","predict requires bart to be called with 'keeptrees' == TRUE"
"live","hazard.kT0","method:predict.bart","predict","ppd","","FALSE","refused","predict requires bart to be called with 'keeptrees' == TRUE"
"live","hazard.kT0","method:predict.bart","predict","bart","","TRUE","refused","predict requires bart to be called with 'keeptrees' == TRUE"
"live","hazard.kT0","method:predict.bart","predict","bart","","FALSE","refused","predict requires bart to be called with 'keeptrees' == TRUE"
"live","hazard.kT0","method:predict.bart","predict","forest","","TRUE","refused","predict requires bart to be called with 'keeptrees' == TRUE"
"live","hazard.kT0","method:predict.bart","predict","forest","","FALSE","refused","predict requires bart to be called with 'keeptrees' == TRUE"
"live","hazard.kT0","method:predict.bart","predict","zzz-bad-type","","TRUE","refused","predict requires bart to be called with 'keeptrees' == TRUE"
"live","hazard.kT0","method:predict.bart","predict","zzz-bad-type","","FALSE","refused","predict requires bart to be called with 'keeptrees' == TRUE"
"live","hazard.kT0","method:extract.bart","extract","ev","train","TRUE","accepted","matrix/array 6x820"
"live","hazard.kT0","method:extract.bart","extract","ev","train","FALSE","accepted","matrix/array 6x820"
"live","hazard.kT0","method:extract.bart","extract","ev","test","TRUE","refused","cannot extract test sample predictions if no test data exists; use 'predict' instead"
"live","hazard.kT0","method:extract.bart","extract","ev","test","FALSE","refused","cannot extract test sample predictions if no test data exists; use 'predict' instead"
"live","hazard.kT0","method:extract.bart","extract","ev","zzz-bad-sample","TRUE","refused","sample must be in 'train', 'test'"
"live","hazard.kT0","method:extract.bart","extract","ev","zzz-bad-sample","FALSE","refused","sample must be in 'train', 'test'"
"live","hazard.kT0","method:extract.bart","extract","ppd","train","TRUE","accepted","matrix/array 6x820 dn=[NULL,NULL]"
"live","hazard.kT0","method:extract.bart","extract","ppd","train","FALSE","accepted","matrix/array 6x820 dn=[NULL,NULL]"
"live","hazard.kT0","method:extract.bart","extract","ppd","test","TRUE","refused","cannot extract test sample predictions if no test data exists; use 'predict' instead"
"live","hazard.kT0","method:extract.bart","extract","ppd","test","FALSE","refused","cannot extract test sample predictions if no test data exists; use 'predict' instead"
"live","hazard.kT0","method:extract.bart","extract","ppd","zzz-bad-sample","TRUE","refused","sample must be in 'train', 'test'"
"live","hazard.kT0","method:extract.bart","extract","ppd","zzz-bad-sample","FALSE","refused","sample must be in 'train', 'test'"
"live","hazard.kT0","method:extract.bart","extract","bart","train","TRUE","accepted","matrix/array 6x820"
"live","hazard.kT0","method:extract.bart","extract","bart","train","FALSE","accepted","matrix/array 6x820"
"live","hazard.kT0","method:extract.bart","extract","bart","test","TRUE","refused","cannot extract test sample predictions if no test data exists; use 'predict' instead"
"live","hazard.kT0","method:extract.bart","extract","bart","test","FALSE","refused","cannot extract test sample predictions if no test data exists; use 'predict' instead"
"live","hazard.kT0","method:extract.bart","extract","bart","zzz-bad-sample","TRUE","refused","sample must be in 'train', 'test'"
"live","hazard.kT0","method:extract.bart","extract","bart","zzz-bad-sample","FALSE","refused","sample must be in 'train', 'test'"
"live","hazard.kT0","method:extract.bart","extract","loglik","train","TRUE","accepted","matrix/array 6x820"
"live","hazard.kT0","method:extract.bart","extract","loglik","train","FALSE","accepted","matrix/array 6x820"
"live","hazard.kT0","method:extract.bart","extract","loglik","test","TRUE","refused","cannot extract a test sample log-likelihood; no test response exists"
"live","hazard.kT0","method:extract.bart","extract","loglik","test","FALSE","refused","cannot extract a test sample log-likelihood; no test response exists"
"live","hazard.kT0","method:extract.bart","extract","loglik","zzz-bad-sample","TRUE","refused","sample must be in 'train', 'test'"
"live","hazard.kT0","method:extract.bart","extract","loglik","zzz-bad-sample","FALSE","refused","sample must be in 'train', 'test'"
"live","hazard.kT0","method:extract.bart","extract","trees","train","TRUE","refused","extracting trees requires bart to be called with 'keeptrees' == TRUE"
"live","hazard.kT0","method:extract.bart","extract","trees","train","FALSE","refused","extracting trees requires bart to be called with 'keeptrees' == TRUE"
"live","hazard.kT0","method:extract.bart","extract","trees","test","TRUE","refused","extracting trees requires bart to be called with 'keeptrees' == TRUE"
"live","hazard.kT0","method:extract.bart","extract","trees","test","FALSE","refused","extracting trees requires bart to be called with 'keeptrees' == TRUE"
"live","hazard.kT0","method:extract.bart","extract","trees","zzz-bad-sample","TRUE","refused","extracting trees requires bart to be called with 'keeptrees' == TRUE"
"live","hazard.kT0","method:extract.bart","extract","trees","zzz-bad-sample","FALSE","refused","extracting trees requires bart to be called with 'keeptrees' == TRUE"
"live","hazard.kT0","method:extract.bart","extract","forest","train","TRUE","refused","type = ""forest"" is only available on a fit with per-forest reporting (an amplitude-coupled multi-forest fit); this fit has none"
"live","hazard.kT0","method:extract.bart","extract","forest","train","FALSE","refused","type = ""forest"" is only available on a fit with per-forest reporting (an amplitude-coupled multi-forest fit); this fit has none"
"live","hazard.kT0","method:extract.bart","extract","forest","test","TRUE","refused","type = ""forest"" is only available on a fit with per-forest reporting (an amplitude-coupled multi-forest fit); this fit has none"
"live","hazard.kT0","method:extract.bart","extract","forest","test","FALSE","refused","type = ""forest"" is only available on a fit with per-forest reporting (an amplitude-coupled multi-forest fit); this fit has none"
"live","hazard.kT0","method:extract.bart","extract","forest","zzz-bad-sample","TRUE","refused","sample must be in 'train', 'test'"
"live","hazard.kT0","method:extract.bart","extract","forest","zzz-bad-sample","FALSE","refused","sample must be in 'train', 'test'"
"live","hazard.kT0","method:extract.bart","extract","zzz-bad-type","train","TRUE","refused","type must be in 'ev', 'ppd', 'bart', 'loglik', 'trees', 'forest'"
"live","hazard.kT0","method:extract.bart","extract","zzz-bad-type","train","FALSE","refused","type must be in 'ev', 'ppd', 'bart', 'loglik', 'trees', 'forest'"
"live","hazard.kT0","method:extract.bart","extract","zzz-bad-type","test","TRUE","refused","type must be in 'ev', 'ppd', 'bart', 'loglik', 'trees', 'forest'"
"live","hazard.kT0","method:extract.bart","extract","zzz-bad-type","test","FALSE","refused","type must be in 'ev', 'ppd', 'bart', 'loglik', 'trees', 'forest'"
"live","hazard.kT0","method:extract.bart","extract","zzz-bad-type","zzz-bad-sample","TRUE","refused","type must be in 'ev', 'ppd', 'bart', 'loglik', 'trees', 'forest'"
"live","hazard.kT0","method:extract.bart","extract","zzz-bad-type","zzz-bad-sample","FALSE","refused","type must be in 'ev', 'ppd', 'bart', 'loglik', 'trees', 'forest'"
"live","hazard.kT0","method:fitted.bart","fitted","ev","train","","accepted","numeric len820"
"live","hazard.kT0","method:fitted.bart","fitted","ev","test","","refused","cannot extract test sample predictions if no test data exists; use 'predict' instead"
"live","hazard.kT0","method:fitted.bart","fitted","ev","zzz-bad-sample","","refused","sample must be in 'train', 'test'"
"live","hazard.kT0","method:fitted.bart","fitted","ppd","train","","accepted","numeric len820"
"live","hazard.kT0","method:fitted.bart","fitted","ppd","test","","refused","cannot extract test sample predictions if no test data exists; use 'predict' instead"
"live","hazard.kT0","method:fitted.bart","fitted","ppd","zzz-bad-sample","","refused","sample must be in 'train', 'test'"
"live","hazard.kT0","method:fitted.bart","fitted","bart","train","","accepted","numeric len820"
"live","hazard.kT0","method:fitted.bart","fitted","bart","test","","refused","cannot extract test sample predictions if no test data exists; use 'predict' instead"
"live","hazard.kT0","method:fitted.bart","fitted","bart","zzz-bad-sample","","refused","sample must be in 'train', 'test'"
"live","hazard.kT0","method:fitted.bart","fitted","zzz-bad-type","train","","refused","type must be in 'ev', 'ppd', 'bart'"
"live","hazard.kT0","method:fitted.bart","fitted","zzz-bad-type","test","","refused","type must be in 'ev', 'ppd', 'bart'"
"live","hazard.kT0","method:fitted.bart","fitted","zzz-bad-type","zzz-bad-sample","","refused","type must be in 'ev', 'ppd', 'bart'"
"live","hazard.kT0","method:residuals.bart","residuals","ev","","","accepted","numeric len820"
"live","hazard.kT0","method:residuals.bart","residuals","zzz-bad-type","","","refused","type must be in 'ev', 'ppd', 'bart'"
"live","hazard.kT0","method:summary.bart","summary","","","","accepted","summary.bart len3"
"live","hazard.kT0","method:print.bart","print","","","","accepted","bart len12"
"live","hazard.kT0","method:plot.bart","plot","","","","accepted","NULL"
"live","hazard.kT0","method:plotTree.bart","plotTree","","","","refused","plotTree requires the trees to be kept: fit with keeptrees/keepTrees = TRUE"
"live","hazard.kT0","method:survivalProbabilities.bart","survivalProbabilities","","","TRUE","refused","survivalProbabilities on a discrete-time hazard fit requires the trees; refit with keepTrees = TRUE"
"live","hazard.kT0","method:survivalProbabilities.bart","survivalProbabilities","","","FALSE","refused","survivalProbabilities on a discrete-time hazard fit requires the trees; refit with keepTrees = TRUE"
"live","hazard.kT0","method:as_draws_array.bart","as_draws_array","","","","accepted","draws_array/draws/array 6x1x1 dn=[{1,2,3,...},{1},{k}]"
"live","hazard.kT0","method:as_draws_df.bart","as_draws_df","","","","accepted","draws_df/draws/tbl_df/tbl/data.frame 6x4 dn=[{1,2,3,...},{k,.chain,.iteration,...}]"
"live","hetero.base","build","","","","","built","class=bart"
"live","hetero.base","fields","documented-present","","","","info","call;yhat.train;yhat.test;yhat.train.mean;yhat.test.mean;sigma;first.sigma;varcount;sigest;resid.dist;y;fit;family"
"live","hetero.base","fields","documented-absent","","","","info","n.chains"
"live","hetero.base","fields","all-names","","","","info","call;family;resid.dist;first.sigma;sigma;sigest;yhat.train;yhat.train.mean;yhat.test;yhat.test.mean;s.train;s.test;varcount;y;fit"
"live","hetero.base","method:predict.bart","predict","ev","","TRUE","accepted","matrix/array 6x12  attrs=[s]"
"live","hetero.base","method:predict.bart","predict","ev","","FALSE","accepted","matrix/array 6x12  attrs=[s]"
"live","hetero.base","method:predict.bart","predict","ppd","","TRUE","accepted","matrix/array 6x12  attrs=[s]"
"live","hetero.base","method:predict.bart","predict","ppd","","FALSE","accepted","matrix/array 6x12  attrs=[s]"
"live","hetero.base","method:predict.bart","predict","bart","","TRUE","accepted","matrix/array 6x12  attrs=[s]"
"live","hetero.base","method:predict.bart","predict","bart","","FALSE","accepted","matrix/array 6x12  attrs=[s]"
"live","hetero.base","method:predict.bart","predict","forest","","TRUE","refused","type = ""forest"" is only available on a fit with per-forest reporting (an amplitude-coupled multi-forest fit); this fit has none"
"live","hetero.base","method:predict.bart","predict","forest","","FALSE","refused","type = ""forest"" is only available on a fit with per-forest reporting (an amplitude-coupled multi-forest fit); this fit has none"
"live","hetero.base","method:predict.bart","predict","zzz-bad-type","","TRUE","refused","type must be in 'ev', 'ppd', 'bart', 'forest'"
"live","hetero.base","method:predict.bart","predict","zzz-bad-type","","FALSE","refused","type must be in 'ev', 'ppd', 'bart', 'forest'"
"live","hetero.base","method:extract.bart","extract","ev","train","TRUE","accepted","matrix/array 6x40"
"live","hetero.base","method:extract.bart","extract","ev","train","FALSE","accepted","matrix/array 6x40"
"live","hetero.base","method:extract.bart","extract","ev","test","TRUE","accepted","matrix/array 6x12"
"live","hetero.base","method:extract.bart","extract","ev","test","FALSE","accepted","matrix/array 6x12"
"live","hetero.base","method:extract.bart","extract","ev","zzz-bad-sample","TRUE","refused","sample must be in 'train', 'test'"
"live","hetero.base","method:extract.bart","extract","ev","zzz-bad-sample","FALSE","refused","sample must be in 'train', 'test'"
"live","hetero.base","method:extract.bart","extract","ppd","train","TRUE","accepted","matrix/array 6x40"
"live","hetero.base","method:extract.bart","extract","ppd","train","FALSE","accepted","matrix/array 6x40"
"live","hetero.base","method:extract.bart","extract","ppd","test","TRUE","accepted","matrix/array 6x12"
"live","hetero.base","method:extract.bart","extract","ppd","test","FALSE","accepted","matrix/array 6x12"
"live","hetero.base","method:extract.bart","extract","ppd","zzz-bad-sample","TRUE","refused","sample must be in 'train', 'test'"
"live","hetero.base","method:extract.bart","extract","ppd","zzz-bad-sample","FALSE","refused","sample must be in 'train', 'test'"
"live","hetero.base","method:extract.bart","extract","bart","train","TRUE","accepted","matrix/array 6x40"
"live","hetero.base","method:extract.bart","extract","bart","train","FALSE","accepted","matrix/array 6x40"
"live","hetero.base","method:extract.bart","extract","bart","test","TRUE","accepted","matrix/array 6x12"
"live","hetero.base","method:extract.bart","extract","bart","test","FALSE","accepted","matrix/array 6x12"
"live","hetero.base","method:extract.bart","extract","bart","zzz-bad-sample","TRUE","refused","sample must be in 'train', 'test'"
"live","hetero.base","method:extract.bart","extract","bart","zzz-bad-sample","FALSE","refused","sample must be in 'train', 'test'"
"live","hetero.base","method:extract.bart","extract","loglik","train","TRUE","accepted","matrix/array 6x40"
"live","hetero.base","method:extract.bart","extract","loglik","train","FALSE","accepted","matrix/array 6x40"
"live","hetero.base","method:extract.bart","extract","loglik","test","TRUE","refused","cannot extract a test sample log-likelihood; no test response exists"
"live","hetero.base","method:extract.bart","extract","loglik","test","FALSE","refused","cannot extract a test sample log-likelihood; no test response exists"
"live","hetero.base","method:extract.bart","extract","loglik","zzz-bad-sample","TRUE","refused","sample must be in 'train', 'test'"
"live","hetero.base","method:extract.bart","extract","loglik","zzz-bad-sample","FALSE","refused","sample must be in 'train', 'test'"
"live","hetero.base","method:extract.bart","extract","trees","train","TRUE","error-without-reason","unused argument (combineChains = TRUE)"
"live","hetero.base","method:extract.bart","extract","trees","train","FALSE","error-without-reason","unused argument (combineChains = FALSE)"
"live","hetero.base","method:extract.bart","extract","trees","test","TRUE","error-without-reason","unused argument (combineChains = TRUE)"
"live","hetero.base","method:extract.bart","extract","trees","test","FALSE","error-without-reason","unused argument (combineChains = FALSE)"
"live","hetero.base","method:extract.bart","extract","trees","zzz-bad-sample","TRUE","error-without-reason","unused argument (combineChains = TRUE)"
"live","hetero.base","method:extract.bart","extract","trees","zzz-bad-sample","FALSE","error-without-reason","unused argument (combineChains = FALSE)"
"live","hetero.base","method:extract.bart","extract","forest","train","TRUE","refused","type = ""forest"" is only available on a fit with per-forest reporting (an amplitude-coupled multi-forest fit); this fit has none"
"live","hetero.base","method:extract.bart","extract","forest","train","FALSE","refused","type = ""forest"" is only available on a fit with per-forest reporting (an amplitude-coupled multi-forest fit); this fit has none"
"live","hetero.base","method:extract.bart","extract","forest","test","TRUE","refused","type = ""forest"" is only available on a fit with per-forest reporting (an amplitude-coupled multi-forest fit); this fit has none"
"live","hetero.base","method:extract.bart","extract","forest","test","FALSE","refused","type = ""forest"" is only available on a fit with per-forest reporting (an amplitude-coupled multi-forest fit); this fit has none"
"live","hetero.base","method:extract.bart","extract","forest","zzz-bad-sample","TRUE","refused","sample must be in 'train', 'test'"
"live","hetero.base","method:extract.bart","extract","forest","zzz-bad-sample","FALSE","refused","sample must be in 'train', 'test'"
"live","hetero.base","method:extract.bart","extract","zzz-bad-type","train","TRUE","refused","type must be in 'ev', 'ppd', 'bart', 'loglik', 'trees', 'forest'"
"live","hetero.base","method:extract.bart","extract","zzz-bad-type","train","FALSE","refused","type must be in 'ev', 'ppd', 'bart', 'loglik', 'trees', 'forest'"
"live","hetero.base","method:extract.bart","extract","zzz-bad-type","test","TRUE","refused","type must be in 'ev', 'ppd', 'bart', 'loglik', 'trees', 'forest'"
"live","hetero.base","method:extract.bart","extract","zzz-bad-type","test","FALSE","refused","type must be in 'ev', 'ppd', 'bart', 'loglik', 'trees', 'forest'"
"live","hetero.base","method:extract.bart","extract","zzz-bad-type","zzz-bad-sample","TRUE","refused","type must be in 'ev', 'ppd', 'bart', 'loglik', 'trees', 'forest'"
"live","hetero.base","method:extract.bart","extract","zzz-bad-type","zzz-bad-sample","FALSE","refused","type must be in 'ev', 'ppd', 'bart', 'loglik', 'trees', 'forest'"
"live","hetero.base","method:fitted.bart","fitted","ev","train","","accepted","numeric len40"
"live","hetero.base","method:fitted.bart","fitted","ev","test","","accepted","numeric len12"
"live","hetero.base","method:fitted.bart","fitted","ev","zzz-bad-sample","","refused","sample must be in 'train', 'test'"
"live","hetero.base","method:fitted.bart","fitted","ppd","train","","accepted","numeric len40"
"live","hetero.base","method:fitted.bart","fitted","ppd","test","","accepted","numeric len12"
"live","hetero.base","method:fitted.bart","fitted","ppd","zzz-bad-sample","","refused","sample must be in 'train', 'test'"
"live","hetero.base","method:fitted.bart","fitted","bart","train","","accepted","numeric len40"
"live","hetero.base","method:fitted.bart","fitted","bart","test","","accepted","numeric len12"
"live","hetero.base","method:fitted.bart","fitted","bart","zzz-bad-sample","","refused","sample must be in 'train', 'test'"
"live","hetero.base","method:fitted.bart","fitted","zzz-bad-type","train","","refused","type must be in 'ev', 'ppd', 'bart'"
"live","hetero.base","method:fitted.bart","fitted","zzz-bad-type","test","","refused","type must be in 'ev', 'ppd', 'bart'"
"live","hetero.base","method:fitted.bart","fitted","zzz-bad-type","zzz-bad-sample","","refused","type must be in 'ev', 'ppd', 'bart'"
"live","hetero.base","method:residuals.bart","residuals","ev","","","accepted","numeric len40"
"live","hetero.base","method:residuals.bart","residuals","zzz-bad-type","","","refused","type must be in 'ev', 'ppd', 'bart'"
"live","hetero.base","method:summary.bart","summary","","","","accepted","summary.bart len3"
"live","hetero.base","method:print.bart","print","","","","accepted","bart len15"
"live","hetero.base","method:plot.bart","plot","","","","accepted","NULL"
"live","hetero.base","method:plotTree.bart","plotTree","","","","accepted","NULL"
"live","hetero.base","method:survivalProbabilities.bart","survivalProbabilities","","","TRUE","refused","survivalProbabilities requires an aft (survival) fit"
"live","hetero.base","method:survivalProbabilities.bart","survivalProbabilities","","","FALSE","refused","survivalProbabilities requires an aft (survival) fit"
"live","hetero.base","method:as_draws_array.bart","as_draws_array","","","","accepted","draws_array/draws/array 6x1x1 dn=[{1,2,3,...},{1},{mean.s}]"
"live","hetero.base","method:as_draws_df.bart","as_draws_df","","","","accepted","draws_df/draws/tbl_df/tbl/data.frame 6x4 dn=[{1,2,3,...},{mean.s,.chain,.iteration,...}]"
"live","hetero.kT0","build","","","","","built","class=bart"
"live","hetero.kT0","fields","documented-present","","","","info","call;yhat.train;yhat.test;yhat.train.mean;yhat.test.mean;sigma;first.sigma;varcount;sigest;resid.dist;y;n.chains;family"
"live","hetero.kT0","fields","documented-absent","","","","info","fit"
"live","hetero.kT0","fields","all-names","","","","info","call;family;resid.dist;first.sigma;sigma;sigest;yhat.train;yhat.train.mean;yhat.test;yhat.test.mean;s.train;s.test;varcount;y;n.chains"
"live","hetero.kT0","method:predict.bart","predict","ev","","TRUE","refused","predict requires bart to be called with 'keeptrees' == TRUE"
"live","hetero.kT0","method:predict.bart","predict","ev","","FALSE","refused","predict requires bart to be called with 'keeptrees' == TRUE"
"live","hetero.kT0","method:predict.bart","predict","ppd","","TRUE","refused","predict requires bart to be called with 'keeptrees' == TRUE"
"live","hetero.kT0","method:predict.bart","predict","ppd","","FALSE","refused","predict requires bart to be called with 'keeptrees' == TRUE"
"live","hetero.kT0","method:predict.bart","predict","bart","","TRUE","refused","predict requires bart to be called with 'keeptrees' == TRUE"
"live","hetero.kT0","method:predict.bart","predict","bart","","FALSE","refused","predict requires bart to be called with 'keeptrees' == TRUE"
"live","hetero.kT0","method:predict.bart","predict","forest","","TRUE","refused","predict requires bart to be called with 'keeptrees' == TRUE"
"live","hetero.kT0","method:predict.bart","predict","forest","","FALSE","refused","predict requires bart to be called with 'keeptrees' == TRUE"
"live","hetero.kT0","method:predict.bart","predict","zzz-bad-type","","TRUE","refused","predict requires bart to be called with 'keeptrees' == TRUE"
"live","hetero.kT0","method:predict.bart","predict","zzz-bad-type","","FALSE","refused","predict requires bart to be called with 'keeptrees' == TRUE"
"live","hetero.kT0","method:extract.bart","extract","ev","train","TRUE","accepted","matrix/array 6x40"
"live","hetero.kT0","method:extract.bart","extract","ev","train","FALSE","accepted","matrix/array 6x40"
"live","hetero.kT0","method:extract.bart","extract","ev","test","TRUE","accepted","matrix/array 6x12"
"live","hetero.kT0","method:extract.bart","extract","ev","test","FALSE","accepted","matrix/array 6x12"
"live","hetero.kT0","method:extract.bart","extract","ev","zzz-bad-sample","TRUE","refused","sample must be in 'train', 'test'"
"live","hetero.kT0","method:extract.bart","extract","ev","zzz-bad-sample","FALSE","refused","sample must be in 'train', 'test'"
"live","hetero.kT0","method:extract.bart","extract","ppd","train","TRUE","accepted","matrix/array 6x40"
"live","hetero.kT0","method:extract.bart","extract","ppd","train","FALSE","accepted","matrix/array 6x40"
"live","hetero.kT0","method:extract.bart","extract","ppd","test","TRUE","accepted","matrix/array 6x12"
"live","hetero.kT0","method:extract.bart","extract","ppd","test","FALSE","accepted","matrix/array 6x12"
"live","hetero.kT0","method:extract.bart","extract","ppd","zzz-bad-sample","TRUE","refused","sample must be in 'train', 'test'"
"live","hetero.kT0","method:extract.bart","extract","ppd","zzz-bad-sample","FALSE","refused","sample must be in 'train', 'test'"
"live","hetero.kT0","method:extract.bart","extract","bart","train","TRUE","accepted","matrix/array 6x40"
"live","hetero.kT0","method:extract.bart","extract","bart","train","FALSE","accepted","matrix/array 6x40"
"live","hetero.kT0","method:extract.bart","extract","bart","test","TRUE","accepted","matrix/array 6x12"
"live","hetero.kT0","method:extract.bart","extract","bart","test","FALSE","accepted","matrix/array 6x12"
"live","hetero.kT0","method:extract.bart","extract","bart","zzz-bad-sample","TRUE","refused","sample must be in 'train', 'test'"
"live","hetero.kT0","method:extract.bart","extract","bart","zzz-bad-sample","FALSE","refused","sample must be in 'train', 'test'"
"live","hetero.kT0","method:extract.bart","extract","loglik","train","TRUE","accepted","matrix/array 6x40"
"live","hetero.kT0","method:extract.bart","extract","loglik","train","FALSE","accepted","matrix/array 6x40"
"live","hetero.kT0","method:extract.bart","extract","loglik","test","TRUE","refused","cannot extract a test sample log-likelihood; no test response exists"
"live","hetero.kT0","method:extract.bart","extract","loglik","test","FALSE","refused","cannot extract a test sample log-likelihood; no test response exists"
"live","hetero.kT0","method:extract.bart","extract","loglik","zzz-bad-sample","TRUE","refused","sample must be in 'train', 'test'"
"live","hetero.kT0","method:extract.bart","extract","loglik","zzz-bad-sample","FALSE","refused","sample must be in 'train', 'test'"
"live","hetero.kT0","method:extract.bart","extract","trees","train","TRUE","refused","extracting trees requires bart to be called with 'keeptrees' == TRUE"
"live","hetero.kT0","method:extract.bart","extract","trees","train","FALSE","refused","extracting trees requires bart to be called with 'keeptrees' == TRUE"
"live","hetero.kT0","method:extract.bart","extract","trees","test","TRUE","refused","extracting trees requires bart to be called with 'keeptrees' == TRUE"
"live","hetero.kT0","method:extract.bart","extract","trees","test","FALSE","refused","extracting trees requires bart to be called with 'keeptrees' == TRUE"
"live","hetero.kT0","method:extract.bart","extract","trees","zzz-bad-sample","TRUE","refused","extracting trees requires bart to be called with 'keeptrees' == TRUE"
"live","hetero.kT0","method:extract.bart","extract","trees","zzz-bad-sample","FALSE","refused","extracting trees requires bart to be called with 'keeptrees' == TRUE"
"live","hetero.kT0","method:extract.bart","extract","forest","train","TRUE","refused","type = ""forest"" is only available on a fit with per-forest reporting (an amplitude-coupled multi-forest fit); this fit has none"
"live","hetero.kT0","method:extract.bart","extract","forest","train","FALSE","refused","type = ""forest"" is only available on a fit with per-forest reporting (an amplitude-coupled multi-forest fit); this fit has none"
"live","hetero.kT0","method:extract.bart","extract","forest","test","TRUE","refused","type = ""forest"" is only available on a fit with per-forest reporting (an amplitude-coupled multi-forest fit); this fit has none"
"live","hetero.kT0","method:extract.bart","extract","forest","test","FALSE","refused","type = ""forest"" is only available on a fit with per-forest reporting (an amplitude-coupled multi-forest fit); this fit has none"
"live","hetero.kT0","method:extract.bart","extract","forest","zzz-bad-sample","TRUE","refused","sample must be in 'train', 'test'"
"live","hetero.kT0","method:extract.bart","extract","forest","zzz-bad-sample","FALSE","refused","sample must be in 'train', 'test'"
"live","hetero.kT0","method:extract.bart","extract","zzz-bad-type","train","TRUE","refused","type must be in 'ev', 'ppd', 'bart', 'loglik', 'trees', 'forest'"
"live","hetero.kT0","method:extract.bart","extract","zzz-bad-type","train","FALSE","refused","type must be in 'ev', 'ppd', 'bart', 'loglik', 'trees', 'forest'"
"live","hetero.kT0","method:extract.bart","extract","zzz-bad-type","test","TRUE","refused","type must be in 'ev', 'ppd', 'bart', 'loglik', 'trees', 'forest'"
"live","hetero.kT0","method:extract.bart","extract","zzz-bad-type","test","FALSE","refused","type must be in 'ev', 'ppd', 'bart', 'loglik', 'trees', 'forest'"
"live","hetero.kT0","method:extract.bart","extract","zzz-bad-type","zzz-bad-sample","TRUE","refused","type must be in 'ev', 'ppd', 'bart', 'loglik', 'trees', 'forest'"
"live","hetero.kT0","method:extract.bart","extract","zzz-bad-type","zzz-bad-sample","FALSE","refused","type must be in 'ev', 'ppd', 'bart', 'loglik', 'trees', 'forest'"
"live","hetero.kT0","method:fitted.bart","fitted","ev","train","","accepted","numeric len40"
"live","hetero.kT0","method:fitted.bart","fitted","ev","test","","accepted","numeric len12"
"live","hetero.kT0","method:fitted.bart","fitted","ev","zzz-bad-sample","","refused","sample must be in 'train', 'test'"
"live","hetero.kT0","method:fitted.bart","fitted","ppd","train","","accepted","numeric len40"
"live","hetero.kT0","method:fitted.bart","fitted","ppd","test","","accepted","numeric len12"
"live","hetero.kT0","method:fitted.bart","fitted","ppd","zzz-bad-sample","","refused","sample must be in 'train', 'test'"
"live","hetero.kT0","method:fitted.bart","fitted","bart","train","","accepted","numeric len40"
"live","hetero.kT0","method:fitted.bart","fitted","bart","test","","accepted","numeric len12"
"live","hetero.kT0","method:fitted.bart","fitted","bart","zzz-bad-sample","","refused","sample must be in 'train', 'test'"
"live","hetero.kT0","method:fitted.bart","fitted","zzz-bad-type","train","","refused","type must be in 'ev', 'ppd', 'bart'"
"live","hetero.kT0","method:fitted.bart","fitted","zzz-bad-type","test","","refused","type must be in 'ev', 'ppd', 'bart'"
"live","hetero.kT0","method:fitted.bart","fitted","zzz-bad-type","zzz-bad-sample","","refused","type must be in 'ev', 'ppd', 'bart'"
"live","hetero.kT0","method:residuals.bart","residuals","ev","","","accepted","numeric len40"
"live","hetero.kT0","method:residuals.bart","residuals","zzz-bad-type","","","refused","type must be in 'ev', 'ppd', 'bart'"
"live","hetero.kT0","method:summary.bart","summary","","","","accepted","summary.bart len3"
"live","hetero.kT0","method:print.bart","print","","","","accepted","bart len15"
"live","hetero.kT0","method:plot.bart","plot","","","","accepted","NULL"
"live","hetero.kT0","method:plotTree.bart","plotTree","","","","refused","plotTree requires the trees to be kept: fit with keeptrees/keepTrees = TRUE"
"live","hetero.kT0","method:survivalProbabilities.bart","survivalProbabilities","","","TRUE","refused","survivalProbabilities requires an aft (survival) fit"
"live","hetero.kT0","method:survivalProbabilities.bart","survivalProbabilities","","","FALSE","refused","survivalProbabilities requires an aft (survival) fit"
"live","hetero.kT0","method:as_draws_array.bart","as_draws_array","","","","accepted","draws_array/draws/array 6x1x1 dn=[{1,2,3,...},{1},{mean.s}]"
"live","hetero.kT0","method:as_draws_df.bart","as_draws_df","","","","accepted","draws_df/draws/tbl_df/tbl/data.frame 6x4 dn=[{1,2,3,...},{mean.s,.chain,.iteration,...}]"
"live","hetero.nc2u","build","","","","","built","class=bart"
"live","hetero.nc2u","fields","documented-present","","","","info","call;yhat.train;yhat.test;yhat.train.mean;yhat.test.mean;sigma;first.sigma;varcount;sigest;resid.dist;y;fit;family"
"live","hetero.nc2u","fields","documented-absent","","","","info","n.chains"
"live","hetero.nc2u","fields","all-names","","","","info","call;family;resid.dist;first.sigma;sigma;sigest;yhat.train;yhat.train.mean;yhat.test;yhat.test.mean;s.train;s.test;varcount;y;fit"
"live","hetero.nc2u","method:predict.bart","predict","ev","","TRUE","accepted","matrix/array 12x12  attrs=[s]"
"live","hetero.nc2u","method:predict.bart","predict","ev","","FALSE","accepted","array 2x6x12  attrs=[s]"
"live","hetero.nc2u","method:predict.bart","predict","ppd","","TRUE","accepted","matrix/array 12x12  attrs=[s]"
"live","hetero.nc2u","method:predict.bart","predict","ppd","","FALSE","accepted","array 2x6x12  attrs=[s]"
"live","hetero.nc2u","method:predict.bart","predict","bart","","TRUE","accepted","matrix/array 12x12  attrs=[s]"
"live","hetero.nc2u","method:predict.bart","predict","bart","","FALSE","accepted","array 2x6x12  attrs=[s]"
"live","hetero.nc2u","method:predict.bart","predict","forest","","TRUE","refused","type = ""forest"" is only available on a fit with per-forest reporting (an amplitude-coupled multi-forest fit); this fit has none"
"live","hetero.nc2u","method:predict.bart","predict","forest","","FALSE","refused","type = ""forest"" is only available on a fit with per-forest reporting (an amplitude-coupled multi-forest fit); this fit has none"
"live","hetero.nc2u","method:predict.bart","predict","zzz-bad-type","","TRUE","refused","type must be in 'ev', 'ppd', 'bart', 'forest'"
"live","hetero.nc2u","method:predict.bart","predict","zzz-bad-type","","FALSE","refused","type must be in 'ev', 'ppd', 'bart', 'forest'"
"live","hetero.nc2u","method:extract.bart","extract","ev","train","TRUE","accepted","matrix/array 12x40"
"live","hetero.nc2u","method:extract.bart","extract","ev","train","FALSE","accepted","array 2x6x40"
"live","hetero.nc2u","method:extract.bart","extract","ev","test","TRUE","accepted","matrix/array 12x12"
"live","hetero.nc2u","method:extract.bart","extract","ev","test","FALSE","accepted","array 2x6x12"
"live","hetero.nc2u","method:extract.bart","extract","ev","zzz-bad-sample","TRUE","refused","sample must be in 'train', 'test'"
"live","hetero.nc2u","method:extract.bart","extract","ev","zzz-bad-sample","FALSE","refused","sample must be in 'train', 'test'"
"live","hetero.nc2u","method:extract.bart","extract","ppd","train","TRUE","accepted","matrix/array 12x40"
"live","hetero.nc2u","method:extract.bart","extract","ppd","train","FALSE","accepted","array 2x6x40"
"live","hetero.nc2u","method:extract.bart","extract","ppd","test","TRUE","accepted","matrix/array 12x12"
"live","hetero.nc2u","method:extract.bart","extract","ppd","test","FALSE","accepted","array 2x6x12"
"live","hetero.nc2u","method:extract.bart","extract","ppd","zzz-bad-sample","TRUE","refused","sample must be in 'train', 'test'"
"live","hetero.nc2u","method:extract.bart","extract","ppd","zzz-bad-sample","FALSE","refused","sample must be in 'train', 'test'"
"live","hetero.nc2u","method:extract.bart","extract","bart","train","TRUE","accepted","matrix/array 12x40"
"live","hetero.nc2u","method:extract.bart","extract","bart","train","FALSE","accepted","array 2x6x40"
"live","hetero.nc2u","method:extract.bart","extract","bart","test","TRUE","accepted","matrix/array 12x12"
"live","hetero.nc2u","method:extract.bart","extract","bart","test","FALSE","accepted","array 2x6x12"
"live","hetero.nc2u","method:extract.bart","extract","bart","zzz-bad-sample","TRUE","refused","sample must be in 'train', 'test'"
"live","hetero.nc2u","method:extract.bart","extract","bart","zzz-bad-sample","FALSE","refused","sample must be in 'train', 'test'"
"live","hetero.nc2u","method:extract.bart","extract","loglik","train","TRUE","accepted","matrix/array 12x40"
"live","hetero.nc2u","method:extract.bart","extract","loglik","train","FALSE","accepted","array 2x6x40"
"live","hetero.nc2u","method:extract.bart","extract","loglik","test","TRUE","refused","cannot extract a test sample log-likelihood; no test response exists"
"live","hetero.nc2u","method:extract.bart","extract","loglik","test","FALSE","refused","cannot extract a test sample log-likelihood; no test response exists"
"live","hetero.nc2u","method:extract.bart","extract","loglik","zzz-bad-sample","TRUE","refused","sample must be in 'train', 'test'"
"live","hetero.nc2u","method:extract.bart","extract","loglik","zzz-bad-sample","FALSE","refused","sample must be in 'train', 'test'"
"live","hetero.nc2u","method:extract.bart","extract","trees","train","TRUE","error-without-reason","unused argument (combineChains = TRUE)"
"live","hetero.nc2u","method:extract.bart","extract","trees","train","FALSE","error-without-reason","unused argument (combineChains = FALSE)"
"live","hetero.nc2u","method:extract.bart","extract","trees","test","TRUE","error-without-reason","unused argument (combineChains = TRUE)"
"live","hetero.nc2u","method:extract.bart","extract","trees","test","FALSE","error-without-reason","unused argument (combineChains = FALSE)"
"live","hetero.nc2u","method:extract.bart","extract","trees","zzz-bad-sample","TRUE","error-without-reason","unused argument (combineChains = TRUE)"
"live","hetero.nc2u","method:extract.bart","extract","trees","zzz-bad-sample","FALSE","error-without-reason","unused argument (combineChains = FALSE)"
"live","hetero.nc2u","method:extract.bart","extract","forest","train","TRUE","refused","type = ""forest"" is only available on a fit with per-forest reporting (an amplitude-coupled multi-forest fit); this fit has none"
"live","hetero.nc2u","method:extract.bart","extract","forest","train","FALSE","refused","type = ""forest"" is only available on a fit with per-forest reporting (an amplitude-coupled multi-forest fit); this fit has none"
"live","hetero.nc2u","method:extract.bart","extract","forest","test","TRUE","refused","type = ""forest"" is only available on a fit with per-forest reporting (an amplitude-coupled multi-forest fit); this fit has none"
"live","hetero.nc2u","method:extract.bart","extract","forest","test","FALSE","refused","type = ""forest"" is only available on a fit with per-forest reporting (an amplitude-coupled multi-forest fit); this fit has none"
"live","hetero.nc2u","method:extract.bart","extract","forest","zzz-bad-sample","TRUE","refused","sample must be in 'train', 'test'"
"live","hetero.nc2u","method:extract.bart","extract","forest","zzz-bad-sample","FALSE","refused","sample must be in 'train', 'test'"
"live","hetero.nc2u","method:extract.bart","extract","zzz-bad-type","train","TRUE","refused","type must be in 'ev', 'ppd', 'bart', 'loglik', 'trees', 'forest'"
"live","hetero.nc2u","method:extract.bart","extract","zzz-bad-type","train","FALSE","refused","type must be in 'ev', 'ppd', 'bart', 'loglik', 'trees', 'forest'"
"live","hetero.nc2u","method:extract.bart","extract","zzz-bad-type","test","TRUE","refused","type must be in 'ev', 'ppd', 'bart', 'loglik', 'trees', 'forest'"
"live","hetero.nc2u","method:extract.bart","extract","zzz-bad-type","test","FALSE","refused","type must be in 'ev', 'ppd', 'bart', 'loglik', 'trees', 'forest'"
"live","hetero.nc2u","method:extract.bart","extract","zzz-bad-type","zzz-bad-sample","TRUE","refused","type must be in 'ev', 'ppd', 'bart', 'loglik', 'trees', 'forest'"
"live","hetero.nc2u","method:extract.bart","extract","zzz-bad-type","zzz-bad-sample","FALSE","refused","type must be in 'ev', 'ppd', 'bart', 'loglik', 'trees', 'forest'"
"live","hetero.nc2u","method:fitted.bart","fitted","ev","train","","accepted","numeric len40"
"live","hetero.nc2u","method:fitted.bart","fitted","ev","test","","accepted","numeric len12"
"live","hetero.nc2u","method:fitted.bart","fitted","ev","zzz-bad-sample","","refused","sample must be in 'train', 'test'"
"live","hetero.nc2u","method:fitted.bart","fitted","ppd","train","","accepted","numeric len40"
"live","hetero.nc2u","method:fitted.bart","fitted","ppd","test","","accepted","numeric len12"
"live","hetero.nc2u","method:fitted.bart","fitted","ppd","zzz-bad-sample","","refused","sample must be in 'train', 'test'"
"live","hetero.nc2u","method:fitted.bart","fitted","bart","train","","accepted","numeric len40"
"live","hetero.nc2u","method:fitted.bart","fitted","bart","test","","accepted","numeric len12"
"live","hetero.nc2u","method:fitted.bart","fitted","bart","zzz-bad-sample","","refused","sample must be in 'train', 'test'"
"live","hetero.nc2u","method:fitted.bart","fitted","zzz-bad-type","train","","refused","type must be in 'ev', 'ppd', 'bart'"
"live","hetero.nc2u","method:fitted.bart","fitted","zzz-bad-type","test","","refused","type must be in 'ev', 'ppd', 'bart'"
"live","hetero.nc2u","method:fitted.bart","fitted","zzz-bad-type","zzz-bad-sample","","refused","type must be in 'ev', 'ppd', 'bart'"
"live","hetero.nc2u","method:residuals.bart","residuals","ev","","","accepted","numeric len40"
"live","hetero.nc2u","method:residuals.bart","residuals","zzz-bad-type","","","refused","type must be in 'ev', 'ppd', 'bart'"
"live","hetero.nc2u","method:summary.bart","summary","","","","accepted","summary.bart len3"
"live","hetero.nc2u","method:print.bart","print","","","","accepted","bart len15"
"live","hetero.nc2u","method:plot.bart","plot","","","","accepted","NULL"
"live","hetero.nc2u","method:plotTree.bart","plotTree","","","","refused","chainNum required if more than one chain in sampler"
"live","hetero.nc2u","method:survivalProbabilities.bart","survivalProbabilities","","","TRUE","refused","survivalProbabilities requires an aft (survival) fit"
"live","hetero.nc2u","method:survivalProbabilities.bart","survivalProbabilities","","","FALSE","refused","survivalProbabilities requires an aft (survival) fit"
"live","hetero.nc2u","method:as_draws_array.bart","as_draws_array","","","","accepted","draws_array/draws/array 6x2x1 dn=[{1,2,3,...},{1,2},{mean.s}]"
"live","hetero.nc2u","method:as_draws_df.bart","as_draws_df","","","","accepted","draws_df/draws/tbl_df/tbl/data.frame 12x4 dn=[{1,2,3,...},{mean.s,.chain,.iteration,...}]"
"live","student.base","build","","","","","built","class=bart"
"live","student.base","fields","documented-present","","","","info","call;yhat.train;yhat.test;yhat.train.mean;yhat.test.mean;sigma;first.sigma;varcount;sigest;resid.dist;y;fit;family"
"live","student.base","fields","documented-absent","","","","info","n.chains"
"live","student.base","fields","all-names","","","","info","call;family;resid.dist;first.sigma;sigma;sigest;yhat.train;yhat.train.mean;yhat.test;yhat.test.mean;s.train;s.test;varcount;y;resid.df;fit"
"live","student.base","method:predict.bart","predict","ev","","TRUE","accepted","matrix/array 6x12"
"live","student.base","method:predict.bart","predict","ev","","FALSE","accepted","matrix/array 6x12"
"live","student.base","method:predict.bart","predict","ppd","","TRUE","refused","posterior predictive sampling does not support student residuals"
"live","student.base","method:predict.bart","predict","ppd","","FALSE","refused","posterior predictive sampling does not support student residuals"
"live","student.base","method:predict.bart","predict","bart","","TRUE","accepted","matrix/array 6x12"
"live","student.base","method:predict.bart","predict","bart","","FALSE","accepted","matrix/array 6x12"
"live","student.base","method:predict.bart","predict","forest","","TRUE","refused","type = ""forest"" is only available on a fit with per-forest reporting (an amplitude-coupled multi-forest fit); this fit has none"
"live","student.base","method:predict.bart","predict","forest","","FALSE","refused","type = ""forest"" is only available on a fit with per-forest reporting (an amplitude-coupled multi-forest fit); this fit has none"
"live","student.base","method:predict.bart","predict","zzz-bad-type","","TRUE","refused","type must be in 'ev', 'ppd', 'bart', 'forest'"
"live","student.base","method:predict.bart","predict","zzz-bad-type","","FALSE","refused","type must be in 'ev', 'ppd', 'bart', 'forest'"
"live","student.base","method:extract.bart","extract","ev","train","TRUE","accepted","matrix/array 6x40"
"live","student.base","method:extract.bart","extract","ev","train","FALSE","accepted","matrix/array 6x40"
"live","student.base","method:extract.bart","extract","ev","test","TRUE","accepted","matrix/array 6x12"
"live","student.base","method:extract.bart","extract","ev","test","FALSE","accepted","matrix/array 6x12"
"live","student.base","method:extract.bart","extract","ev","zzz-bad-sample","TRUE","refused","sample must be in 'train', 'test'"
"live","student.base","method:extract.bart","extract","ev","zzz-bad-sample","FALSE","refused","sample must be in 'train', 'test'"
"live","student.base","method:extract.bart","extract","ppd","train","TRUE","refused","posterior predictive sampling does not support student residuals"
"live","student.base","method:extract.bart","extract","ppd","train","FALSE","refused","posterior predictive sampling does not support student residuals"
"live","student.base","method:extract.bart","extract","ppd","test","TRUE","refused","posterior predictive sampling does not support student residuals"
"live","student.base","method:extract.bart","extract","ppd","test","FALSE","refused","posterior predictive sampling does not support student residuals"
"live","student.base","method:extract.bart","extract","ppd","zzz-bad-sample","TRUE","refused","sample must be in 'train', 'test'"
"live","student.base","method:extract.bart","extract","ppd","zzz-bad-sample","FALSE","refused","sample must be in 'train', 'test'"
"live","student.base","method:extract.bart","extract","bart","train","TRUE","accepted","matrix/array 6x40"
"live","student.base","method:extract.bart","extract","bart","train","FALSE","accepted","matrix/array 6x40"
"live","student.base","method:extract.bart","extract","bart","test","TRUE","accepted","matrix/array 6x12"
"live","student.base","method:extract.bart","extract","bart","test","FALSE","accepted","matrix/array 6x12"
"live","student.base","method:extract.bart","extract","bart","zzz-bad-sample","TRUE","refused","sample must be in 'train', 'test'"
"live","student.base","method:extract.bart","extract","bart","zzz-bad-sample","FALSE","refused","sample must be in 'train', 'test'"
"live","student.base","method:extract.bart","extract","loglik","train","TRUE","accepted","matrix/array 6x40"
"live","student.base","method:extract.bart","extract","loglik","train","FALSE","accepted","matrix/array 6x40"
"live","student.base","method:extract.bart","extract","loglik","test","TRUE","refused","cannot extract a test sample log-likelihood; no test response exists"
"live","student.base","method:extract.bart","extract","loglik","test","FALSE","refused","cannot extract a test sample log-likelihood; no test response exists"
"live","student.base","method:extract.bart","extract","loglik","zzz-bad-sample","TRUE","refused","sample must be in 'train', 'test'"
"live","student.base","method:extract.bart","extract","loglik","zzz-bad-sample","FALSE","refused","sample must be in 'train', 'test'"
"live","student.base","method:extract.bart","extract","trees","train","TRUE","error-without-reason","unused argument (combineChains = TRUE)"
"live","student.base","method:extract.bart","extract","trees","train","FALSE","error-without-reason","unused argument (combineChains = FALSE)"
"live","student.base","method:extract.bart","extract","trees","test","TRUE","error-without-reason","unused argument (combineChains = TRUE)"
"live","student.base","method:extract.bart","extract","trees","test","FALSE","error-without-reason","unused argument (combineChains = FALSE)"
"live","student.base","method:extract.bart","extract","trees","zzz-bad-sample","TRUE","error-without-reason","unused argument (combineChains = TRUE)"
"live","student.base","method:extract.bart","extract","trees","zzz-bad-sample","FALSE","error-without-reason","unused argument (combineChains = FALSE)"
"live","student.base","method:extract.bart","extract","forest","train","TRUE","refused","type = ""forest"" is only available on a fit with per-forest reporting (an amplitude-coupled multi-forest fit); this fit has none"
"live","student.base","method:extract.bart","extract","forest","train","FALSE","refused","type = ""forest"" is only available on a fit with per-forest reporting (an amplitude-coupled multi-forest fit); this fit has none"
"live","student.base","method:extract.bart","extract","forest","test","TRUE","refused","type = ""forest"" is only available on a fit with per-forest reporting (an amplitude-coupled multi-forest fit); this fit has none"
"live","student.base","method:extract.bart","extract","forest","test","FALSE","refused","type = ""forest"" is only available on a fit with per-forest reporting (an amplitude-coupled multi-forest fit); this fit has none"
"live","student.base","method:extract.bart","extract","forest","zzz-bad-sample","TRUE","refused","sample must be in 'train', 'test'"
"live","student.base","method:extract.bart","extract","forest","zzz-bad-sample","FALSE","refused","sample must be in 'train', 'test'"
"live","student.base","method:extract.bart","extract","zzz-bad-type","train","TRUE","refused","type must be in 'ev', 'ppd', 'bart', 'loglik', 'trees', 'forest'"
"live","student.base","method:extract.bart","extract","zzz-bad-type","train","FALSE","refused","type must be in 'ev', 'ppd', 'bart', 'loglik', 'trees', 'forest'"
"live","student.base","method:extract.bart","extract","zzz-bad-type","test","TRUE","refused","type must be in 'ev', 'ppd', 'bart', 'loglik', 'trees', 'forest'"
"live","student.base","method:extract.bart","extract","zzz-bad-type","test","FALSE","refused","type must be in 'ev', 'ppd', 'bart', 'loglik', 'trees', 'forest'"
"live","student.base","method:extract.bart","extract","zzz-bad-type","zzz-bad-sample","TRUE","refused","type must be in 'ev', 'ppd', 'bart', 'loglik', 'trees', 'forest'"
"live","student.base","method:extract.bart","extract","zzz-bad-type","zzz-bad-sample","FALSE","refused","type must be in 'ev', 'ppd', 'bart', 'loglik', 'trees', 'forest'"
"live","student.base","method:fitted.bart","fitted","ev","train","","accepted","numeric len40"
"live","student.base","method:fitted.bart","fitted","ev","test","","accepted","numeric len12"
"live","student.base","method:fitted.bart","fitted","ev","zzz-bad-sample","","refused","sample must be in 'train', 'test'"
"live","student.base","method:fitted.bart","fitted","ppd","train","","refused","posterior predictive sampling does not support student residuals"
"live","student.base","method:fitted.bart","fitted","ppd","test","","refused","posterior predictive sampling does not support student residuals"
"live","student.base","method:fitted.bart","fitted","ppd","zzz-bad-sample","","refused","sample must be in 'train', 'test'"
"live","student.base","method:fitted.bart","fitted","bart","train","","accepted","numeric len40"
"live","student.base","method:fitted.bart","fitted","bart","test","","accepted","numeric len12"
"live","student.base","method:fitted.bart","fitted","bart","zzz-bad-sample","","refused","sample must be in 'train', 'test'"
"live","student.base","method:fitted.bart","fitted","zzz-bad-type","train","","refused","type must be in 'ev', 'ppd', 'bart'"
"live","student.base","method:fitted.bart","fitted","zzz-bad-type","test","","refused","type must be in 'ev', 'ppd', 'bart'"
"live","student.base","method:fitted.bart","fitted","zzz-bad-type","zzz-bad-sample","","refused","type must be in 'ev', 'ppd', 'bart'"
"live","student.base","method:residuals.bart","residuals","ev","","","accepted","numeric len40"
"live","student.base","method:residuals.bart","residuals","zzz-bad-type","","","refused","type must be in 'ev', 'ppd', 'bart'"
"live","student.base","method:summary.bart","summary","","","","accepted","summary.bart len3"
"live","student.base","method:print.bart","print","","","","accepted","bart len16"
"live","student.base","method:plot.bart","plot","","","","accepted","NULL"
"live","student.base","method:plotTree.bart","plotTree","","","","accepted","NULL"
"live","student.base","method:survivalProbabilities.bart","survivalProbabilities","","","TRUE","refused","survivalProbabilities requires an aft (survival) fit"
"live","student.base","method:survivalProbabilities.bart","survivalProbabilities","","","FALSE","refused","survivalProbabilities requires an aft (survival) fit"
"live","student.base","method:as_draws_array.bart","as_draws_array","","","","accepted","draws_array/draws/array 6x1x1 dn=[{1,2,3,...},{1},{sigma}]"
"live","student.base","method:as_draws_df.bart","as_draws_df","","","","accepted","draws_df/draws/tbl_df/tbl/data.frame 6x4 dn=[{1,2,3,...},{sigma,.chain,.iteration,...}]"
"live","amplitude.base","build","","","","","built","class=bart"
"live","amplitude.base","fields","documented-present","","","","info","call;yhat.train;yhat.train.mean;sigma;first.sigma;varcount;sigest;resid.dist;y;fit;family"
"live","amplitude.base","fields","documented-absent","","","","info","yhat.test;yhat.test.mean;n.chains"
"live","amplitude.base","fields","all-names","","","","info","call;family;resid.dist;first.sigma;sigma;sigest;yhat.train;yhat.train.mean;yhat.test;yhat.test.mean;s.train;s.test;varcount;y;n.forests;forestFits;glue;bases;basis.terms;fit"
"live","amplitude.base","method:predict.bart","predict","ev","","TRUE","refused","number of columns in 'test' must be equal to that of 'x'"
"live","amplitude.base","method:predict.bart","predict","ev","","FALSE","refused","number of columns in 'test' must be equal to that of 'x'"
"live","amplitude.base","method:predict.bart","predict","ppd","","TRUE","refused","number of columns in 'test' must be equal to that of 'x'"
"live","amplitude.base","method:predict.bart","predict","ppd","","FALSE","refused","number of columns in 'test' must be equal to that of 'x'"
"live","amplitude.base","method:predict.bart","predict","bart","","TRUE","refused","number of columns in 'test' must be equal to that of 'x'"
"live","amplitude.base","method:predict.bart","predict","bart","","FALSE","refused","number of columns in 'test' must be equal to that of 'x'"
"live","amplitude.base","method:predict.bart","predict","forest","","TRUE","refused","number of columns in 'test' must be equal to that of 'x'"
"live","amplitude.base","method:predict.bart","predict","forest","","FALSE","refused","number of columns in 'test' must be equal to that of 'x'"
"live","amplitude.base","method:predict.bart","predict","zzz-bad-type","","TRUE","refused","type must be in 'ev', 'ppd', 'bart', 'forest'"
"live","amplitude.base","method:predict.bart","predict","zzz-bad-type","","FALSE","refused","type must be in 'ev', 'ppd', 'bart', 'forest'"
"live","amplitude.base","method:extract.bart","extract","ev","train","TRUE","accepted","matrix/array 6x40"
"live","amplitude.base","method:extract.bart","extract","ev","train","FALSE","accepted","matrix/array 6x40"
"live","amplitude.base","method:extract.bart","extract","ev","test","TRUE","refused","cannot extract test sample predictions if no test data exists; use 'predict' instead"
"live","amplitude.base","method:extract.bart","extract","ev","test","FALSE","refused","cannot extract test sample predictions if no test data exists; use 'predict' instead"
"live","amplitude.base","method:extract.bart","extract","ev","zzz-bad-sample","TRUE","refused","sample must be in 'train', 'test'"
"live","amplitude.base","method:extract.bart","extract","ev","zzz-bad-sample","FALSE","refused","sample must be in 'train', 'test'"
"live","amplitude.base","method:extract.bart","extract","ppd","train","TRUE","accepted","matrix/array 6x40"
"live","amplitude.base","method:extract.bart","extract","ppd","train","FALSE","accepted","matrix/array 6x40"
"live","amplitude.base","method:extract.bart","extract","ppd","test","TRUE","refused","cannot extract test sample predictions if no test data exists; use 'predict' instead"
"live","amplitude.base","method:extract.bart","extract","ppd","test","FALSE","refused","cannot extract test sample predictions if no test data exists; use 'predict' instead"
"live","amplitude.base","method:extract.bart","extract","ppd","zzz-bad-sample","TRUE","refused","sample must be in 'train', 'test'"
"live","amplitude.base","method:extract.bart","extract","ppd","zzz-bad-sample","FALSE","refused","sample must be in 'train', 'test'"
"live","amplitude.base","method:extract.bart","extract","bart","train","TRUE","accepted","matrix/array 6x40"
"live","amplitude.base","method:extract.bart","extract","bart","train","FALSE","accepted","matrix/array 6x40"
"live","amplitude.base","method:extract.bart","extract","bart","test","TRUE","refused","cannot extract test sample predictions if no test data exists; use 'predict' instead"
"live","amplitude.base","method:extract.bart","extract","bart","test","FALSE","refused","cannot extract test sample predictions if no test data exists; use 'predict' instead"
"live","amplitude.base","method:extract.bart","extract","bart","zzz-bad-sample","TRUE","refused","sample must be in 'train', 'test'"
"live","amplitude.base","method:extract.bart","extract","bart","zzz-bad-sample","FALSE","refused","sample must be in 'train', 'test'"
"live","amplitude.base","method:extract.bart","extract","loglik","train","TRUE","accepted","matrix/array 6x40"
"live","amplitude.base","method:extract.bart","extract","loglik","train","FALSE","accepted","matrix/array 6x40"
"live","amplitude.base","method:extract.bart","extract","loglik","test","TRUE","refused","cannot extract a test sample log-likelihood; no test response exists"
"live","amplitude.base","method:extract.bart","extract","loglik","test","FALSE","refused","cannot extract a test sample log-likelihood; no test response exists"
"live","amplitude.base","method:extract.bart","extract","loglik","zzz-bad-sample","TRUE","refused","sample must be in 'train', 'test'"
"live","amplitude.base","method:extract.bart","extract","loglik","zzz-bad-sample","FALSE","refused","sample must be in 'train', 'test'"
"live","amplitude.base","method:extract.bart","extract","trees","train","TRUE","error-without-reason","unused argument (combineChains = TRUE)"
"live","amplitude.base","method:extract.bart","extract","trees","train","FALSE","error-without-reason","unused argument (combineChains = FALSE)"
"live","amplitude.base","method:extract.bart","extract","trees","test","TRUE","error-without-reason","unused argument (combineChains = TRUE)"
"live","amplitude.base","method:extract.bart","extract","trees","test","FALSE","error-without-reason","unused argument (combineChains = FALSE)"
"live","amplitude.base","method:extract.bart","extract","trees","zzz-bad-sample","TRUE","error-without-reason","unused argument (combineChains = TRUE)"
"live","amplitude.base","method:extract.bart","extract","trees","zzz-bad-sample","FALSE","error-without-reason","unused argument (combineChains = FALSE)"
"live","amplitude.base","method:extract.bart","extract","forest","train","TRUE","accepted","array 6x40x2 dn=[NULL,NULL,{forest1,forest2}]"
"live","amplitude.base","method:extract.bart","extract","forest","train","FALSE","accepted","array 6x40x2 dn=[NULL,NULL,{forest1,forest2}]"
"live","amplitude.base","method:extract.bart","extract","forest","test","TRUE","refused","type = ""forest"" does not support sample = ""test"": no test-sample per-forest channel is stored, since an amplitude-coupled fit takes no test predictors; predict(type = ""forest"") replays the forests at new rows instead"
"live","amplitude.base","method:extract.bart","extract","forest","test","FALSE","refused","type = ""forest"" does not support sample = ""test"": no test-sample per-forest channel is stored, since an amplitude-coupled fit takes no test predictors; predict(type = ""forest"") replays the forests at new rows instead"
"live","amplitude.base","method:extract.bart","extract","forest","zzz-bad-sample","TRUE","refused","sample must be in 'train', 'test'"
"live","amplitude.base","method:extract.bart","extract","forest","zzz-bad-sample","FALSE","refused","sample must be in 'train', 'test'"
"live","amplitude.base","method:extract.bart","extract","zzz-bad-type","train","TRUE","refused","type must be in 'ev', 'ppd', 'bart', 'loglik', 'trees', 'forest'"
"live","amplitude.base","method:extract.bart","extract","zzz-bad-type","train","FALSE","refused","type must be in 'ev', 'ppd', 'bart', 'loglik', 'trees', 'forest'"
"live","amplitude.base","method:extract.bart","extract","zzz-bad-type","test","TRUE","refused","type must be in 'ev', 'ppd', 'bart', 'loglik', 'trees', 'forest'"
"live","amplitude.base","method:extract.bart","extract","zzz-bad-type","test","FALSE","refused","type must be in 'ev', 'ppd', 'bart', 'loglik', 'trees', 'forest'"
"live","amplitude.base","method:extract.bart","extract","zzz-bad-type","zzz-bad-sample","TRUE","refused","type must be in 'ev', 'ppd', 'bart', 'loglik', 'trees', 'forest'"
"live","amplitude.base","method:extract.bart","extract","zzz-bad-type","zzz-bad-sample","FALSE","refused","type must be in 'ev', 'ppd', 'bart', 'loglik', 'trees', 'forest'"
"live","amplitude.base","method:fitted.bart","fitted","ev","train","","accepted","numeric len40"
"live","amplitude.base","method:fitted.bart","fitted","ev","test","","refused","cannot extract test sample predictions if no test data exists; use 'predict' instead"
"live","amplitude.base","method:fitted.bart","fitted","ev","zzz-bad-sample","","refused","sample must be in 'train', 'test'"
"live","amplitude.base","method:fitted.bart","fitted","ppd","train","","accepted","numeric len40"
"live","amplitude.base","method:fitted.bart","fitted","ppd","test","","refused","cannot extract test sample predictions if no test data exists; use 'predict' instead"
"live","amplitude.base","method:fitted.bart","fitted","ppd","zzz-bad-sample","","refused","sample must be in 'train', 'test'"
"live","amplitude.base","method:fitted.bart","fitted","bart","train","","accepted","numeric len40"
"live","amplitude.base","method:fitted.bart","fitted","bart","test","","refused","cannot extract test sample predictions if no test data exists; use 'predict' instead"
"live","amplitude.base","method:fitted.bart","fitted","bart","zzz-bad-sample","","refused","sample must be in 'train', 'test'"
"live","amplitude.base","method:fitted.bart","fitted","zzz-bad-type","train","","refused","type must be in 'ev', 'ppd', 'bart'"
"live","amplitude.base","method:fitted.bart","fitted","zzz-bad-type","test","","refused","type must be in 'ev', 'ppd', 'bart'"
"live","amplitude.base","method:fitted.bart","fitted","zzz-bad-type","zzz-bad-sample","","refused","type must be in 'ev', 'ppd', 'bart'"
"live","amplitude.base","method:residuals.bart","residuals","ev","","","accepted","numeric len40"
"live","amplitude.base","method:residuals.bart","residuals","zzz-bad-type","","","refused","type must be in 'ev', 'ppd', 'bart'"
"live","amplitude.base","method:summary.bart","summary","","","","accepted","summary.bart len3"
"live","amplitude.base","method:print.bart","print","","","","accepted","bart len20"
"live","amplitude.base","method:plot.bart","plot","","","","accepted","NULL"
"live","amplitude.base","method:plotTree.bart","plotTree","","","","accepted","NULL"
"live","amplitude.base","method:survivalProbabilities.bart","survivalProbabilities","","","TRUE","refused","survivalProbabilities requires an aft (survival) fit"
"live","amplitude.base","method:survivalProbabilities.bart","survivalProbabilities","","","FALSE","refused","survivalProbabilities requires an aft (survival) fit"
"live","amplitude.base","method:as_draws_array.bart","as_draws_array","","","","accepted","draws_array/draws/array 6x1x1 dn=[{1,2,3,...},{1},{sigma}]"
"live","amplitude.base","method:as_draws_df.bart","as_draws_df","","","","accepted","draws_df/draws/tbl_df/tbl/data.frame 6x4 dn=[{1,2,3,...},{sigma,.chain,.iteration,...}]"
"live","amplitude.kT0","build","","","","","built","class=bart"
"live","amplitude.kT0","fields","documented-present","","","","info","call;yhat.train;yhat.train.mean;sigma;first.sigma;varcount;sigest;resid.dist;y;n.chains;family"
"live","amplitude.kT0","fields","documented-absent","","","","info","yhat.test;yhat.test.mean;fit"
"live","amplitude.kT0","fields","all-names","","","","info","call;family;resid.dist;first.sigma;sigma;sigest;yhat.train;yhat.train.mean;yhat.test;yhat.test.mean;s.train;s.test;varcount;y;n.forests;forestFits;glue;bases;basis.terms;n.chains"
"live","amplitude.kT0","method:predict.bart","predict","ev","","TRUE","refused","predict requires bart2 to be called with 'keepTrees' == TRUE"
"live","amplitude.kT0","method:predict.bart","predict","ev","","FALSE","refused","predict requires bart2 to be called with 'keepTrees' == TRUE"
"live","amplitude.kT0","method:predict.bart","predict","ppd","","TRUE","refused","predict requires bart2 to be called with 'keepTrees' == TRUE"
"live","amplitude.kT0","method:predict.bart","predict","ppd","","FALSE","refused","predict requires bart2 to be called with 'keepTrees' == TRUE"
"live","amplitude.kT0","method:predict.bart","predict","bart","","TRUE","refused","predict requires bart2 to be called with 'keepTrees' == TRUE"
"live","amplitude.kT0","method:predict.bart","predict","bart","","FALSE","refused","predict requires bart2 to be called with 'keepTrees' == TRUE"
"live","amplitude.kT0","method:predict.bart","predict","forest","","TRUE","refused","predict requires bart2 to be called with 'keepTrees' == TRUE"
"live","amplitude.kT0","method:predict.bart","predict","forest","","FALSE","refused","predict requires bart2 to be called with 'keepTrees' == TRUE"
"live","amplitude.kT0","method:predict.bart","predict","zzz-bad-type","","TRUE","refused","predict requires bart2 to be called with 'keepTrees' == TRUE"
"live","amplitude.kT0","method:predict.bart","predict","zzz-bad-type","","FALSE","refused","predict requires bart2 to be called with 'keepTrees' == TRUE"
"live","amplitude.kT0","method:extract.bart","extract","ev","train","TRUE","accepted","matrix/array 6x40"
"live","amplitude.kT0","method:extract.bart","extract","ev","train","FALSE","accepted","matrix/array 6x40"
"live","amplitude.kT0","method:extract.bart","extract","ev","test","TRUE","refused","cannot extract test sample predictions if no test data exists; use 'predict' instead"
"live","amplitude.kT0","method:extract.bart","extract","ev","test","FALSE","refused","cannot extract test sample predictions if no test data exists; use 'predict' instead"
"live","amplitude.kT0","method:extract.bart","extract","ev","zzz-bad-sample","TRUE","refused","sample must be in 'train', 'test'"
"live","amplitude.kT0","method:extract.bart","extract","ev","zzz-bad-sample","FALSE","refused","sample must be in 'train', 'test'"
"live","amplitude.kT0","method:extract.bart","extract","ppd","train","TRUE","accepted","matrix/array 6x40"
"live","amplitude.kT0","method:extract.bart","extract","ppd","train","FALSE","accepted","matrix/array 6x40"
"live","amplitude.kT0","method:extract.bart","extract","ppd","test","TRUE","refused","cannot extract test sample predictions if no test data exists; use 'predict' instead"
"live","amplitude.kT0","method:extract.bart","extract","ppd","test","FALSE","refused","cannot extract test sample predictions if no test data exists; use 'predict' instead"
"live","amplitude.kT0","method:extract.bart","extract","ppd","zzz-bad-sample","TRUE","refused","sample must be in 'train', 'test'"
"live","amplitude.kT0","method:extract.bart","extract","ppd","zzz-bad-sample","FALSE","refused","sample must be in 'train', 'test'"
"live","amplitude.kT0","method:extract.bart","extract","bart","train","TRUE","accepted","matrix/array 6x40"
"live","amplitude.kT0","method:extract.bart","extract","bart","train","FALSE","accepted","matrix/array 6x40"
"live","amplitude.kT0","method:extract.bart","extract","bart","test","TRUE","refused","cannot extract test sample predictions if no test data exists; use 'predict' instead"
"live","amplitude.kT0","method:extract.bart","extract","bart","test","FALSE","refused","cannot extract test sample predictions if no test data exists; use 'predict' instead"
"live","amplitude.kT0","method:extract.bart","extract","bart","zzz-bad-sample","TRUE","refused","sample must be in 'train', 'test'"
"live","amplitude.kT0","method:extract.bart","extract","bart","zzz-bad-sample","FALSE","refused","sample must be in 'train', 'test'"
"live","amplitude.kT0","method:extract.bart","extract","loglik","train","TRUE","accepted","matrix/array 6x40"
"live","amplitude.kT0","method:extract.bart","extract","loglik","train","FALSE","accepted","matrix/array 6x40"
"live","amplitude.kT0","method:extract.bart","extract","loglik","test","TRUE","refused","cannot extract a test sample log-likelihood; no test response exists"
"live","amplitude.kT0","method:extract.bart","extract","loglik","test","FALSE","refused","cannot extract a test sample log-likelihood; no test response exists"
"live","amplitude.kT0","method:extract.bart","extract","loglik","zzz-bad-sample","TRUE","refused","sample must be in 'train', 'test'"
"live","amplitude.kT0","method:extract.bart","extract","loglik","zzz-bad-sample","FALSE","refused","sample must be in 'train', 'test'"
"live","amplitude.kT0","method:extract.bart","extract","trees","train","TRUE","refused","extracting trees requires bart2 to be called with 'keepTrees' == TRUE"
"live","amplitude.kT0","method:extract.bart","extract","trees","train","FALSE","refused","extracting trees requires bart2 to be called with 'keepTrees' == TRUE"
"live","amplitude.kT0","method:extract.bart","extract","trees","test","TRUE","refused","extracting trees requires bart2 to be called with 'keepTrees' == TRUE"
"live","amplitude.kT0","method:extract.bart","extract","trees","test","FALSE","refused","extracting trees requires bart2 to be called with 'keepTrees' == TRUE"
"live","amplitude.kT0","method:extract.bart","extract","trees","zzz-bad-sample","TRUE","refused","extracting trees requires bart2 to be called with 'keepTrees' == TRUE"
"live","amplitude.kT0","method:extract.bart","extract","trees","zzz-bad-sample","FALSE","refused","extracting trees requires bart2 to be called with 'keepTrees' == TRUE"
"live","amplitude.kT0","method:extract.bart","extract","forest","train","TRUE","accepted","array 6x40x2 dn=[NULL,NULL,{forest1,forest2}]"
"live","amplitude.kT0","method:extract.bart","extract","forest","train","FALSE","accepted","array 6x40x2 dn=[NULL,NULL,{forest1,forest2}]"
"live","amplitude.kT0","method:extract.bart","extract","forest","test","TRUE","refused","type = ""forest"" does not support sample = ""test"": no test-sample per-forest channel is stored, since an amplitude-coupled fit takes no test predictors; predict(type = ""forest"") replays the forests at new rows instead"
"live","amplitude.kT0","method:extract.bart","extract","forest","test","FALSE","refused","type = ""forest"" does not support sample = ""test"": no test-sample per-forest channel is stored, since an amplitude-coupled fit takes no test predictors; predict(type = ""forest"") replays the forests at new rows instead"
"live","amplitude.kT0","method:extract.bart","extract","forest","zzz-bad-sample","TRUE","refused","sample must be in 'train', 'test'"
"live","amplitude.kT0","method:extract.bart","extract","forest","zzz-bad-sample","FALSE","refused","sample must be in 'train', 'test'"
"live","amplitude.kT0","method:extract.bart","extract","zzz-bad-type","train","TRUE","refused","type must be in 'ev', 'ppd', 'bart', 'loglik', 'trees', 'forest'"
"live","amplitude.kT0","method:extract.bart","extract","zzz-bad-type","train","FALSE","refused","type must be in 'ev', 'ppd', 'bart', 'loglik', 'trees', 'forest'"
"live","amplitude.kT0","method:extract.bart","extract","zzz-bad-type","test","TRUE","refused","type must be in 'ev', 'ppd', 'bart', 'loglik', 'trees', 'forest'"
"live","amplitude.kT0","method:extract.bart","extract","zzz-bad-type","test","FALSE","refused","type must be in 'ev', 'ppd', 'bart', 'loglik', 'trees', 'forest'"
"live","amplitude.kT0","method:extract.bart","extract","zzz-bad-type","zzz-bad-sample","TRUE","refused","type must be in 'ev', 'ppd', 'bart', 'loglik', 'trees', 'forest'"
"live","amplitude.kT0","method:extract.bart","extract","zzz-bad-type","zzz-bad-sample","FALSE","refused","type must be in 'ev', 'ppd', 'bart', 'loglik', 'trees', 'forest'"
"live","amplitude.kT0","method:fitted.bart","fitted","ev","train","","accepted","numeric len40"
"live","amplitude.kT0","method:fitted.bart","fitted","ev","test","","refused","cannot extract test sample predictions if no test data exists; use 'predict' instead"
"live","amplitude.kT0","method:fitted.bart","fitted","ev","zzz-bad-sample","","refused","sample must be in 'train', 'test'"
"live","amplitude.kT0","method:fitted.bart","fitted","ppd","train","","accepted","numeric len40"
"live","amplitude.kT0","method:fitted.bart","fitted","ppd","test","","refused","cannot extract test sample predictions if no test data exists; use 'predict' instead"
"live","amplitude.kT0","method:fitted.bart","fitted","ppd","zzz-bad-sample","","refused","sample must be in 'train', 'test'"
"live","amplitude.kT0","method:fitted.bart","fitted","bart","train","","accepted","numeric len40"
"live","amplitude.kT0","method:fitted.bart","fitted","bart","test","","refused","cannot extract test sample predictions if no test data exists; use 'predict' instead"
"live","amplitude.kT0","method:fitted.bart","fitted","bart","zzz-bad-sample","","refused","sample must be in 'train', 'test'"
"live","amplitude.kT0","method:fitted.bart","fitted","zzz-bad-type","train","","refused","type must be in 'ev', 'ppd', 'bart'"
"live","amplitude.kT0","method:fitted.bart","fitted","zzz-bad-type","test","","refused","type must be in 'ev', 'ppd', 'bart'"
"live","amplitude.kT0","method:fitted.bart","fitted","zzz-bad-type","zzz-bad-sample","","refused","type must be in 'ev', 'ppd', 'bart'"
"live","amplitude.kT0","method:residuals.bart","residuals","ev","","","accepted","numeric len40"
"live","amplitude.kT0","method:residuals.bart","residuals","zzz-bad-type","","","refused","type must be in 'ev', 'ppd', 'bart'"
"live","amplitude.kT0","method:summary.bart","summary","","","","accepted","summary.bart len3"
"live","amplitude.kT0","method:print.bart","print","","","","accepted","bart len20"
"live","amplitude.kT0","method:plot.bart","plot","","","","accepted","NULL"
"live","amplitude.kT0","method:plotTree.bart","plotTree","","","","refused","plotTree requires the trees to be kept: fit with keeptrees/keepTrees = TRUE"
"live","amplitude.kT0","method:survivalProbabilities.bart","survivalProbabilities","","","TRUE","refused","survivalProbabilities requires an aft (survival) fit"
"live","amplitude.kT0","method:survivalProbabilities.bart","survivalProbabilities","","","FALSE","refused","survivalProbabilities requires an aft (survival) fit"
"live","amplitude.kT0","method:as_draws_array.bart","as_draws_array","","","","accepted","draws_array/draws/array 6x1x1 dn=[{1,2,3,...},{1},{sigma}]"
"live","amplitude.kT0","method:as_draws_df.bart","as_draws_df","","","","accepted","draws_df/draws/tbl_df/tbl/data.frame 6x4 dn=[{1,2,3,...},{sigma,.chain,.iteration,...}]"
"live","amplitude.nc2u","build","","","","","built","class=bart"
"live","amplitude.nc2u","fields","documented-present","","","","info","call;yhat.train;yhat.train.mean;sigma;first.sigma;varcount;sigest;resid.dist;y;fit;family"
"live","amplitude.nc2u","fields","documented-absent","","","","info","yhat.test;yhat.test.mean;n.chains"
"live","amplitude.nc2u","fields","all-names","","","","info","call;family;resid.dist;first.sigma;sigma;sigest;yhat.train;yhat.train.mean;yhat.test;yhat.test.mean;s.train;s.test;varcount;y;n.forests;forestFits;glue;bases;basis.terms;fit"
"live","amplitude.nc2u","method:predict.bart","predict","ev","","TRUE","refused","number of columns in 'test' must be equal to that of 'x'"
"live","amplitude.nc2u","method:predict.bart","predict","ev","","FALSE","refused","number of columns in 'test' must be equal to that of 'x'"
"live","amplitude.nc2u","method:predict.bart","predict","ppd","","TRUE","refused","number of columns in 'test' must be equal to that of 'x'"
"live","amplitude.nc2u","method:predict.bart","predict","ppd","","FALSE","refused","number of columns in 'test' must be equal to that of 'x'"
"live","amplitude.nc2u","method:predict.bart","predict","bart","","TRUE","refused","number of columns in 'test' must be equal to that of 'x'"
"live","amplitude.nc2u","method:predict.bart","predict","bart","","FALSE","refused","number of columns in 'test' must be equal to that of 'x'"
"live","amplitude.nc2u","method:predict.bart","predict","forest","","TRUE","refused","number of columns in 'test' must be equal to that of 'x'"
"live","amplitude.nc2u","method:predict.bart","predict","forest","","FALSE","refused","number of columns in 'test' must be equal to that of 'x'"
"live","amplitude.nc2u","method:predict.bart","predict","zzz-bad-type","","TRUE","refused","type must be in 'ev', 'ppd', 'bart', 'forest'"
"live","amplitude.nc2u","method:predict.bart","predict","zzz-bad-type","","FALSE","refused","type must be in 'ev', 'ppd', 'bart', 'forest'"
"live","amplitude.nc2u","method:extract.bart","extract","ev","train","TRUE","accepted","matrix/array 12x40"
"live","amplitude.nc2u","method:extract.bart","extract","ev","train","FALSE","accepted","array 2x6x40"
"live","amplitude.nc2u","method:extract.bart","extract","ev","test","TRUE","refused","cannot extract test sample predictions if no test data exists; use 'predict' instead"
"live","amplitude.nc2u","method:extract.bart","extract","ev","test","FALSE","refused","cannot extract test sample predictions if no test data exists; use 'predict' instead"
"live","amplitude.nc2u","method:extract.bart","extract","ev","zzz-bad-sample","TRUE","refused","sample must be in 'train', 'test'"
"live","amplitude.nc2u","method:extract.bart","extract","ev","zzz-bad-sample","FALSE","refused","sample must be in 'train', 'test'"
"live","amplitude.nc2u","method:extract.bart","extract","ppd","train","TRUE","accepted","matrix/array 12x40"
"live","amplitude.nc2u","method:extract.bart","extract","ppd","train","FALSE","accepted","array 2x6x40"
"live","amplitude.nc2u","method:extract.bart","extract","ppd","test","TRUE","refused","cannot extract test sample predictions if no test data exists; use 'predict' instead"
"live","amplitude.nc2u","method:extract.bart","extract","ppd","test","FALSE","refused","cannot extract test sample predictions if no test data exists; use 'predict' instead"
"live","amplitude.nc2u","method:extract.bart","extract","ppd","zzz-bad-sample","TRUE","refused","sample must be in 'train', 'test'"
"live","amplitude.nc2u","method:extract.bart","extract","ppd","zzz-bad-sample","FALSE","refused","sample must be in 'train', 'test'"
"live","amplitude.nc2u","method:extract.bart","extract","bart","train","TRUE","accepted","matrix/array 12x40"
"live","amplitude.nc2u","method:extract.bart","extract","bart","train","FALSE","accepted","array 2x6x40"
"live","amplitude.nc2u","method:extract.bart","extract","bart","test","TRUE","refused","cannot extract test sample predictions if no test data exists; use 'predict' instead"
"live","amplitude.nc2u","method:extract.bart","extract","bart","test","FALSE","refused","cannot extract test sample predictions if no test data exists; use 'predict' instead"
"live","amplitude.nc2u","method:extract.bart","extract","bart","zzz-bad-sample","TRUE","refused","sample must be in 'train', 'test'"
"live","amplitude.nc2u","method:extract.bart","extract","bart","zzz-bad-sample","FALSE","refused","sample must be in 'train', 'test'"
"live","amplitude.nc2u","method:extract.bart","extract","loglik","train","TRUE","accepted","matrix/array 12x40"
"live","amplitude.nc2u","method:extract.bart","extract","loglik","train","FALSE","accepted","array 2x6x40"
"live","amplitude.nc2u","method:extract.bart","extract","loglik","test","TRUE","refused","cannot extract a test sample log-likelihood; no test response exists"
"live","amplitude.nc2u","method:extract.bart","extract","loglik","test","FALSE","refused","cannot extract a test sample log-likelihood; no test response exists"
"live","amplitude.nc2u","method:extract.bart","extract","loglik","zzz-bad-sample","TRUE","refused","sample must be in 'train', 'test'"
"live","amplitude.nc2u","method:extract.bart","extract","loglik","zzz-bad-sample","FALSE","refused","sample must be in 'train', 'test'"
"live","amplitude.nc2u","method:extract.bart","extract","trees","train","TRUE","error-without-reason","unused argument (combineChains = TRUE)"
"live","amplitude.nc2u","method:extract.bart","extract","trees","train","FALSE","error-without-reason","unused argument (combineChains = FALSE)"
"live","amplitude.nc2u","method:extract.bart","extract","trees","test","TRUE","error-without-reason","unused argument (combineChains = TRUE)"
"live","amplitude.nc2u","method:extract.bart","extract","trees","test","FALSE","error-without-reason","unused argument (combineChains = FALSE)"
"live","amplitude.nc2u","method:extract.bart","extract","trees","zzz-bad-sample","TRUE","error-without-reason","unused argument (combineChains = TRUE)"
"live","amplitude.nc2u","method:extract.bart","extract","trees","zzz-bad-sample","FALSE","error-without-reason","unused argument (combineChains = FALSE)"
"live","amplitude.nc2u","method:extract.bart","extract","forest","train","TRUE","accepted","array 12x40x2 dn=[NULL,NULL,{forest1,forest2}]"
"live","amplitude.nc2u","method:extract.bart","extract","forest","train","FALSE","accepted","array 2x6x40x2 dn=[NULL,NULL,NULL,{forest1,forest2}]"
"live","amplitude.nc2u","method:extract.bart","extract","forest","test","TRUE","refused","type = ""forest"" does not support sample = ""test"": no test-sample per-forest channel is stored, since an amplitude-coupled fit takes no test predictors; predict(type = ""forest"") replays the forests at new rows instead"
"live","amplitude.nc2u","method:extract.bart","extract","forest","test","FALSE","refused","type = ""forest"" does not support sample = ""test"": no test-sample per-forest channel is stored, since an amplitude-coupled fit takes no test predictors; predict(type = ""forest"") replays the forests at new rows instead"
"live","amplitude.nc2u","method:extract.bart","extract","forest","zzz-bad-sample","TRUE","refused","sample must be in 'train', 'test'"
"live","amplitude.nc2u","method:extract.bart","extract","forest","zzz-bad-sample","FALSE","refused","sample must be in 'train', 'test'"
"live","amplitude.nc2u","method:extract.bart","extract","zzz-bad-type","train","TRUE","refused","type must be in 'ev', 'ppd', 'bart', 'loglik', 'trees', 'forest'"
"live","amplitude.nc2u","method:extract.bart","extract","zzz-bad-type","train","FALSE","refused","type must be in 'ev', 'ppd', 'bart', 'loglik', 'trees', 'forest'"
"live","amplitude.nc2u","method:extract.bart","extract","zzz-bad-type","test","TRUE","refused","type must be in 'ev', 'ppd', 'bart', 'loglik', 'trees', 'forest'"
"live","amplitude.nc2u","method:extract.bart","extract","zzz-bad-type","test","FALSE","refused","type must be in 'ev', 'ppd', 'bart', 'loglik', 'trees', 'forest'"
"live","amplitude.nc2u","method:extract.bart","extract","zzz-bad-type","zzz-bad-sample","TRUE","refused","type must be in 'ev', 'ppd', 'bart', 'loglik', 'trees', 'forest'"
"live","amplitude.nc2u","method:extract.bart","extract","zzz-bad-type","zzz-bad-sample","FALSE","refused","type must be in 'ev', 'ppd', 'bart', 'loglik', 'trees', 'forest'"
"live","amplitude.nc2u","method:fitted.bart","fitted","ev","train","","accepted","numeric len40"
"live","amplitude.nc2u","method:fitted.bart","fitted","ev","test","","refused","cannot extract test sample predictions if no test data exists; use 'predict' instead"
"live","amplitude.nc2u","method:fitted.bart","fitted","ev","zzz-bad-sample","","refused","sample must be in 'train', 'test'"
"live","amplitude.nc2u","method:fitted.bart","fitted","ppd","train","","accepted","numeric len40"
"live","amplitude.nc2u","method:fitted.bart","fitted","ppd","test","","refused","cannot extract test sample predictions if no test data exists; use 'predict' instead"
"live","amplitude.nc2u","method:fitted.bart","fitted","ppd","zzz-bad-sample","","refused","sample must be in 'train', 'test'"
"live","amplitude.nc2u","method:fitted.bart","fitted","bart","train","","accepted","numeric len40"
"live","amplitude.nc2u","method:fitted.bart","fitted","bart","test","","refused","cannot extract test sample predictions if no test data exists; use 'predict' instead"
"live","amplitude.nc2u","method:fitted.bart","fitted","bart","zzz-bad-sample","","refused","sample must be in 'train', 'test'"
"live","amplitude.nc2u","method:fitted.bart","fitted","zzz-bad-type","train","","refused","type must be in 'ev', 'ppd', 'bart'"
"live","amplitude.nc2u","method:fitted.bart","fitted","zzz-bad-type","test","","refused","type must be in 'ev', 'ppd', 'bart'"
"live","amplitude.nc2u","method:fitted.bart","fitted","zzz-bad-type","zzz-bad-sample","","refused","type must be in 'ev', 'ppd', 'bart'"
"live","amplitude.nc2u","method:residuals.bart","residuals","ev","","","accepted","numeric len40"
"live","amplitude.nc2u","method:residuals.bart","residuals","zzz-bad-type","","","refused","type must be in 'ev', 'ppd', 'bart'"
"live","amplitude.nc2u","method:summary.bart","summary","","","","accepted","summary.bart len3"
"live","amplitude.nc2u","method:print.bart","print","","","","accepted","bart len20"
"live","amplitude.nc2u","method:plot.bart","plot","","","","accepted","NULL"
"live","amplitude.nc2u","method:plotTree.bart","plotTree","","","","refused","chainNum required if more than one chain in sampler"
"live","amplitude.nc2u","method:survivalProbabilities.bart","survivalProbabilities","","","TRUE","refused","survivalProbabilities requires an aft (survival) fit"
"live","amplitude.nc2u","method:survivalProbabilities.bart","survivalProbabilities","","","FALSE","refused","survivalProbabilities requires an aft (survival) fit"
"live","amplitude.nc2u","method:as_draws_array.bart","as_draws_array","","","","accepted","draws_array/draws/array 6x2x1 dn=[{1,2,3,...},{1,2},{sigma}]"
"live","amplitude.nc2u","method:as_draws_df.bart","as_draws_df","","","","accepted","draws_df/draws/tbl_df/tbl/data.frame 12x4 dn=[{1,2,3,...},{sigma,.chain,.iteration,...}]"
"live","multinomial.base","build","","","","","built","class=bartMultinomial"
"live","multinomial.base","fields","documented-present","","","","info","call;yhat.train;yhat.test;varcount;y;fit;n.chains;family"
"live","multinomial.base","fields","documented-absent","","","","info","yhat.train.mean;yhat.test.mean;sigma;first.sigma;sigest;resid.dist"
"live","multinomial.base","fields","all-names","","","","info","call;family;levels;K;n.chains;n.trees;y;yhat.train;varcount;yhat.test;fit"
"live","multinomial.base","method:predict.bartMultinomial","predict","ev","","TRUE","accepted","array 6x12x3 dn=[NULL,NULL,{a,b,c}]"
"live","multinomial.base","method:predict.bartMultinomial","predict","ev","","FALSE","accepted","array 6x12x3 dn=[NULL,NULL,{a,b,c}]"
"live","multinomial.base","method:predict.bartMultinomial","predict","ppd","","TRUE","accepted","matrix/array 6x12"
"live","multinomial.base","method:predict.bartMultinomial","predict","ppd","","FALSE","accepted","matrix/array 6x12"
"live","multinomial.base","method:predict.bartMultinomial","predict","bart","","TRUE","refused","multinomial fits do not support type = ""bart"": the run records only the identified softmax probabilities; the raw per-category latent fits are non-identified and unrecorded"
"live","multinomial.base","method:predict.bartMultinomial","predict","bart","","FALSE","refused","multinomial fits do not support type = ""bart"": the run records only the identified softmax probabilities; the raw per-category latent fits are non-identified and unrecorded"
"live","multinomial.base","method:predict.bartMultinomial","predict","forest","","TRUE","refused","multinomial fits do not support type = ""forest"": a category's forest is a latent whose level is reproducibly structured yet not identified, so a raw replay reads as signal; the identified content is the log-ratio of the probabilities predict() reports"
"live","multinomial.base","method:predict.bartMultinomial","predict","forest","","FALSE","refused","multinomial fits do not support type = ""forest"": a category's forest is a latent whose level is reproducibly structured yet not identified, so a raw replay reads as signal; the identified content is the log-ratio of the probabilities predict() reports"
"live","multinomial.base","method:predict.bartMultinomial","predict","zzz-bad-type","","TRUE","refused","type must be in 'ev', 'ppd', 'bart', 'forest'"
"live","multinomial.base","method:predict.bartMultinomial","predict","zzz-bad-type","","FALSE","refused","type must be in 'ev', 'ppd', 'bart', 'forest'"
"live","multinomial.base","method:extract.bartMultinomial","extract","ev","train","","accepted","array 6x40x3 dn=[NULL,NULL,{a,b,c}]"
"live","multinomial.base","method:extract.bartMultinomial","extract","ev","test","","accepted","array 6x12x3 dn=[NULL,NULL,{a,b,c}]"
"live","multinomial.base","method:extract.bartMultinomial","extract","ev","zzz-bad-sample","","error-without-reason","'arg' should be one of “train”, “test”"
"live","multinomial.base","method:extract.bartMultinomial","extract","ppd","train","","accepted","matrix/array 6x40"
"live","multinomial.base","method:extract.bartMultinomial","extract","ppd","test","","accepted","matrix/array 6x12"
"live","multinomial.base","method:extract.bartMultinomial","extract","ppd","zzz-bad-sample","","error-without-reason","'arg' should be one of “train”, “test”"
"live","multinomial.base","method:extract.bartMultinomial","extract","bart","train","","refused","multinomial fits do not support type = ""bart"": the run records only the identified softmax probabilities; the raw per-category latent fits are non-identified and unrecorded"
"live","multinomial.base","method:extract.bartMultinomial","extract","bart","test","","refused","multinomial fits do not support type = ""bart"": the run records only the identified softmax probabilities; the raw per-category latent fits are non-identified and unrecorded"
"live","multinomial.base","method:extract.bartMultinomial","extract","bart","zzz-bad-sample","","error-without-reason","'arg' should be one of “train”, “test”"
"live","multinomial.base","method:extract.bartMultinomial","extract","forest","train","","refused","multinomial fits do not support type = ""forest"": a category's forest is a latent whose level is reproducibly structured yet not identified, so a raw replay reads as signal; the identified content is the log-ratio of the probabilities predict() reports"
"live","multinomial.base","method:extract.bartMultinomial","extract","forest","test","","refused","multinomial fits do not support type = ""forest"": a category's forest is a latent whose level is reproducibly structured yet not identified, so a raw replay reads as signal; the identified content is the log-ratio of the probabilities predict() reports"
"live","multinomial.base","method:extract.bartMultinomial","extract","forest","zzz-bad-sample","","error-without-reason","'arg' should be one of “train”, “test”"
"live","multinomial.base","method:extract.bartMultinomial","extract","zzz-bad-type","train","","refused","type must be in 'ev', 'ppd', 'bart', 'forest'"
"live","multinomial.base","method:extract.bartMultinomial","extract","zzz-bad-type","test","","refused","type must be in 'ev', 'ppd', 'bart', 'forest'"
"live","multinomial.base","method:extract.bartMultinomial","extract","zzz-bad-type","zzz-bad-sample","","refused","type must be in 'ev', 'ppd', 'bart', 'forest'"
"live","multinomial.base","method:fitted.bartMultinomial","fitted","ev","","","accepted","matrix/array 40x3 dn=[NULL,{a,b,c}]"
"live","multinomial.base","method:fitted.bartMultinomial","fitted","class","","","accepted","factor len40  attrs=[levels]"
"live","multinomial.base","method:fitted.bartMultinomial","fitted","bart","","","refused","multinomial fits do not support type = ""bart"": the run records only the identified softmax probabilities; the raw per-category latent fits are non-identified and unrecorded"
"live","multinomial.base","method:fitted.bartMultinomial","fitted","zzz-bad-type","","","refused","type must be in 'ev', 'class', 'bart'"
"live","multinomial.base","method:residuals.bartMultinomial","residuals","","","","accepted","matrix/array 40x3 dn=[NULL,{a,b,c}]"
"live","multinomial.base","method:summary.bartMultinomial","summary","","","","accepted","summary.bart len3"
"live","multinomial.base","method:print.bartMultinomial","print","","","","accepted","bartMultinomial len11"
"live","multinomial.base","method:plot.bartMultinomial","plot","","","","accepted","bartMultinomial len11"
"live","multinomial.base","DEFAULT","plotTree","","","","error-without-reason","no applicable method for 'plotTree' applied to an object of class ""bartMultinomial"""
"live","multinomial.base","DEFAULT","survivalProbabilities","","","","error-without-reason","no applicable method for 'survivalProbabilities' applied to an object of class ""bartMultinomial"""
"live","multinomial.base","DEFAULT","as_draws_array","","","","refused","All list elements must be lists themselves."
"live","multinomial.base","DEFAULT","as_draws_df","","","","refused","All list elements must be lists themselves."
"live","multinomial.kT0","build","","","","","built","class=bartMultinomial"
"live","multinomial.kT0","fields","documented-present","","","","info","call;yhat.train;yhat.test;varcount;y;n.chains;family"
"live","multinomial.kT0","fields","documented-absent","","","","info","yhat.train.mean;yhat.test.mean;sigma;first.sigma;sigest;resid.dist;fit"
"live","multinomial.kT0","fields","all-names","","","","info","call;family;levels;K;n.chains;n.trees;y;yhat.train;varcount;yhat.test"
"live","multinomial.kT0","method:predict.bartMultinomial","predict","ev","","TRUE","refused","predict requires bart2(family = ""multinomial"") to be called with 'keepTrees' == TRUE"
"live","multinomial.kT0","method:predict.bartMultinomial","predict","ev","","FALSE","refused","predict requires bart2(family = ""multinomial"") to be called with 'keepTrees' == TRUE"
"live","multinomial.kT0","method:predict.bartMultinomial","predict","ppd","","TRUE","refused","predict requires bart2(family = ""multinomial"") to be called with 'keepTrees' == TRUE"
"live","multinomial.kT0","method:predict.bartMultinomial","predict","ppd","","FALSE","refused","predict requires bart2(family = ""multinomial"") to be called with 'keepTrees' == TRUE"
"live","multinomial.kT0","method:predict.bartMultinomial","predict","bart","","TRUE","refused","multinomial fits do not support type = ""bart"": the run records only the identified softmax probabilities; the raw per-category latent fits are non-identified and unrecorded"
"live","multinomial.kT0","method:predict.bartMultinomial","predict","bart","","FALSE","refused","multinomial fits do not support type = ""bart"": the run records only the identified softmax probabilities; the raw per-category latent fits are non-identified and unrecorded"
"live","multinomial.kT0","method:predict.bartMultinomial","predict","forest","","TRUE","refused","multinomial fits do not support type = ""forest"": a category's forest is a latent whose level is reproducibly structured yet not identified, so a raw replay reads as signal; the identified content is the log-ratio of the probabilities predict() reports"
"live","multinomial.kT0","method:predict.bartMultinomial","predict","forest","","FALSE","refused","multinomial fits do not support type = ""forest"": a category's forest is a latent whose level is reproducibly structured yet not identified, so a raw replay reads as signal; the identified content is the log-ratio of the probabilities predict() reports"
"live","multinomial.kT0","method:predict.bartMultinomial","predict","zzz-bad-type","","TRUE","refused","type must be in 'ev', 'ppd', 'bart', 'forest'"
"live","multinomial.kT0","method:predict.bartMultinomial","predict","zzz-bad-type","","FALSE","refused","type must be in 'ev', 'ppd', 'bart', 'forest'"
"live","multinomial.kT0","method:extract.bartMultinomial","extract","ev","train","","accepted","array 6x40x3 dn=[NULL,NULL,{a,b,c}]"
"live","multinomial.kT0","method:extract.bartMultinomial","extract","ev","test","","accepted","array 6x12x3 dn=[NULL,NULL,{a,b,c}]"
"live","multinomial.kT0","method:extract.bartMultinomial","extract","ev","zzz-bad-sample","","error-without-reason","'arg' should be one of “train”, “test”"
"live","multinomial.kT0","method:extract.bartMultinomial","extract","ppd","train","","accepted","matrix/array 6x40"
"live","multinomial.kT0","method:extract.bartMultinomial","extract","ppd","test","","accepted","matrix/array 6x12"
"live","multinomial.kT0","method:extract.bartMultinomial","extract","ppd","zzz-bad-sample","","error-without-reason","'arg' should be one of “train”, “test”"
"live","multinomial.kT0","method:extract.bartMultinomial","extract","bart","train","","refused","multinomial fits do not support type = ""bart"": the run records only the identified softmax probabilities; the raw per-category latent fits are non-identified and unrecorded"
"live","multinomial.kT0","method:extract.bartMultinomial","extract","bart","test","","refused","multinomial fits do not support type = ""bart"": the run records only the identified softmax probabilities; the raw per-category latent fits are non-identified and unrecorded"
"live","multinomial.kT0","method:extract.bartMultinomial","extract","bart","zzz-bad-sample","","error-without-reason","'arg' should be one of “train”, “test”"
"live","multinomial.kT0","method:extract.bartMultinomial","extract","forest","train","","refused","multinomial fits do not support type = ""forest"": a category's forest is a latent whose level is reproducibly structured yet not identified, so a raw replay reads as signal; the identified content is the log-ratio of the probabilities predict() reports"
"live","multinomial.kT0","method:extract.bartMultinomial","extract","forest","test","","refused","multinomial fits do not support type = ""forest"": a category's forest is a latent whose level is reproducibly structured yet not identified, so a raw replay reads as signal; the identified content is the log-ratio of the probabilities predict() reports"
"live","multinomial.kT0","method:extract.bartMultinomial","extract","forest","zzz-bad-sample","","error-without-reason","'arg' should be one of “train”, “test”"
"live","multinomial.kT0","method:extract.bartMultinomial","extract","zzz-bad-type","train","","refused","type must be in 'ev', 'ppd', 'bart', 'forest'"
"live","multinomial.kT0","method:extract.bartMultinomial","extract","zzz-bad-type","test","","refused","type must be in 'ev', 'ppd', 'bart', 'forest'"
"live","multinomial.kT0","method:extract.bartMultinomial","extract","zzz-bad-type","zzz-bad-sample","","refused","type must be in 'ev', 'ppd', 'bart', 'forest'"
"live","multinomial.kT0","method:fitted.bartMultinomial","fitted","ev","","","accepted","matrix/array 40x3 dn=[NULL,{a,b,c}]"
"live","multinomial.kT0","method:fitted.bartMultinomial","fitted","class","","","accepted","factor len40  attrs=[levels]"
"live","multinomial.kT0","method:fitted.bartMultinomial","fitted","bart","","","refused","multinomial fits do not support type = ""bart"": the run records only the identified softmax probabilities; the raw per-category latent fits are non-identified and unrecorded"
"live","multinomial.kT0","method:fitted.bartMultinomial","fitted","zzz-bad-type","","","refused","type must be in 'ev', 'class', 'bart'"
"live","multinomial.kT0","method:residuals.bartMultinomial","residuals","","","","accepted","matrix/array 40x3 dn=[NULL,{a,b,c}]"
"live","multinomial.kT0","method:summary.bartMultinomial","summary","","","","accepted","summary.bart len3"
"live","multinomial.kT0","method:print.bartMultinomial","print","","","","accepted","bartMultinomial len10"
"live","multinomial.kT0","method:plot.bartMultinomial","plot","","","","accepted","bartMultinomial len10"
"live","multinomial.kT0","DEFAULT","plotTree","","","","error-without-reason","no applicable method for 'plotTree' applied to an object of class ""bartMultinomial"""
"live","multinomial.kT0","DEFAULT","survivalProbabilities","","","","error-without-reason","no applicable method for 'survivalProbabilities' applied to an object of class ""bartMultinomial"""
"live","multinomial.kT0","DEFAULT","as_draws_array","","","","refused","All list elements must be lists themselves."
"live","multinomial.kT0","DEFAULT","as_draws_df","","","","refused","All list elements must be lists themselves."
"live","multinomial.nc2","build","","","","","built","class=bartMultinomial"
"live","multinomial.nc2","fields","documented-present","","","","info","call;yhat.train;yhat.test;varcount;y;fit;n.chains;family"
"live","multinomial.nc2","fields","documented-absent","","","","info","yhat.train.mean;yhat.test.mean;sigma;first.sigma;sigest;resid.dist"
"live","multinomial.nc2","fields","all-names","","","","info","call;family;levels;K;n.chains;n.trees;y;yhat.train;varcount;yhat.test;fit"
"live","multinomial.nc2","method:predict.bartMultinomial","predict","ev","","TRUE","accepted","array 12x12x3 dn=[NULL,NULL,{a,b,c}]"
"live","multinomial.nc2","method:predict.bartMultinomial","predict","ev","","FALSE","accepted","array 2x6x12x3 dn=[NULL,NULL,NULL,{a,b,c}]"
"live","multinomial.nc2","method:predict.bartMultinomial","predict","ppd","","TRUE","accepted","matrix/array 12x12"
"live","multinomial.nc2","method:predict.bartMultinomial","predict","ppd","","FALSE","accepted","array 2x6x12"
"live","multinomial.nc2","method:predict.bartMultinomial","predict","bart","","TRUE","refused","multinomial fits do not support type = ""bart"": the run records only the identified softmax probabilities; the raw per-category latent fits are non-identified and unrecorded"
"live","multinomial.nc2","method:predict.bartMultinomial","predict","bart","","FALSE","refused","multinomial fits do not support type = ""bart"": the run records only the identified softmax probabilities; the raw per-category latent fits are non-identified and unrecorded"
"live","multinomial.nc2","method:predict.bartMultinomial","predict","forest","","TRUE","refused","multinomial fits do not support type = ""forest"": a category's forest is a latent whose level is reproducibly structured yet not identified, so a raw replay reads as signal; the identified content is the log-ratio of the probabilities predict() reports"
"live","multinomial.nc2","method:predict.bartMultinomial","predict","forest","","FALSE","refused","multinomial fits do not support type = ""forest"": a category's forest is a latent whose level is reproducibly structured yet not identified, so a raw replay reads as signal; the identified content is the log-ratio of the probabilities predict() reports"
"live","multinomial.nc2","method:predict.bartMultinomial","predict","zzz-bad-type","","TRUE","refused","type must be in 'ev', 'ppd', 'bart', 'forest'"
"live","multinomial.nc2","method:predict.bartMultinomial","predict","zzz-bad-type","","FALSE","refused","type must be in 'ev', 'ppd', 'bart', 'forest'"
"live","multinomial.nc2","method:extract.bartMultinomial","extract","ev","train","","accepted","array 12x40x3 dn=[NULL,NULL,{a,b,c}]"
"live","multinomial.nc2","method:extract.bartMultinomial","extract","ev","test","","accepted","array 12x12x3 dn=[NULL,NULL,{a,b,c}]"
"live","multinomial.nc2","method:extract.bartMultinomial","extract","ev","zzz-bad-sample","","error-without-reason","'arg' should be one of “train”, “test”"
"live","multinomial.nc2","method:extract.bartMultinomial","extract","ppd","train","","accepted","matrix/array 12x40"
"live","multinomial.nc2","method:extract.bartMultinomial","extract","ppd","test","","accepted","matrix/array 12x12"
"live","multinomial.nc2","method:extract.bartMultinomial","extract","ppd","zzz-bad-sample","","error-without-reason","'arg' should be one of “train”, “test”"
"live","multinomial.nc2","method:extract.bartMultinomial","extract","bart","train","","refused","multinomial fits do not support type = ""bart"": the run records only the identified softmax probabilities; the raw per-category latent fits are non-identified and unrecorded"
"live","multinomial.nc2","method:extract.bartMultinomial","extract","bart","test","","refused","multinomial fits do not support type = ""bart"": the run records only the identified softmax probabilities; the raw per-category latent fits are non-identified and unrecorded"
"live","multinomial.nc2","method:extract.bartMultinomial","extract","bart","zzz-bad-sample","","error-without-reason","'arg' should be one of “train”, “test”"
"live","multinomial.nc2","method:extract.bartMultinomial","extract","forest","train","","refused","multinomial fits do not support type = ""forest"": a category's forest is a latent whose level is reproducibly structured yet not identified, so a raw replay reads as signal; the identified content is the log-ratio of the probabilities predict() reports"
"live","multinomial.nc2","method:extract.bartMultinomial","extract","forest","test","","refused","multinomial fits do not support type = ""forest"": a category's forest is a latent whose level is reproducibly structured yet not identified, so a raw replay reads as signal; the identified content is the log-ratio of the probabilities predict() reports"
"live","multinomial.nc2","method:extract.bartMultinomial","extract","forest","zzz-bad-sample","","error-without-reason","'arg' should be one of “train”, “test”"
"live","multinomial.nc2","method:extract.bartMultinomial","extract","zzz-bad-type","train","","refused","type must be in 'ev', 'ppd', 'bart', 'forest'"
"live","multinomial.nc2","method:extract.bartMultinomial","extract","zzz-bad-type","test","","refused","type must be in 'ev', 'ppd', 'bart', 'forest'"
"live","multinomial.nc2","method:extract.bartMultinomial","extract","zzz-bad-type","zzz-bad-sample","","refused","type must be in 'ev', 'ppd', 'bart', 'forest'"
"live","multinomial.nc2","method:fitted.bartMultinomial","fitted","ev","","","accepted","matrix/array 40x3 dn=[NULL,{a,b,c}]"
"live","multinomial.nc2","method:fitted.bartMultinomial","fitted","class","","","accepted","factor len40  attrs=[levels]"
"live","multinomial.nc2","method:fitted.bartMultinomial","fitted","bart","","","refused","multinomial fits do not support type = ""bart"": the run records only the identified softmax probabilities; the raw per-category latent fits are non-identified and unrecorded"
"live","multinomial.nc2","method:fitted.bartMultinomial","fitted","zzz-bad-type","","","refused","type must be in 'ev', 'class', 'bart'"
"live","multinomial.nc2","method:residuals.bartMultinomial","residuals","","","","accepted","matrix/array 40x3 dn=[NULL,{a,b,c}]"
"live","multinomial.nc2","method:summary.bartMultinomial","summary","","","","accepted","summary.bart len3"
"live","multinomial.nc2","method:print.bartMultinomial","print","","","","accepted","bartMultinomial len11"
"live","multinomial.nc2","method:plot.bartMultinomial","plot","","","","accepted","bartMultinomial len11"
"live","multinomial.nc2","DEFAULT","plotTree","","","","error-without-reason","no applicable method for 'plotTree' applied to an object of class ""bartMultinomial"""
"live","multinomial.nc2","DEFAULT","survivalProbabilities","","","","error-without-reason","no applicable method for 'survivalProbabilities' applied to an object of class ""bartMultinomial"""
"live","multinomial.nc2","DEFAULT","as_draws_array","","","","refused","All list elements must be lists themselves."
"live","multinomial.nc2","DEFAULT","as_draws_df","","","","refused","All list elements must be lists themselves."
"live","multinomial.nc2u","build","","","","","built","class=bartMultinomial"
"live","multinomial.nc2u","fields","documented-present","","","","info","call;yhat.train;yhat.test;varcount;y;fit;n.chains;family"
"live","multinomial.nc2u","fields","documented-absent","","","","info","yhat.train.mean;yhat.test.mean;sigma;first.sigma;sigest;resid.dist"
"live","multinomial.nc2u","fields","all-names","","","","info","call;family;levels;K;n.chains;n.trees;y;yhat.train;varcount;yhat.test;fit"
"live","multinomial.nc2u","method:predict.bartMultinomial","predict","ev","","TRUE","accepted","array 12x12x3 dn=[NULL,NULL,{a,b,c}]"
"live","multinomial.nc2u","method:predict.bartMultinomial","predict","ev","","FALSE","accepted","array 2x6x12x3 dn=[NULL,NULL,NULL,{a,b,c}]"
"live","multinomial.nc2u","method:predict.bartMultinomial","predict","ppd","","TRUE","accepted","matrix/array 12x12"
"live","multinomial.nc2u","method:predict.bartMultinomial","predict","ppd","","FALSE","accepted","array 2x6x12"
"live","multinomial.nc2u","method:predict.bartMultinomial","predict","bart","","TRUE","refused","multinomial fits do not support type = ""bart"": the run records only the identified softmax probabilities; the raw per-category latent fits are non-identified and unrecorded"
"live","multinomial.nc2u","method:predict.bartMultinomial","predict","bart","","FALSE","refused","multinomial fits do not support type = ""bart"": the run records only the identified softmax probabilities; the raw per-category latent fits are non-identified and unrecorded"
"live","multinomial.nc2u","method:predict.bartMultinomial","predict","forest","","TRUE","refused","multinomial fits do not support type = ""forest"": a category's forest is a latent whose level is reproducibly structured yet not identified, so a raw replay reads as signal; the identified content is the log-ratio of the probabilities predict() reports"
"live","multinomial.nc2u","method:predict.bartMultinomial","predict","forest","","FALSE","refused","multinomial fits do not support type = ""forest"": a category's forest is a latent whose level is reproducibly structured yet not identified, so a raw replay reads as signal; the identified content is the log-ratio of the probabilities predict() reports"
"live","multinomial.nc2u","method:predict.bartMultinomial","predict","zzz-bad-type","","TRUE","refused","type must be in 'ev', 'ppd', 'bart', 'forest'"
"live","multinomial.nc2u","method:predict.bartMultinomial","predict","zzz-bad-type","","FALSE","refused","type must be in 'ev', 'ppd', 'bart', 'forest'"
"live","multinomial.nc2u","method:extract.bartMultinomial","extract","ev","train","","accepted","array 2x6x40x3 dn=[NULL,NULL,NULL,{a,b,c}]"
"live","multinomial.nc2u","method:extract.bartMultinomial","extract","ev","test","","accepted","array 2x6x12x3 dn=[NULL,NULL,NULL,{a,b,c}]"
"live","multinomial.nc2u","method:extract.bartMultinomial","extract","ev","zzz-bad-sample","","error-without-reason","'arg' should be one of “train”, “test”"
"live","multinomial.nc2u","method:extract.bartMultinomial","extract","ppd","train","","accepted","array 2x6x40"
"live","multinomial.nc2u","method:extract.bartMultinomial","extract","ppd","test","","accepted","array 2x6x12"
"live","multinomial.nc2u","method:extract.bartMultinomial","extract","ppd","zzz-bad-sample","","error-without-reason","'arg' should be one of “train”, “test”"
"live","multinomial.nc2u","method:extract.bartMultinomial","extract","bart","train","","refused","multinomial fits do not support type = ""bart"": the run records only the identified softmax probabilities; the raw per-category latent fits are non-identified and unrecorded"
"live","multinomial.nc2u","method:extract.bartMultinomial","extract","bart","test","","refused","multinomial fits do not support type = ""bart"": the run records only the identified softmax probabilities; the raw per-category latent fits are non-identified and unrecorded"
"live","multinomial.nc2u","method:extract.bartMultinomial","extract","bart","zzz-bad-sample","","error-without-reason","'arg' should be one of “train”, “test”"
"live","multinomial.nc2u","method:extract.bartMultinomial","extract","forest","train","","refused","multinomial fits do not support type = ""forest"": a category's forest is a latent whose level is reproducibly structured yet not identified, so a raw replay reads as signal; the identified content is the log-ratio of the probabilities predict() reports"
"live","multinomial.nc2u","method:extract.bartMultinomial","extract","forest","test","","refused","multinomial fits do not support type = ""forest"": a category's forest is a latent whose level is reproducibly structured yet not identified, so a raw replay reads as signal; the identified content is the log-ratio of the probabilities predict() reports"
"live","multinomial.nc2u","method:extract.bartMultinomial","extract","forest","zzz-bad-sample","","error-without-reason","'arg' should be one of “train”, “test”"
"live","multinomial.nc2u","method:extract.bartMultinomial","extract","zzz-bad-type","train","","refused","type must be in 'ev', 'ppd', 'bart', 'forest'"
"live","multinomial.nc2u","method:extract.bartMultinomial","extract","zzz-bad-type","test","","refused","type must be in 'ev', 'ppd', 'bart', 'forest'"
"live","multinomial.nc2u","method:extract.bartMultinomial","extract","zzz-bad-type","zzz-bad-sample","","refused","type must be in 'ev', 'ppd', 'bart', 'forest'"
"live","multinomial.nc2u","method:fitted.bartMultinomial","fitted","ev","","","accepted","matrix/array 40x3 dn=[NULL,{a,b,c}]"
"live","multinomial.nc2u","method:fitted.bartMultinomial","fitted","class","","","accepted","factor len40  attrs=[levels]"
"live","multinomial.nc2u","method:fitted.bartMultinomial","fitted","bart","","","refused","multinomial fits do not support type = ""bart"": the run records only the identified softmax probabilities; the raw per-category latent fits are non-identified and unrecorded"
"live","multinomial.nc2u","method:fitted.bartMultinomial","fitted","zzz-bad-type","","","refused","type must be in 'ev', 'class', 'bart'"
"live","multinomial.nc2u","method:residuals.bartMultinomial","residuals","","","","accepted","matrix/array 40x3 dn=[NULL,{a,b,c}]"
"live","multinomial.nc2u","method:summary.bartMultinomial","summary","","","","accepted","summary.bart len3"
"live","multinomial.nc2u","method:print.bartMultinomial","print","","","","accepted","bartMultinomial len11"
"live","multinomial.nc2u","method:plot.bartMultinomial","plot","","","","accepted","bartMultinomial len11"
"live","multinomial.nc2u","DEFAULT","plotTree","","","","error-without-reason","no applicable method for 'plotTree' applied to an object of class ""bartMultinomial"""
"live","multinomial.nc2u","DEFAULT","survivalProbabilities","","","","error-without-reason","no applicable method for 'survivalProbabilities' applied to an object of class ""bartMultinomial"""
"live","multinomial.nc2u","DEFAULT","as_draws_array","","","","refused","All list elements must be lists themselves."
"live","multinomial.nc2u","DEFAULT","as_draws_df","","","","refused","All list elements must be lists themselves."
"live","ordinal.base","build","","","","","built","class=bartOrdinal"
"live","ordinal.base","fields","documented-present","","","","info","call;yhat.train;yhat.test;varcount;y;fit;n.chains;family"
"live","ordinal.base","fields","documented-absent","","","","info","yhat.train.mean;yhat.test.mean;sigma;first.sigma;sigest;resid.dist"
"live","ordinal.base","fields","all-names","","","","info","call;family;levels;K;n.chains;n.trees;y;cutpoints;yhat.train;latent.train;varcount;yhat.test;latent.test;cutpoints.raw;fit"
"live","ordinal.base","method:predict.bartOrdinal","predict","ev","","TRUE","accepted","array 6x12x3 dn=[NULL,NULL,{lo,mid,hi}]"
"live","ordinal.base","method:predict.bartOrdinal","predict","ev","","FALSE","accepted","array 6x12x3 dn=[NULL,NULL,{lo,mid,hi}]"
"live","ordinal.base","method:predict.bartOrdinal","predict","ppd","","TRUE","accepted","matrix/array 6x12"
"live","ordinal.base","method:predict.bartOrdinal","predict","ppd","","FALSE","accepted","matrix/array 6x12"
"live","ordinal.base","method:predict.bartOrdinal","predict","bart","","TRUE","accepted","matrix/array 6x12"
"live","ordinal.base","method:predict.bartOrdinal","predict","bart","","FALSE","accepted","matrix/array 6x12"
"live","ordinal.base","method:predict.bartOrdinal","predict","zzz-bad-type","","TRUE","refused","type must be in 'ev', 'ppd', 'bart'"
"live","ordinal.base","method:predict.bartOrdinal","predict","zzz-bad-type","","FALSE","refused","type must be in 'ev', 'ppd', 'bart'"
"live","ordinal.base","method:extract.bartOrdinal","extract","ev","train","","accepted","array 6x40x3 dn=[NULL,NULL,{lo,mid,hi}]"
"live","ordinal.base","method:extract.bartOrdinal","extract","ev","test","","accepted","array 6x12x3 dn=[NULL,NULL,{lo,mid,hi}]"
"live","ordinal.base","method:extract.bartOrdinal","extract","ev","zzz-bad-sample","","error-without-reason","'arg' should be one of “train”, “test”"
"live","ordinal.base","method:extract.bartOrdinal","extract","ppd","train","","accepted","matrix/array 6x40"
"live","ordinal.base","method:extract.bartOrdinal","extract","ppd","test","","accepted","matrix/array 6x12"
"live","ordinal.base","method:extract.bartOrdinal","extract","ppd","zzz-bad-sample","","error-without-reason","'arg' should be one of “train”, “test”"
"live","ordinal.base","method:extract.bartOrdinal","extract","bart","train","","accepted","matrix/array 6x40"
"live","ordinal.base","method:extract.bartOrdinal","extract","bart","test","","accepted","matrix/array 6x12"
"live","ordinal.base","method:extract.bartOrdinal","extract","bart","zzz-bad-sample","","error-without-reason","'arg' should be one of “train”, “test”"
"live","ordinal.base","method:extract.bartOrdinal","extract","zzz-bad-type","train","","refused","type must be in 'ev', 'ppd', 'bart'"
"live","ordinal.base","method:extract.bartOrdinal","extract","zzz-bad-type","test","","refused","type must be in 'ev', 'ppd', 'bart'"
"live","ordinal.base","method:extract.bartOrdinal","extract","zzz-bad-type","zzz-bad-sample","","refused","type must be in 'ev', 'ppd', 'bart'"
"live","ordinal.base","method:fitted.bartOrdinal","fitted","ev","","","accepted","matrix/array 40x3 dn=[NULL,{lo,mid,hi}]"
"live","ordinal.base","method:fitted.bartOrdinal","fitted","class","","","accepted","ordered/factor len40  attrs=[levels]"
"live","ordinal.base","method:fitted.bartOrdinal","fitted","bart","","","accepted","numeric len40"
"live","ordinal.base","method:fitted.bartOrdinal","fitted","zzz-bad-type","","","refused","type must be in 'ev', 'class', 'bart'"
"live","ordinal.base","method:residuals.bartOrdinal","residuals","","","","accepted","matrix/array 40x3 dn=[NULL,{lo,mid,hi}]"
"live","ordinal.base","method:summary.bartOrdinal","summary","","","","accepted","summary.bart len3"
"live","ordinal.base","method:print.bartOrdinal","print","","","","accepted","bartOrdinal len15"
"live","ordinal.base","DEFAULT","plot","","","","refused","'x' is a list, but does not have components 'x' and 'y'"
"live","ordinal.base","DEFAULT","plotTree","","","","error-without-reason","no applicable method for 'plotTree' applied to an object of class ""bartOrdinal"""
"live","ordinal.base","DEFAULT","survivalProbabilities","","","","error-without-reason","no applicable method for 'survivalProbabilities' applied to an object of class ""bartOrdinal"""
"live","ordinal.base","DEFAULT","as_draws_array","","","","refused","All list elements must be lists themselves."
"live","ordinal.base","DEFAULT","as_draws_df","","","","refused","All list elements must be lists themselves."
"live","ordinal.kT0","build","","","","","built","class=bartOrdinal"
"live","ordinal.kT0","fields","documented-present","","","","info","call;yhat.train;yhat.test;varcount;y;n.chains;family"
"live","ordinal.kT0","fields","documented-absent","","","","info","yhat.train.mean;yhat.test.mean;sigma;first.sigma;sigest;resid.dist;fit"
"live","ordinal.kT0","fields","all-names","","","","info","call;family;levels;K;n.chains;n.trees;y;cutpoints;yhat.train;latent.train;varcount;yhat.test;latent.test"
"live","ordinal.kT0","method:predict.bartOrdinal","predict","ev","","TRUE","refused","predict requires bart2(family = ""ordinal"") to be called with 'keepTrees' == TRUE"
"live","ordinal.kT0","method:predict.bartOrdinal","predict","ev","","FALSE","refused","predict requires bart2(family = ""ordinal"") to be called with 'keepTrees' == TRUE"
"live","ordinal.kT0","method:predict.bartOrdinal","predict","ppd","","TRUE","refused","predict requires bart2(family = ""ordinal"") to be called with 'keepTrees' == TRUE"
"live","ordinal.kT0","method:predict.bartOrdinal","predict","ppd","","FALSE","refused","predict requires bart2(family = ""ordinal"") to be called with 'keepTrees' == TRUE"
"live","ordinal.kT0","method:predict.bartOrdinal","predict","bart","","TRUE","refused","predict requires bart2(family = ""ordinal"") to be called with 'keepTrees' == TRUE"
"live","ordinal.kT0","method:predict.bartOrdinal","predict","bart","","FALSE","refused","predict requires bart2(family = ""ordinal"") to be called with 'keepTrees' == TRUE"
"live","ordinal.kT0","method:predict.bartOrdinal","predict","zzz-bad-type","","TRUE","refused","type must be in 'ev', 'ppd', 'bart'"
"live","ordinal.kT0","method:predict.bartOrdinal","predict","zzz-bad-type","","FALSE","refused","type must be in 'ev', 'ppd', 'bart'"
"live","ordinal.kT0","method:extract.bartOrdinal","extract","ev","train","","accepted","array 6x40x3 dn=[NULL,NULL,{lo,mid,hi}]"
"live","ordinal.kT0","method:extract.bartOrdinal","extract","ev","test","","accepted","array 6x12x3 dn=[NULL,NULL,{lo,mid,hi}]"
"live","ordinal.kT0","method:extract.bartOrdinal","extract","ev","zzz-bad-sample","","error-without-reason","'arg' should be one of “train”, “test”"
"live","ordinal.kT0","method:extract.bartOrdinal","extract","ppd","train","","accepted","matrix/array 6x40"
"live","ordinal.kT0","method:extract.bartOrdinal","extract","ppd","test","","accepted","matrix/array 6x12"
"live","ordinal.kT0","method:extract.bartOrdinal","extract","ppd","zzz-bad-sample","","error-without-reason","'arg' should be one of “train”, “test”"
"live","ordinal.kT0","method:extract.bartOrdinal","extract","bart","train","","accepted","matrix/array 6x40"
"live","ordinal.kT0","method:extract.bartOrdinal","extract","bart","test","","accepted","matrix/array 6x12"
"live","ordinal.kT0","method:extract.bartOrdinal","extract","bart","zzz-bad-sample","","error-without-reason","'arg' should be one of “train”, “test”"
"live","ordinal.kT0","method:extract.bartOrdinal","extract","zzz-bad-type","train","","refused","type must be in 'ev', 'ppd', 'bart'"
"live","ordinal.kT0","method:extract.bartOrdinal","extract","zzz-bad-type","test","","refused","type must be in 'ev', 'ppd', 'bart'"
"live","ordinal.kT0","method:extract.bartOrdinal","extract","zzz-bad-type","zzz-bad-sample","","refused","type must be in 'ev', 'ppd', 'bart'"
"live","ordinal.kT0","method:fitted.bartOrdinal","fitted","ev","","","accepted","matrix/array 40x3 dn=[NULL,{lo,mid,hi}]"
"live","ordinal.kT0","method:fitted.bartOrdinal","fitted","class","","","accepted","ordered/factor len40  attrs=[levels]"
"live","ordinal.kT0","method:fitted.bartOrdinal","fitted","bart","","","accepted","numeric len40"
"live","ordinal.kT0","method:fitted.bartOrdinal","fitted","zzz-bad-type","","","refused","type must be in 'ev', 'class', 'bart'"
"live","ordinal.kT0","method:residuals.bartOrdinal","residuals","","","","accepted","matrix/array 40x3 dn=[NULL,{lo,mid,hi}]"
"live","ordinal.kT0","method:summary.bartOrdinal","summary","","","","accepted","summary.bart len3"
"live","ordinal.kT0","method:print.bartOrdinal","print","","","","accepted","bartOrdinal len13"
"live","ordinal.kT0","DEFAULT","plot","","","","refused","'x' is a list, but does not have components 'x' and 'y'"
"live","ordinal.kT0","DEFAULT","plotTree","","","","error-without-reason","no applicable method for 'plotTree' applied to an object of class ""bartOrdinal"""
"live","ordinal.kT0","DEFAULT","survivalProbabilities","","","","error-without-reason","no applicable method for 'survivalProbabilities' applied to an object of class ""bartOrdinal"""
"live","ordinal.kT0","DEFAULT","as_draws_array","","","","refused","All list elements must be lists themselves."
"live","ordinal.kT0","DEFAULT","as_draws_df","","","","refused","All list elements must be lists themselves."
"live","ordinal.nc2u","build","","","","","built","class=bartOrdinal"
"live","ordinal.nc2u","fields","documented-present","","","","info","call;yhat.train;yhat.test;varcount;y;fit;n.chains;family"
"live","ordinal.nc2u","fields","documented-absent","","","","info","yhat.train.mean;yhat.test.mean;sigma;first.sigma;sigest;resid.dist"
"live","ordinal.nc2u","fields","all-names","","","","info","call;family;levels;K;n.chains;n.trees;y;cutpoints;yhat.train;latent.train;varcount;yhat.test;latent.test;cutpoints.raw;fit"
"live","ordinal.nc2u","method:predict.bartOrdinal","predict","ev","","TRUE","accepted","array 12x12x3 dn=[NULL,NULL,{lo,mid,hi}]"
"live","ordinal.nc2u","method:predict.bartOrdinal","predict","ev","","FALSE","accepted","array 2x6x12x3 dn=[NULL,NULL,NULL,{lo,mid,hi}]"
"live","ordinal.nc2u","method:predict.bartOrdinal","predict","ppd","","TRUE","accepted","matrix/array 12x12"
"live","ordinal.nc2u","method:predict.bartOrdinal","predict","ppd","","FALSE","accepted","array 2x6x12"
"live","ordinal.nc2u","method:predict.bartOrdinal","predict","bart","","TRUE","accepted","matrix/array 12x12"
"live","ordinal.nc2u","method:predict.bartOrdinal","predict","bart","","FALSE","accepted","array 2x6x12"
"live","ordinal.nc2u","method:predict.bartOrdinal","predict","zzz-bad-type","","TRUE","refused","type must be in 'ev', 'ppd', 'bart'"
"live","ordinal.nc2u","method:predict.bartOrdinal","predict","zzz-bad-type","","FALSE","refused","type must be in 'ev', 'ppd', 'bart'"
"live","ordinal.nc2u","method:extract.bartOrdinal","extract","ev","train","","accepted","array 2x6x40x3 dn=[NULL,NULL,NULL,{lo,mid,hi}]"
"live","ordinal.nc2u","method:extract.bartOrdinal","extract","ev","test","","accepted","array 2x6x12x3 dn=[NULL,NULL,NULL,{lo,mid,hi}]"
"live","ordinal.nc2u","method:extract.bartOrdinal","extract","ev","zzz-bad-sample","","error-without-reason","'arg' should be one of “train”, “test”"
"live","ordinal.nc2u","method:extract.bartOrdinal","extract","ppd","train","","accepted","array 2x6x40"
"live","ordinal.nc2u","method:extract.bartOrdinal","extract","ppd","test","","accepted","array 2x6x12"
"live","ordinal.nc2u","method:extract.bartOrdinal","extract","ppd","zzz-bad-sample","","error-without-reason","'arg' should be one of “train”, “test”"
"live","ordinal.nc2u","method:extract.bartOrdinal","extract","bart","train","","accepted","array 2x6x40"
"live","ordinal.nc2u","method:extract.bartOrdinal","extract","bart","test","","accepted","array 2x6x12"
"live","ordinal.nc2u","method:extract.bartOrdinal","extract","bart","zzz-bad-sample","","error-without-reason","'arg' should be one of “train”, “test”"
"live","ordinal.nc2u","method:extract.bartOrdinal","extract","zzz-bad-type","train","","refused","type must be in 'ev', 'ppd', 'bart'"
"live","ordinal.nc2u","method:extract.bartOrdinal","extract","zzz-bad-type","test","","refused","type must be in 'ev', 'ppd', 'bart'"
"live","ordinal.nc2u","method:extract.bartOrdinal","extract","zzz-bad-type","zzz-bad-sample","","refused","type must be in 'ev', 'ppd', 'bart'"
"live","ordinal.nc2u","method:fitted.bartOrdinal","fitted","ev","","","accepted","matrix/array 40x3 dn=[NULL,{lo,mid,hi}]"
"live","ordinal.nc2u","method:fitted.bartOrdinal","fitted","class","","","accepted","ordered/factor len40  attrs=[levels]"
"live","ordinal.nc2u","method:fitted.bartOrdinal","fitted","bart","","","accepted","numeric len40"
"live","ordinal.nc2u","method:fitted.bartOrdinal","fitted","zzz-bad-type","","","refused","type must be in 'ev', 'class', 'bart'"
"live","ordinal.nc2u","method:residuals.bartOrdinal","residuals","","","","accepted","matrix/array 40x3 dn=[NULL,{lo,mid,hi}]"
"live","ordinal.nc2u","method:summary.bartOrdinal","summary","","","","accepted","summary.bart len3"
"live","ordinal.nc2u","method:print.bartOrdinal","print","","","","accepted","bartOrdinal len15"
"live","ordinal.nc2u","DEFAULT","plot","","","","refused","'x' is a list, but does not have components 'x' and 'y'"
"live","ordinal.nc2u","DEFAULT","plotTree","","","","error-without-reason","no applicable method for 'plotTree' applied to an object of class ""bartOrdinal"""
"live","ordinal.nc2u","DEFAULT","survivalProbabilities","","","","error-without-reason","no applicable method for 'survivalProbabilities' applied to an object of class ""bartOrdinal"""
"live","ordinal.nc2u","DEFAULT","as_draws_array","","","","refused","All list elements must be lists themselves."
"live","ordinal.nc2u","DEFAULT","as_draws_df","","","","refused","All list elements must be lists themselves."
"live","nbinom.base","build","","","","","built","class=bartNegbin"
"live","nbinom.base","fields","documented-present","","","","info","call;yhat.train;yhat.test;varcount;y;fit;n.chains;family"
"live","nbinom.base","fields","documented-absent","","","","info","yhat.train.mean;yhat.test.mean;sigma;first.sigma;sigest;resid.dist"
"live","nbinom.base","fields","all-names","","","","info","call;family;n.chains;n.trees;y;dispersion;yhat.train;latent.train;varcount;yhat.test;latent.test;dispersion.raw;fit"
"live","nbinom.base","method:predict.bartNegbin","predict","ev","","TRUE","accepted","matrix/array 6x12"
"live","nbinom.base","method:predict.bartNegbin","predict","ev","","FALSE","accepted","matrix/array 6x12"
"live","nbinom.base","method:predict.bartNegbin","predict","ppd","","TRUE","accepted","matrix/array 6x12"
"live","nbinom.base","method:predict.bartNegbin","predict","ppd","","FALSE","accepted","matrix/array 6x12"
"live","nbinom.base","method:predict.bartNegbin","predict","bart","","TRUE","accepted","matrix/array 6x12"
"live","nbinom.base","method:predict.bartNegbin","predict","bart","","FALSE","accepted","matrix/array 6x12"
"live","nbinom.base","method:predict.bartNegbin","predict","zzz-bad-type","","TRUE","refused","type must be in 'ev', 'ppd', 'bart'"
"live","nbinom.base","method:predict.bartNegbin","predict","zzz-bad-type","","FALSE","refused","type must be in 'ev', 'ppd', 'bart'"
"live","nbinom.base","method:extract.bartNegbin","extract","ev","train","","accepted","matrix/array 6x40"
"live","nbinom.base","method:extract.bartNegbin","extract","ev","test","","accepted","matrix/array 6x12"
"live","nbinom.base","method:extract.bartNegbin","extract","ev","zzz-bad-sample","","error-without-reason","'arg' should be one of “train”, “test”"
"live","nbinom.base","method:extract.bartNegbin","extract","ppd","train","","accepted","matrix/array 6x40"
"live","nbinom.base","method:extract.bartNegbin","extract","ppd","test","","accepted","matrix/array 6x12"
"live","nbinom.base","method:extract.bartNegbin","extract","ppd","zzz-bad-sample","","error-without-reason","'arg' should be one of “train”, “test”"
"live","nbinom.base","method:extract.bartNegbin","extract","bart","train","","accepted","matrix/array 6x40"
"live","nbinom.base","method:extract.bartNegbin","extract","bart","test","","accepted","matrix/array 6x12"
"live","nbinom.base","method:extract.bartNegbin","extract","bart","zzz-bad-sample","","error-without-reason","'arg' should be one of “train”, “test”"
"live","nbinom.base","method:extract.bartNegbin","extract","zzz-bad-type","train","","refused","type must be in 'ev', 'ppd', 'bart'"
"live","nbinom.base","method:extract.bartNegbin","extract","zzz-bad-type","test","","refused","type must be in 'ev', 'ppd', 'bart'"
"live","nbinom.base","method:extract.bartNegbin","extract","zzz-bad-type","zzz-bad-sample","","refused","type must be in 'ev', 'ppd', 'bart'"
"live","nbinom.base","method:fitted.bartNegbin","fitted","ev","","","accepted","numeric len40"
"live","nbinom.base","method:fitted.bartNegbin","fitted","bart","","","accepted","numeric len40"
"live","nbinom.base","method:fitted.bartNegbin","fitted","zzz-bad-type","","","refused","type must be in 'ev', 'bart'"
"live","nbinom.base","method:residuals.bartNegbin","residuals","","","","accepted","numeric len40"
"live","nbinom.base","method:summary.bartNegbin","summary","","","","accepted","summary.bart len3"
"live","nbinom.base","method:print.bartNegbin","print","","","","accepted","bartNegbin len13"
"live","nbinom.base","DEFAULT","plot","","","","refused","'x' is a list, but does not have components 'x' and 'y'"
"live","nbinom.base","DEFAULT","plotTree","","","","error-without-reason","no applicable method for 'plotTree' applied to an object of class ""bartNegbin"""
"live","nbinom.base","DEFAULT","survivalProbabilities","","","","error-without-reason","no applicable method for 'survivalProbabilities' applied to an object of class ""bartNegbin"""
"live","nbinom.base","DEFAULT","as_draws_array","","","","refused","All list elements must be lists themselves."
"live","nbinom.base","DEFAULT","as_draws_df","","","","refused","All list elements must be lists themselves."
"live","nbinom.kT0","build","","","","","built","class=bartNegbin"
"live","nbinom.kT0","fields","documented-present","","","","info","call;yhat.train;yhat.test;varcount;y;n.chains;family"
"live","nbinom.kT0","fields","documented-absent","","","","info","yhat.train.mean;yhat.test.mean;sigma;first.sigma;sigest;resid.dist;fit"
"live","nbinom.kT0","fields","all-names","","","","info","call;family;n.chains;n.trees;y;dispersion;yhat.train;latent.train;varcount;yhat.test;latent.test"
"live","nbinom.kT0","method:predict.bartNegbin","predict","ev","","TRUE","refused","predict requires bart2(family = ""nbinom"") to be called with 'keepTrees' == TRUE"
"live","nbinom.kT0","method:predict.bartNegbin","predict","ev","","FALSE","refused","predict requires bart2(family = ""nbinom"") to be called with 'keepTrees' == TRUE"
"live","nbinom.kT0","method:predict.bartNegbin","predict","ppd","","TRUE","refused","predict requires bart2(family = ""nbinom"") to be called with 'keepTrees' == TRUE"
"live","nbinom.kT0","method:predict.bartNegbin","predict","ppd","","FALSE","refused","predict requires bart2(family = ""nbinom"") to be called with 'keepTrees' == TRUE"
"live","nbinom.kT0","method:predict.bartNegbin","predict","bart","","TRUE","refused","predict requires bart2(family = ""nbinom"") to be called with 'keepTrees' == TRUE"
"live","nbinom.kT0","method:predict.bartNegbin","predict","bart","","FALSE","refused","predict requires bart2(family = ""nbinom"") to be called with 'keepTrees' == TRUE"
"live","nbinom.kT0","method:predict.bartNegbin","predict","zzz-bad-type","","TRUE","refused","type must be in 'ev', 'ppd', 'bart'"
"live","nbinom.kT0","method:predict.bartNegbin","predict","zzz-bad-type","","FALSE","refused","type must be in 'ev', 'ppd', 'bart'"
"live","nbinom.kT0","method:extract.bartNegbin","extract","ev","train","","accepted","matrix/array 6x40"
"live","nbinom.kT0","method:extract.bartNegbin","extract","ev","test","","accepted","matrix/array 6x12"
"live","nbinom.kT0","method:extract.bartNegbin","extract","ev","zzz-bad-sample","","error-without-reason","'arg' should be one of “train”, “test”"
"live","nbinom.kT0","method:extract.bartNegbin","extract","ppd","train","","accepted","matrix/array 6x40"
"live","nbinom.kT0","method:extract.bartNegbin","extract","ppd","test","","accepted","matrix/array 6x12"
"live","nbinom.kT0","method:extract.bartNegbin","extract","ppd","zzz-bad-sample","","error-without-reason","'arg' should be one of “train”, “test”"
"live","nbinom.kT0","method:extract.bartNegbin","extract","bart","train","","accepted","matrix/array 6x40"
"live","nbinom.kT0","method:extract.bartNegbin","extract","bart","test","","accepted","matrix/array 6x12"
"live","nbinom.kT0","method:extract.bartNegbin","extract","bart","zzz-bad-sample","","error-without-reason","'arg' should be one of “train”, “test”"
"live","nbinom.kT0","method:extract.bartNegbin","extract","zzz-bad-type","train","","refused","type must be in 'ev', 'ppd', 'bart'"
"live","nbinom.kT0","method:extract.bartNegbin","extract","zzz-bad-type","test","","refused","type must be in 'ev', 'ppd', 'bart'"
"live","nbinom.kT0","method:extract.bartNegbin","extract","zzz-bad-type","zzz-bad-sample","","refused","type must be in 'ev', 'ppd', 'bart'"
"live","nbinom.kT0","method:fitted.bartNegbin","fitted","ev","","","accepted","numeric len40"
"live","nbinom.kT0","method:fitted.bartNegbin","fitted","bart","","","accepted","numeric len40"
"live","nbinom.kT0","method:fitted.bartNegbin","fitted","zzz-bad-type","","","refused","type must be in 'ev', 'bart'"
"live","nbinom.kT0","method:residuals.bartNegbin","residuals","","","","accepted","numeric len40"
"live","nbinom.kT0","method:summary.bartNegbin","summary","","","","accepted","summary.bart len3"
"live","nbinom.kT0","method:print.bartNegbin","print","","","","accepted","bartNegbin len11"
"live","nbinom.kT0","DEFAULT","plot","","","","refused","'x' is a list, but does not have components 'x' and 'y'"
"live","nbinom.kT0","DEFAULT","plotTree","","","","error-without-reason","no applicable method for 'plotTree' applied to an object of class ""bartNegbin"""
"live","nbinom.kT0","DEFAULT","survivalProbabilities","","","","error-without-reason","no applicable method for 'survivalProbabilities' applied to an object of class ""bartNegbin"""
"live","nbinom.kT0","DEFAULT","as_draws_array","","","","refused","All list elements must be lists themselves."
"live","nbinom.kT0","DEFAULT","as_draws_df","","","","refused","All list elements must be lists themselves."
"live","nbinom.nc2u","build","","","","","built","class=bartNegbin"
"live","nbinom.nc2u","fields","documented-present","","","","info","call;yhat.train;yhat.test;varcount;y;fit;n.chains;family"
"live","nbinom.nc2u","fields","documented-absent","","","","info","yhat.train.mean;yhat.test.mean;sigma;first.sigma;sigest;resid.dist"
"live","nbinom.nc2u","fields","all-names","","","","info","call;family;n.chains;n.trees;y;dispersion;yhat.train;latent.train;varcount;yhat.test;latent.test;dispersion.raw;fit"
"live","nbinom.nc2u","method:predict.bartNegbin","predict","ev","","TRUE","accepted","matrix/array 12x12"
"live","nbinom.nc2u","method:predict.bartNegbin","predict","ev","","FALSE","accepted","array 2x6x12"
"live","nbinom.nc2u","method:predict.bartNegbin","predict","ppd","","TRUE","accepted","matrix/array 12x12"
"live","nbinom.nc2u","method:predict.bartNegbin","predict","ppd","","FALSE","accepted","array 2x6x12"
"live","nbinom.nc2u","method:predict.bartNegbin","predict","bart","","TRUE","accepted","matrix/array 12x12"
"live","nbinom.nc2u","method:predict.bartNegbin","predict","bart","","FALSE","accepted","array 2x6x12"
"live","nbinom.nc2u","method:predict.bartNegbin","predict","zzz-bad-type","","TRUE","refused","type must be in 'ev', 'ppd', 'bart'"
"live","nbinom.nc2u","method:predict.bartNegbin","predict","zzz-bad-type","","FALSE","refused","type must be in 'ev', 'ppd', 'bart'"
"live","nbinom.nc2u","method:extract.bartNegbin","extract","ev","train","","accepted","array 2x6x40"
"live","nbinom.nc2u","method:extract.bartNegbin","extract","ev","test","","accepted","array 2x6x12"
"live","nbinom.nc2u","method:extract.bartNegbin","extract","ev","zzz-bad-sample","","error-without-reason","'arg' should be one of “train”, “test”"
"live","nbinom.nc2u","method:extract.bartNegbin","extract","ppd","train","","accepted","array 2x6x40"
"live","nbinom.nc2u","method:extract.bartNegbin","extract","ppd","test","","accepted","array 2x6x12"
"live","nbinom.nc2u","method:extract.bartNegbin","extract","ppd","zzz-bad-sample","","error-without-reason","'arg' should be one of “train”, “test”"
"live","nbinom.nc2u","method:extract.bartNegbin","extract","bart","train","","accepted","array 2x6x40"
"live","nbinom.nc2u","method:extract.bartNegbin","extract","bart","test","","accepted","array 2x6x12"
"live","nbinom.nc2u","method:extract.bartNegbin","extract","bart","zzz-bad-sample","","error-without-reason","'arg' should be one of “train”, “test”"
"live","nbinom.nc2u","method:extract.bartNegbin","extract","zzz-bad-type","train","","refused","type must be in 'ev', 'ppd', 'bart'"
"live","nbinom.nc2u","method:extract.bartNegbin","extract","zzz-bad-type","test","","refused","type must be in 'ev', 'ppd', 'bart'"
"live","nbinom.nc2u","method:extract.bartNegbin","extract","zzz-bad-type","zzz-bad-sample","","refused","type must be in 'ev', 'ppd', 'bart'"
"live","nbinom.nc2u","method:fitted.bartNegbin","fitted","ev","","","accepted","numeric len40"
"live","nbinom.nc2u","method:fitted.bartNegbin","fitted","bart","","","accepted","numeric len40"
"live","nbinom.nc2u","method:fitted.bartNegbin","fitted","zzz-bad-type","","","refused","type must be in 'ev', 'bart'"
"live","nbinom.nc2u","method:residuals.bartNegbin","residuals","","","","accepted","numeric len40"
"live","nbinom.nc2u","method:summary.bartNegbin","summary","","","","accepted","summary.bart len3"
"live","nbinom.nc2u","method:print.bartNegbin","print","","","","accepted","bartNegbin len13"
"live","nbinom.nc2u","DEFAULT","plot","","","","refused","'x' is a list, but does not have components 'x' and 'y'"
"live","nbinom.nc2u","DEFAULT","plotTree","","","","error-without-reason","no applicable method for 'plotTree' applied to an object of class ""bartNegbin"""
"live","nbinom.nc2u","DEFAULT","survivalProbabilities","","","","error-without-reason","no applicable method for 'survivalProbabilities' applied to an object of class ""bartNegbin"""
"live","nbinom.nc2u","DEFAULT","as_draws_array","","","","refused","All list elements must be lists themselves."
"live","nbinom.nc2u","DEFAULT","as_draws_df","","","","refused","All list elements must be lists themselves."
"live","hurdle.base","build","","","","","built","class=bartHurdle"
"live","hurdle.base","fields","documented-present","","","","info","call;y;family"
"live","hurdle.base","fields","documented-absent","","","","info","yhat.train;yhat.test;yhat.train.mean;yhat.test.mean;sigma;first.sigma;varcount;sigest;resid.dist;fit;n.chains"
"live","hurdle.base","fields","all-names","","","","info","call;family;y;occupancy;positive"
"live","hurdle.base","method:predict.bartHurdle","predict","ev","","TRUE","accepted","matrix/array 6x12"
"live","hurdle.base","method:predict.bartHurdle","predict","ev","","FALSE","accepted","matrix/array 6x12"
"live","hurdle.base","method:predict.bartHurdle","predict","ppd","","TRUE","accepted","matrix/array 6x12"
"live","hurdle.base","method:predict.bartHurdle","predict","ppd","","FALSE","accepted","matrix/array 6x12"
"live","hurdle.base","method:predict.bartHurdle","predict","prob","","TRUE","accepted","matrix/array 6x12"
"live","hurdle.base","method:predict.bartHurdle","predict","prob","","FALSE","accepted","matrix/array 6x12"
"live","hurdle.base","method:predict.bartHurdle","predict","bart","","TRUE","accepted","matrix/array 6x12"
"live","hurdle.base","method:predict.bartHurdle","predict","bart","","FALSE","accepted","matrix/array 6x12"
"live","hurdle.base","method:predict.bartHurdle","predict","zzz-bad-type","","TRUE","refused","type must be in 'ev', 'ppd', 'prob', 'bart'"
"live","hurdle.base","method:predict.bartHurdle","predict","zzz-bad-type","","FALSE","refused","type must be in 'ev', 'ppd', 'prob', 'bart'"
"live","hurdle.base","method:extract.bartHurdle","extract","ev","train","TRUE","accepted","matrix/array 6x40"
"live","hurdle.base","method:extract.bartHurdle","extract","ev","train","FALSE","accepted","matrix/array 6x40"
"live","hurdle.base","method:extract.bartHurdle","extract","ev","test","TRUE","refused","this hurdle fit carries no separate test channel; call predict on newdata for out-of-sample combined draws"
"live","hurdle.base","method:extract.bartHurdle","extract","ev","test","FALSE","refused","this hurdle fit carries no separate test channel; call predict on newdata for out-of-sample combined draws"
"live","hurdle.base","method:extract.bartHurdle","extract","ev","zzz-bad-sample","TRUE","error-without-reason","'arg' should be one of “train”, “test”"
"live","hurdle.base","method:extract.bartHurdle","extract","ev","zzz-bad-sample","FALSE","error-without-reason","'arg' should be one of “train”, “test”"
"live","hurdle.base","method:extract.bartHurdle","extract","ppd","train","TRUE","accepted","matrix/array 6x40"
"live","hurdle.base","method:extract.bartHurdle","extract","ppd","train","FALSE","accepted","matrix/array 6x40"
"live","hurdle.base","method:extract.bartHurdle","extract","ppd","test","TRUE","refused","this hurdle fit carries no separate test channel; call predict on newdata for out-of-sample combined draws"
"live","hurdle.base","method:extract.bartHurdle","extract","ppd","test","FALSE","refused","this hurdle fit carries no separate test channel; call predict on newdata for out-of-sample combined draws"
"live","hurdle.base","method:extract.bartHurdle","extract","ppd","zzz-bad-sample","TRUE","error-without-reason","'arg' should be one of “train”, “test”"
"live","hurdle.base","method:extract.bartHurdle","extract","ppd","zzz-bad-sample","FALSE","error-without-reason","'arg' should be one of “train”, “test”"
"live","hurdle.base","method:extract.bartHurdle","extract","prob","train","TRUE","accepted","matrix/array 6x40"
"live","hurdle.base","method:extract.bartHurdle","extract","prob","train","FALSE","accepted","matrix/array 6x40"
"live","hurdle.base","method:extract.bartHurdle","extract","prob","test","TRUE","refused","this hurdle fit carries no separate test channel; call predict on newdata for out-of-sample combined draws"
"live","hurdle.base","method:extract.bartHurdle","extract","prob","test","FALSE","refused","this hurdle fit carries no separate test channel; call predict on newdata for out-of-sample combined draws"
"live","hurdle.base","method:extract.bartHurdle","extract","prob","zzz-bad-sample","TRUE","error-without-reason","'arg' should be one of “train”, “test”"
"live","hurdle.base","method:extract.bartHurdle","extract","prob","zzz-bad-sample","FALSE","error-without-reason","'arg' should be one of “train”, “test”"
"live","hurdle.base","method:extract.bartHurdle","extract","bart","train","TRUE","accepted","matrix/array 6x40"
"live","hurdle.base","method:extract.bartHurdle","extract","bart","train","FALSE","accepted","matrix/array 6x40"
"live","hurdle.base","method:extract.bartHurdle","extract","bart","test","TRUE","refused","this hurdle fit carries no separate test channel; call predict on newdata for out-of-sample combined draws"
"live","hurdle.base","method:extract.bartHurdle","extract","bart","test","FALSE","refused","this hurdle fit carries no separate test channel; call predict on newdata for out-of-sample combined draws"
"live","hurdle.base","method:extract.bartHurdle","extract","bart","zzz-bad-sample","TRUE","error-without-reason","'arg' should be one of “train”, “test”"
"live","hurdle.base","method:extract.bartHurdle","extract","bart","zzz-bad-sample","FALSE","error-without-reason","'arg' should be one of “train”, “test”"
"live","hurdle.base","method:extract.bartHurdle","extract","zzz-bad-type","train","TRUE","refused","type must be in 'ev', 'ppd', 'prob', 'bart'"
"live","hurdle.base","method:extract.bartHurdle","extract","zzz-bad-type","train","FALSE","refused","type must be in 'ev', 'ppd', 'prob', 'bart'"
"live","hurdle.base","method:extract.bartHurdle","extract","zzz-bad-type","test","TRUE","refused","type must be in 'ev', 'ppd', 'prob', 'bart'"
"live","hurdle.base","method:extract.bartHurdle","extract","zzz-bad-type","test","FALSE","refused","type must be in 'ev', 'ppd', 'prob', 'bart'"
"live","hurdle.base","method:extract.bartHurdle","extract","zzz-bad-type","zzz-bad-sample","TRUE","refused","type must be in 'ev', 'ppd', 'prob', 'bart'"
"live","hurdle.base","method:extract.bartHurdle","extract","zzz-bad-type","zzz-bad-sample","FALSE","refused","type must be in 'ev', 'ppd', 'prob', 'bart'"
"live","hurdle.base","method:fitted.bartHurdle","fitted","ev","train","","accepted","numeric len40"
"live","hurdle.base","method:fitted.bartHurdle","fitted","ev","zzz-bad-sample","","error-without-reason","'arg' should be one of “train”, “test”"
"live","hurdle.base","method:fitted.bartHurdle","fitted","prob","train","","accepted","numeric len40"
"live","hurdle.base","method:fitted.bartHurdle","fitted","prob","zzz-bad-sample","","error-without-reason","'arg' should be one of “train”, “test”"
"live","hurdle.base","method:fitted.bartHurdle","fitted","bart","train","","accepted","numeric len40"
"live","hurdle.base","method:fitted.bartHurdle","fitted","bart","zzz-bad-sample","","error-without-reason","'arg' should be one of “train”, “test”"
"live","hurdle.base","method:fitted.bartHurdle","fitted","zzz-bad-type","train","","refused","type must be in 'ev', 'prob', 'bart'"
"live","hurdle.base","method:fitted.bartHurdle","fitted","zzz-bad-type","zzz-bad-sample","","refused","type must be in 'ev', 'prob', 'bart'"
"live","hurdle.base","method:residuals.bartHurdle","residuals","ev","","","accepted","numeric len40"
"live","hurdle.base","method:residuals.bartHurdle","residuals","zzz-bad-type","","","refused","type must be in 'ev', 'prob', 'bart'"
"live","hurdle.base","method:summary.bartHurdle","summary","","","","accepted","summary.bartHurdle len3"
"live","hurdle.base","method:print.bartHurdle","print","","","","accepted","bartHurdle len5"
"live","hurdle.base","DEFAULT","plot","","","","refused","'x' is a list, but does not have components 'x' and 'y'"
"live","hurdle.base","DEFAULT","plotTree","","","","error-without-reason","no applicable method for 'plotTree' applied to an object of class ""bartHurdle"""
"live","hurdle.base","DEFAULT","survivalProbabilities","","","","error-without-reason","no applicable method for 'survivalProbabilities' applied to an object of class ""bartHurdle"""
"live","hurdle.base","DEFAULT","as_draws_array","","","","refused","All list elements must be lists themselves."
"live","hurdle.base","DEFAULT","as_draws_df","","","","refused","All list elements must be lists themselves."
"live","hurdle.kT0","build","","","","","built","class=bartHurdle"
"live","hurdle.kT0","fields","documented-present","","","","info","call;y;family"
"live","hurdle.kT0","fields","documented-absent","","","","info","yhat.train;yhat.test;yhat.train.mean;yhat.test.mean;sigma;first.sigma;varcount;sigest;resid.dist;fit;n.chains"
"live","hurdle.kT0","fields","all-names","","","","info","call;family;y;occupancy;positive"
"live","hurdle.kT0","method:predict.bartHurdle","predict","ev","","TRUE","refused","predict requires bart2(family = ""hurdle.lognormal"") to be called with 'keepTrees' == TRUE"
"live","hurdle.kT0","method:predict.bartHurdle","predict","ev","","FALSE","refused","predict requires bart2(family = ""hurdle.lognormal"") to be called with 'keepTrees' == TRUE"
"live","hurdle.kT0","method:predict.bartHurdle","predict","ppd","","TRUE","refused","predict requires bart2(family = ""hurdle.lognormal"") to be called with 'keepTrees' == TRUE"
"live","hurdle.kT0","method:predict.bartHurdle","predict","ppd","","FALSE","refused","predict requires bart2(family = ""hurdle.lognormal"") to be called with 'keepTrees' == TRUE"
"live","hurdle.kT0","method:predict.bartHurdle","predict","prob","","TRUE","refused","predict requires bart2(family = ""hurdle.lognormal"") to be called with 'keepTrees' == TRUE"
"live","hurdle.kT0","method:predict.bartHurdle","predict","prob","","FALSE","refused","predict requires bart2(family = ""hurdle.lognormal"") to be called with 'keepTrees' == TRUE"
"live","hurdle.kT0","method:predict.bartHurdle","predict","bart","","TRUE","refused","predict requires bart2(family = ""hurdle.lognormal"") to be called with 'keepTrees' == TRUE"
"live","hurdle.kT0","method:predict.bartHurdle","predict","bart","","FALSE","refused","predict requires bart2(family = ""hurdle.lognormal"") to be called with 'keepTrees' == TRUE"
"live","hurdle.kT0","method:predict.bartHurdle","predict","zzz-bad-type","","TRUE","refused","type must be in 'ev', 'ppd', 'prob', 'bart'"
"live","hurdle.kT0","method:predict.bartHurdle","predict","zzz-bad-type","","FALSE","refused","type must be in 'ev', 'ppd', 'prob', 'bart'"
"live","hurdle.kT0","method:extract.bartHurdle","extract","ev","train","TRUE","accepted","matrix/array 6x40"
"live","hurdle.kT0","method:extract.bartHurdle","extract","ev","train","FALSE","accepted","matrix/array 6x40"
"live","hurdle.kT0","method:extract.bartHurdle","extract","ev","test","TRUE","refused","this hurdle fit carries no separate test channel; call predict on newdata for out-of-sample combined draws"
"live","hurdle.kT0","method:extract.bartHurdle","extract","ev","test","FALSE","refused","this hurdle fit carries no separate test channel; call predict on newdata for out-of-sample combined draws"
"live","hurdle.kT0","method:extract.bartHurdle","extract","ev","zzz-bad-sample","TRUE","error-without-reason","'arg' should be one of “train”, “test”"
"live","hurdle.kT0","method:extract.bartHurdle","extract","ev","zzz-bad-sample","FALSE","error-without-reason","'arg' should be one of “train”, “test”"
"live","hurdle.kT0","method:extract.bartHurdle","extract","ppd","train","TRUE","accepted","matrix/array 6x40"
"live","hurdle.kT0","method:extract.bartHurdle","extract","ppd","train","FALSE","accepted","matrix/array 6x40"
"live","hurdle.kT0","method:extract.bartHurdle","extract","ppd","test","TRUE","refused","this hurdle fit carries no separate test channel; call predict on newdata for out-of-sample combined draws"
"live","hurdle.kT0","method:extract.bartHurdle","extract","ppd","test","FALSE","refused","this hurdle fit carries no separate test channel; call predict on newdata for out-of-sample combined draws"
"live","hurdle.kT0","method:extract.bartHurdle","extract","ppd","zzz-bad-sample","TRUE","error-without-reason","'arg' should be one of “train”, “test”"
"live","hurdle.kT0","method:extract.bartHurdle","extract","ppd","zzz-bad-sample","FALSE","error-without-reason","'arg' should be one of “train”, “test”"
"live","hurdle.kT0","method:extract.bartHurdle","extract","prob","train","TRUE","accepted","matrix/array 6x40"
"live","hurdle.kT0","method:extract.bartHurdle","extract","prob","train","FALSE","accepted","matrix/array 6x40"
"live","hurdle.kT0","method:extract.bartHurdle","extract","prob","test","TRUE","refused","this hurdle fit carries no separate test channel; call predict on newdata for out-of-sample combined draws"
"live","hurdle.kT0","method:extract.bartHurdle","extract","prob","test","FALSE","refused","this hurdle fit carries no separate test channel; call predict on newdata for out-of-sample combined draws"
"live","hurdle.kT0","method:extract.bartHurdle","extract","prob","zzz-bad-sample","TRUE","error-without-reason","'arg' should be one of “train”, “test”"
"live","hurdle.kT0","method:extract.bartHurdle","extract","prob","zzz-bad-sample","FALSE","error-without-reason","'arg' should be one of “train”, “test”"
"live","hurdle.kT0","method:extract.bartHurdle","extract","bart","train","TRUE","accepted","matrix/array 6x40"
"live","hurdle.kT0","method:extract.bartHurdle","extract","bart","train","FALSE","accepted","matrix/array 6x40"
"live","hurdle.kT0","method:extract.bartHurdle","extract","bart","test","TRUE","refused","this hurdle fit carries no separate test channel; call predict on newdata for out-of-sample combined draws"
"live","hurdle.kT0","method:extract.bartHurdle","extract","bart","test","FALSE","refused","this hurdle fit carries no separate test channel; call predict on newdata for out-of-sample combined draws"
"live","hurdle.kT0","method:extract.bartHurdle","extract","bart","zzz-bad-sample","TRUE","error-without-reason","'arg' should be one of “train”, “test”"
"live","hurdle.kT0","method:extract.bartHurdle","extract","bart","zzz-bad-sample","FALSE","error-without-reason","'arg' should be one of “train”, “test”"
"live","hurdle.kT0","method:extract.bartHurdle","extract","zzz-bad-type","train","TRUE","refused","type must be in 'ev', 'ppd', 'prob', 'bart'"
"live","hurdle.kT0","method:extract.bartHurdle","extract","zzz-bad-type","train","FALSE","refused","type must be in 'ev', 'ppd', 'prob', 'bart'"
"live","hurdle.kT0","method:extract.bartHurdle","extract","zzz-bad-type","test","TRUE","refused","type must be in 'ev', 'ppd', 'prob', 'bart'"
"live","hurdle.kT0","method:extract.bartHurdle","extract","zzz-bad-type","test","FALSE","refused","type must be in 'ev', 'ppd', 'prob', 'bart'"
"live","hurdle.kT0","method:extract.bartHurdle","extract","zzz-bad-type","zzz-bad-sample","TRUE","refused","type must be in 'ev', 'ppd', 'prob', 'bart'"
"live","hurdle.kT0","method:extract.bartHurdle","extract","zzz-bad-type","zzz-bad-sample","FALSE","refused","type must be in 'ev', 'ppd', 'prob', 'bart'"
"live","hurdle.kT0","method:fitted.bartHurdle","fitted","ev","train","","accepted","numeric len40"
"live","hurdle.kT0","method:fitted.bartHurdle","fitted","ev","zzz-bad-sample","","error-without-reason","'arg' should be one of “train”, “test”"
"live","hurdle.kT0","method:fitted.bartHurdle","fitted","prob","train","","accepted","numeric len40"
"live","hurdle.kT0","method:fitted.bartHurdle","fitted","prob","zzz-bad-sample","","error-without-reason","'arg' should be one of “train”, “test”"
"live","hurdle.kT0","method:fitted.bartHurdle","fitted","bart","train","","accepted","numeric len40"
"live","hurdle.kT0","method:fitted.bartHurdle","fitted","bart","zzz-bad-sample","","error-without-reason","'arg' should be one of “train”, “test”"
"live","hurdle.kT0","method:fitted.bartHurdle","fitted","zzz-bad-type","train","","refused","type must be in 'ev', 'prob', 'bart'"
"live","hurdle.kT0","method:fitted.bartHurdle","fitted","zzz-bad-type","zzz-bad-sample","","refused","type must be in 'ev', 'prob', 'bart'"
"live","hurdle.kT0","method:residuals.bartHurdle","residuals","ev","","","accepted","numeric len40"
"live","hurdle.kT0","method:residuals.bartHurdle","residuals","zzz-bad-type","","","refused","type must be in 'ev', 'prob', 'bart'"
"live","hurdle.kT0","method:summary.bartHurdle","summary","","","","accepted","summary.bartHurdle len3"
"live","hurdle.kT0","method:print.bartHurdle","print","","","","accepted","bartHurdle len5"
"live","hurdle.kT0","DEFAULT","plot","","","","refused","'x' is a list, but does not have components 'x' and 'y'"
"live","hurdle.kT0","DEFAULT","plotTree","","","","error-without-reason","no applicable method for 'plotTree' applied to an object of class ""bartHurdle"""
"live","hurdle.kT0","DEFAULT","survivalProbabilities","","","","error-without-reason","no applicable method for 'survivalProbabilities' applied to an object of class ""bartHurdle"""
"live","hurdle.kT0","DEFAULT","as_draws_array","","","","refused","All list elements must be lists themselves."
"live","hurdle.kT0","DEFAULT","as_draws_df","","","","refused","All list elements must be lists themselves."
"live","hurdle.nc2u","build","","","","","built","class=bartHurdle"
"live","hurdle.nc2u","fields","documented-present","","","","info","call;y;family"
"live","hurdle.nc2u","fields","documented-absent","","","","info","yhat.train;yhat.test;yhat.train.mean;yhat.test.mean;sigma;first.sigma;varcount;sigest;resid.dist;fit;n.chains"
"live","hurdle.nc2u","fields","all-names","","","","info","call;family;y;occupancy;positive"
"live","hurdle.nc2u","method:predict.bartHurdle","predict","ev","","TRUE","accepted","matrix/array 12x12"
"live","hurdle.nc2u","method:predict.bartHurdle","predict","ev","","FALSE","accepted","array 2x6x12"
"live","hurdle.nc2u","method:predict.bartHurdle","predict","ppd","","TRUE","accepted","matrix/array 12x12"
"live","hurdle.nc2u","method:predict.bartHurdle","predict","ppd","","FALSE","accepted","array 2x6x12"
"live","hurdle.nc2u","method:predict.bartHurdle","predict","prob","","TRUE","accepted","matrix/array 12x12"
"live","hurdle.nc2u","method:predict.bartHurdle","predict","prob","","FALSE","accepted","array 2x6x12"
"live","hurdle.nc2u","method:predict.bartHurdle","predict","bart","","TRUE","accepted","matrix/array 12x12"
"live","hurdle.nc2u","method:predict.bartHurdle","predict","bart","","FALSE","accepted","array 2x6x12"
"live","hurdle.nc2u","method:predict.bartHurdle","predict","zzz-bad-type","","TRUE","refused","type must be in 'ev', 'ppd', 'prob', 'bart'"
"live","hurdle.nc2u","method:predict.bartHurdle","predict","zzz-bad-type","","FALSE","refused","type must be in 'ev', 'ppd', 'prob', 'bart'"
"live","hurdle.nc2u","method:extract.bartHurdle","extract","ev","train","TRUE","accepted","matrix/array 12x40"
"live","hurdle.nc2u","method:extract.bartHurdle","extract","ev","train","FALSE","accepted","array 2x6x40"
"live","hurdle.nc2u","method:extract.bartHurdle","extract","ev","test","TRUE","refused","this hurdle fit carries no separate test channel; call predict on newdata for out-of-sample combined draws"
"live","hurdle.nc2u","method:extract.bartHurdle","extract","ev","test","FALSE","refused","this hurdle fit carries no separate test channel; call predict on newdata for out-of-sample combined draws"
"live","hurdle.nc2u","method:extract.bartHurdle","extract","ev","zzz-bad-sample","TRUE","error-without-reason","'arg' should be one of “train”, “test”"
"live","hurdle.nc2u","method:extract.bartHurdle","extract","ev","zzz-bad-sample","FALSE","error-without-reason","'arg' should be one of “train”, “test”"
"live","hurdle.nc2u","method:extract.bartHurdle","extract","ppd","train","TRUE","accepted","matrix/array 12x40"
"live","hurdle.nc2u","method:extract.bartHurdle","extract","ppd","train","FALSE","accepted","array 2x6x40"
"live","hurdle.nc2u","method:extract.bartHurdle","extract","ppd","test","TRUE","refused","this hurdle fit carries no separate test channel; call predict on newdata for out-of-sample combined draws"
"live","hurdle.nc2u","method:extract.bartHurdle","extract","ppd","test","FALSE","refused","this hurdle fit carries no separate test channel; call predict on newdata for out-of-sample combined draws"
"live","hurdle.nc2u","method:extract.bartHurdle","extract","ppd","zzz-bad-sample","TRUE","error-without-reason","'arg' should be one of “train”, “test”"
"live","hurdle.nc2u","method:extract.bartHurdle","extract","ppd","zzz-bad-sample","FALSE","error-without-reason","'arg' should be one of “train”, “test”"
"live","hurdle.nc2u","method:extract.bartHurdle","extract","prob","train","TRUE","accepted","matrix/array 12x40"
"live","hurdle.nc2u","method:extract.bartHurdle","extract","prob","train","FALSE","accepted","array 2x6x40"
"live","hurdle.nc2u","method:extract.bartHurdle","extract","prob","test","TRUE","refused","this hurdle fit carries no separate test channel; call predict on newdata for out-of-sample combined draws"
"live","hurdle.nc2u","method:extract.bartHurdle","extract","prob","test","FALSE","refused","this hurdle fit carries no separate test channel; call predict on newdata for out-of-sample combined draws"
"live","hurdle.nc2u","method:extract.bartHurdle","extract","prob","zzz-bad-sample","TRUE","error-without-reason","'arg' should be one of “train”, “test”"
"live","hurdle.nc2u","method:extract.bartHurdle","extract","prob","zzz-bad-sample","FALSE","error-without-reason","'arg' should be one of “train”, “test”"
"live","hurdle.nc2u","method:extract.bartHurdle","extract","bart","train","TRUE","accepted","matrix/array 12x40"
"live","hurdle.nc2u","method:extract.bartHurdle","extract","bart","train","FALSE","accepted","array 2x6x40"
"live","hurdle.nc2u","method:extract.bartHurdle","extract","bart","test","TRUE","refused","this hurdle fit carries no separate test channel; call predict on newdata for out-of-sample combined draws"
"live","hurdle.nc2u","method:extract.bartHurdle","extract","bart","test","FALSE","refused","this hurdle fit carries no separate test channel; call predict on newdata for out-of-sample combined draws"
"live","hurdle.nc2u","method:extract.bartHurdle","extract","bart","zzz-bad-sample","TRUE","error-without-reason","'arg' should be one of “train”, “test”"
"live","hurdle.nc2u","method:extract.bartHurdle","extract","bart","zzz-bad-sample","FALSE","error-without-reason","'arg' should be one of “train”, “test”"
"live","hurdle.nc2u","method:extract.bartHurdle","extract","zzz-bad-type","train","TRUE","refused","type must be in 'ev', 'ppd', 'prob', 'bart'"
"live","hurdle.nc2u","method:extract.bartHurdle","extract","zzz-bad-type","train","FALSE","refused","type must be in 'ev', 'ppd', 'prob', 'bart'"
"live","hurdle.nc2u","method:extract.bartHurdle","extract","zzz-bad-type","test","TRUE","refused","type must be in 'ev', 'ppd', 'prob', 'bart'"
"live","hurdle.nc2u","method:extract.bartHurdle","extract","zzz-bad-type","test","FALSE","refused","type must be in 'ev', 'ppd', 'prob', 'bart'"
"live","hurdle.nc2u","method:extract.bartHurdle","extract","zzz-bad-type","zzz-bad-sample","TRUE","refused","type must be in 'ev', 'ppd', 'prob', 'bart'"
"live","hurdle.nc2u","method:extract.bartHurdle","extract","zzz-bad-type","zzz-bad-sample","FALSE","refused","type must be in 'ev', 'ppd', 'prob', 'bart'"
"live","hurdle.nc2u","method:fitted.bartHurdle","fitted","ev","train","","accepted","numeric len40"
"live","hurdle.nc2u","method:fitted.bartHurdle","fitted","ev","zzz-bad-sample","","error-without-reason","'arg' should be one of “train”, “test”"
"live","hurdle.nc2u","method:fitted.bartHurdle","fitted","prob","train","","accepted","numeric len40"
"live","hurdle.nc2u","method:fitted.bartHurdle","fitted","prob","zzz-bad-sample","","error-without-reason","'arg' should be one of “train”, “test”"
"live","hurdle.nc2u","method:fitted.bartHurdle","fitted","bart","train","","accepted","numeric len40"
"live","hurdle.nc2u","method:fitted.bartHurdle","fitted","bart","zzz-bad-sample","","error-without-reason","'arg' should be one of “train”, “test”"
"live","hurdle.nc2u","method:fitted.bartHurdle","fitted","zzz-bad-type","train","","refused","type must be in 'ev', 'prob', 'bart'"
"live","hurdle.nc2u","method:fitted.bartHurdle","fitted","zzz-bad-type","zzz-bad-sample","","refused","type must be in 'ev', 'prob', 'bart'"
"live","hurdle.nc2u","method:residuals.bartHurdle","residuals","ev","","","accepted","numeric len40"
"live","hurdle.nc2u","method:residuals.bartHurdle","residuals","zzz-bad-type","","","refused","type must be in 'ev', 'prob', 'bart'"
"live","hurdle.nc2u","method:summary.bartHurdle","summary","","","","accepted","summary.bartHurdle len3"
"live","hurdle.nc2u","method:print.bartHurdle","print","","","","accepted","bartHurdle len5"
"live","hurdle.nc2u","DEFAULT","plot","","","","refused","'x' is a list, but does not have components 'x' and 'y'"
"live","hurdle.nc2u","DEFAULT","plotTree","","","","error-without-reason","no applicable method for 'plotTree' applied to an object of class ""bartHurdle"""
"live","hurdle.nc2u","DEFAULT","survivalProbabilities","","","","error-without-reason","no applicable method for 'survivalProbabilities' applied to an object of class ""bartHurdle"""
"live","hurdle.nc2u","DEFAULT","as_draws_array","","","","refused","All list elements must be lists themselves."
"live","hurdle.nc2u","DEFAULT","as_draws_df","","","","refused","All list elements must be lists themselves."
"live","rbart.base","build","","","","","built","class=rbart"
"live","rbart.base","fields","documented-present","","","","info","call;yhat.train;yhat.test;yhat.train.mean;yhat.test.mean;sigma;varcount;sigest;y;fit;n.chains;family"
"live","rbart.base","fields","documented-absent","","","","info","first.sigma;resid.dist"
"live","rbart.base","fields","all-names","","","","info","call;y;group.by;family;sigest;group.by.test;ranef;sigma;tau;yhat.train;yhat.test;varcount;ranef.mean;yhat.train.mean;yhat.test.mean;n.chains;seed;fit"
"live","rbart.base","method:predict.rbart","predict","ev","","TRUE","accepted","matrix/array 1x12"
"live","rbart.base","method:predict.rbart","predict","ev","","FALSE","accepted","matrix/array 1x12"
"live","rbart.base","method:predict.rbart","predict","ppd","","TRUE","accepted","matrix/array 1x12"
"live","rbart.base","method:predict.rbart","predict","ppd","","FALSE","accepted","matrix/array 1x12"
"live","rbart.base","method:predict.rbart","predict","bart","","TRUE","accepted","matrix/array 1x12"
"live","rbart.base","method:predict.rbart","predict","bart","","FALSE","accepted","matrix/array 1x12"
"live","rbart.base","method:predict.rbart","predict","ranef","","TRUE","accepted","matrix/array 1x4 dn=[NULL,{a,b,c,...}]"
"live","rbart.base","method:predict.rbart","predict","ranef","","FALSE","accepted","matrix/array 1x4 dn=[NULL,{a,b,c,...}]"
"live","rbart.base","method:predict.rbart","predict","zzz-bad-type","","TRUE","refused","type must be in 'ev', 'ppd', 'bart', 'ranef'"
"live","rbart.base","method:predict.rbart","predict","zzz-bad-type","","FALSE","refused","type must be in 'ev', 'ppd', 'bart', 'ranef'"
"live","rbart.base","method:extract.rbart","extract","ev","train","TRUE","accepted","matrix/array 1x40"
"live","rbart.base","method:extract.rbart","extract","ev","train","FALSE","accepted","matrix/array 1x40"
"live","rbart.base","method:extract.rbart","extract","ev","test","TRUE","accepted","matrix/array 1x12"
"live","rbart.base","method:extract.rbart","extract","ev","test","FALSE","accepted","matrix/array 1x12"
"live","rbart.base","method:extract.rbart","extract","ev","zzz-bad-sample","TRUE","refused","sample must be in 'train', 'test'"
"live","rbart.base","method:extract.rbart","extract","ev","zzz-bad-sample","FALSE","refused","sample must be in 'train', 'test'"
"live","rbart.base","method:extract.rbart","extract","ppd","train","TRUE","accepted","matrix/array 1x40"
"live","rbart.base","method:extract.rbart","extract","ppd","train","FALSE","accepted","matrix/array 1x40"
"live","rbart.base","method:extract.rbart","extract","ppd","test","TRUE","accepted","matrix/array 1x12"
"live","rbart.base","method:extract.rbart","extract","ppd","test","FALSE","accepted","matrix/array 1x12"
"live","rbart.base","method:extract.rbart","extract","ppd","zzz-bad-sample","TRUE","refused","sample must be in 'train', 'test'"
"live","rbart.base","method:extract.rbart","extract","ppd","zzz-bad-sample","FALSE","refused","sample must be in 'train', 'test'"
"live","rbart.base","method:extract.rbart","extract","bart","train","TRUE","accepted","matrix/array 1x40"
"live","rbart.base","method:extract.rbart","extract","bart","train","FALSE","accepted","matrix/array 1x40"
"live","rbart.base","method:extract.rbart","extract","bart","test","TRUE","accepted","matrix/array 1x12"
"live","rbart.base","method:extract.rbart","extract","bart","test","FALSE","accepted","matrix/array 1x12"
"live","rbart.base","method:extract.rbart","extract","bart","zzz-bad-sample","TRUE","refused","sample must be in 'train', 'test'"
"live","rbart.base","method:extract.rbart","extract","bart","zzz-bad-sample","FALSE","refused","sample must be in 'train', 'test'"
"live","rbart.base","method:extract.rbart","extract","loglik","train","TRUE","accepted","matrix/array 1x40"
"live","rbart.base","method:extract.rbart","extract","loglik","train","FALSE","accepted","matrix/array 1x40"
"live","rbart.base","method:extract.rbart","extract","loglik","test","TRUE","refused","cannot extract a test sample log-likelihood; no test response exists"
"live","rbart.base","method:extract.rbart","extract","loglik","test","FALSE","refused","cannot extract a test sample log-likelihood; no test response exists"
"live","rbart.base","method:extract.rbart","extract","loglik","zzz-bad-sample","TRUE","refused","sample must be in 'train', 'test'"
"live","rbart.base","method:extract.rbart","extract","loglik","zzz-bad-sample","FALSE","refused","sample must be in 'train', 'test'"
"live","rbart.base","method:extract.rbart","extract","ranef","train","TRUE","accepted","matrix/array 1x4 dn=[NULL,{a,b,c,...}]"
"live","rbart.base","method:extract.rbart","extract","ranef","train","FALSE","accepted","matrix/array 1x4 dn=[NULL,{a,b,c,...}]"
"live","rbart.base","method:extract.rbart","extract","ranef","test","TRUE","accepted","matrix/array 1x4 dn=[NULL,{a,b,c,...}]"
"live","rbart.base","method:extract.rbart","extract","ranef","test","FALSE","accepted","matrix/array 1x4 dn=[NULL,{a,b,c,...}]"
"live","rbart.base","method:extract.rbart","extract","ranef","zzz-bad-sample","TRUE","refused","sample must be in 'train', 'test'"
"live","rbart.base","method:extract.rbart","extract","ranef","zzz-bad-sample","FALSE","refused","sample must be in 'train', 'test'"
"live","rbart.base","method:extract.rbart","extract","trees","train","TRUE","error-without-reason","unused argument (combineChains = TRUE)"
"live","rbart.base","method:extract.rbart","extract","trees","train","FALSE","error-without-reason","unused argument (combineChains = FALSE)"
"live","rbart.base","method:extract.rbart","extract","trees","test","TRUE","error-without-reason","unused argument (combineChains = TRUE)"
"live","rbart.base","method:extract.rbart","extract","trees","test","FALSE","error-without-reason","unused argument (combineChains = FALSE)"
"live","rbart.base","method:extract.rbart","extract","trees","zzz-bad-sample","TRUE","error-without-reason","unused argument (combineChains = TRUE)"
"live","rbart.base","method:extract.rbart","extract","trees","zzz-bad-sample","FALSE","error-without-reason","unused argument (combineChains = FALSE)"
"live","rbart.base","method:extract.rbart","extract","zzz-bad-type","train","TRUE","refused","type must be in 'ev', 'ppd', 'bart', 'loglik', 'ranef', 'trees'"
"live","rbart.base","method:extract.rbart","extract","zzz-bad-type","train","FALSE","refused","type must be in 'ev', 'ppd', 'bart', 'loglik', 'ranef', 'trees'"
"live","rbart.base","method:extract.rbart","extract","zzz-bad-type","test","TRUE","refused","type must be in 'ev', 'ppd', 'bart', 'loglik', 'ranef', 'trees'"
"live","rbart.base","method:extract.rbart","extract","zzz-bad-type","test","FALSE","refused","type must be in 'ev', 'ppd', 'bart', 'loglik', 'ranef', 'trees'"
"live","rbart.base","method:extract.rbart","extract","zzz-bad-type","zzz-bad-sample","TRUE","refused","type must be in 'ev', 'ppd', 'bart', 'loglik', 'ranef', 'trees'"
"live","rbart.base","method:extract.rbart","extract","zzz-bad-type","zzz-bad-sample","FALSE","refused","type must be in 'ev', 'ppd', 'bart', 'loglik', 'ranef', 'trees'"
"live","rbart.base","method:fitted.rbart","fitted","ev","train","","accepted","numeric len40"
"live","rbart.base","method:fitted.rbart","fitted","ev","test","","accepted","numeric len12"
"live","rbart.base","method:fitted.rbart","fitted","ev","zzz-bad-sample","","refused","sample must be in 'train', 'test'"
"live","rbart.base","method:fitted.rbart","fitted","ppd","train","","accepted","numeric len40"
"live","rbart.base","method:fitted.rbart","fitted","ppd","test","","accepted","numeric len12"
"live","rbart.base","method:fitted.rbart","fitted","ppd","zzz-bad-sample","","refused","sample must be in 'train', 'test'"
"live","rbart.base","method:fitted.rbart","fitted","bart","train","","accepted","numeric len40"
"live","rbart.base","method:fitted.rbart","fitted","bart","test","","accepted","numeric len12"
"live","rbart.base","method:fitted.rbart","fitted","bart","zzz-bad-sample","","refused","sample must be in 'train', 'test'"
"live","rbart.base","method:fitted.rbart","fitted","ranef","train","","accepted","numeric len4"
"live","rbart.base","method:fitted.rbart","fitted","ranef","test","","accepted","numeric len4"
"live","rbart.base","method:fitted.rbart","fitted","ranef","zzz-bad-sample","","refused","sample must be in 'train', 'test'"
"live","rbart.base","method:fitted.rbart","fitted","zzz-bad-type","train","","refused","type must be in 'ev', 'ppd', 'bart', 'ranef'"
"live","rbart.base","method:fitted.rbart","fitted","zzz-bad-type","test","","refused","type must be in 'ev', 'ppd', 'bart', 'ranef'"
"live","rbart.base","method:fitted.rbart","fitted","zzz-bad-type","zzz-bad-sample","","refused","type must be in 'ev', 'ppd', 'bart', 'ranef'"
"live","rbart.base","method:residuals.rbart","residuals","ev","","","accepted","numeric len40"
"live","rbart.base","method:residuals.rbart","residuals","zzz-bad-type","","","refused","type must be in 'ev', 'ppd', 'bart', 'ranef'"
"live","rbart.base","method:summary.rbart","summary","","","","accepted","summary.bart len3"
"live","rbart.base","method:print.rbart","print","","","","accepted","rbart len18"
"live","rbart.base","method:plot.rbart","plot","","","","accepted","NULL"
"live","rbart.base","method:plotTree.rbart","plotTree","","","","accepted","NULL"
"live","rbart.base","method:survivalProbabilities.rbart","survivalProbabilities","","","TRUE","refused","survivalProbabilities requires an aft (survival) rbart fit"
"live","rbart.base","method:survivalProbabilities.rbart","survivalProbabilities","","","FALSE","refused","survivalProbabilities requires an aft (survival) rbart fit"
"live","rbart.base","method:as_draws_array.rbart","as_draws_array","","","","accepted","draws_array/draws/array 1x1x2 dn=[{1},{1},{sigma,tau}]"
"live","rbart.base","method:as_draws_df.rbart","as_draws_df","","","","accepted","draws_df/draws/tbl_df/tbl/data.frame 1x5 dn=[{1},{sigma,tau,.chain,...}]"
"live","rbart.kT0","build","","","","","built","class=rbart"
"live","rbart.kT0","fields","documented-present","","","","info","call;yhat.train;yhat.test;yhat.train.mean;yhat.test.mean;sigma;varcount;sigest;y;n.chains;family"
"live","rbart.kT0","fields","documented-absent","","","","info","first.sigma;resid.dist;fit"
"live","rbart.kT0","fields","all-names","","","","info","call;y;group.by;family;sigest;group.by.test;ranef;sigma;tau;yhat.train;yhat.test;varcount;ranef.mean;yhat.train.mean;yhat.test.mean;n.chains;seed"
"live","rbart.kT0","method:predict.rbart","predict","ev","","TRUE","refused","predict requires rbart to be called with 'keepTrees' == TRUE"
"live","rbart.kT0","method:predict.rbart","predict","ev","","FALSE","refused","predict requires rbart to be called with 'keepTrees' == TRUE"
"live","rbart.kT0","method:predict.rbart","predict","ppd","","TRUE","refused","predict requires rbart to be called with 'keepTrees' == TRUE"
"live","rbart.kT0","method:predict.rbart","predict","ppd","","FALSE","refused","predict requires rbart to be called with 'keepTrees' == TRUE"
"live","rbart.kT0","method:predict.rbart","predict","bart","","TRUE","refused","predict requires rbart to be called with 'keepTrees' == TRUE"
"live","rbart.kT0","method:predict.rbart","predict","bart","","FALSE","refused","predict requires rbart to be called with 'keepTrees' == TRUE"
"live","rbart.kT0","method:predict.rbart","predict","ranef","","TRUE","refused","predict requires rbart to be called with 'keepTrees' == TRUE"
"live","rbart.kT0","method:predict.rbart","predict","ranef","","FALSE","refused","predict requires rbart to be called with 'keepTrees' == TRUE"
"live","rbart.kT0","method:predict.rbart","predict","zzz-bad-type","","TRUE","refused","predict requires rbart to be called with 'keepTrees' == TRUE"
"live","rbart.kT0","method:predict.rbart","predict","zzz-bad-type","","FALSE","refused","predict requires rbart to be called with 'keepTrees' == TRUE"
"live","rbart.kT0","method:extract.rbart","extract","ev","train","TRUE","accepted","matrix/array 1x40"
"live","rbart.kT0","method:extract.rbart","extract","ev","train","FALSE","accepted","matrix/array 1x40"
"live","rbart.kT0","method:extract.rbart","extract","ev","test","TRUE","accepted","matrix/array 1x12"
"live","rbart.kT0","method:extract.rbart","extract","ev","test","FALSE","accepted","matrix/array 1x12"
"live","rbart.kT0","method:extract.rbart","extract","ev","zzz-bad-sample","TRUE","refused","sample must be in 'train', 'test'"
"live","rbart.kT0","method:extract.rbart","extract","ev","zzz-bad-sample","FALSE","refused","sample must be in 'train', 'test'"
"live","rbart.kT0","method:extract.rbart","extract","ppd","train","TRUE","accepted","matrix/array 1x40"
"live","rbart.kT0","method:extract.rbart","extract","ppd","train","FALSE","accepted","matrix/array 1x40"
"live","rbart.kT0","method:extract.rbart","extract","ppd","test","TRUE","accepted","matrix/array 1x12"
"live","rbart.kT0","method:extract.rbart","extract","ppd","test","FALSE","accepted","matrix/array 1x12"
"live","rbart.kT0","method:extract.rbart","extract","ppd","zzz-bad-sample","TRUE","refused","sample must be in 'train', 'test'"
"live","rbart.kT0","method:extract.rbart","extract","ppd","zzz-bad-sample","FALSE","refused","sample must be in 'train', 'test'"
"live","rbart.kT0","method:extract.rbart","extract","bart","train","TRUE","accepted","matrix/array 1x40"
"live","rbart.kT0","method:extract.rbart","extract","bart","train","FALSE","accepted","matrix/array 1x40"
"live","rbart.kT0","method:extract.rbart","extract","bart","test","TRUE","accepted","matrix/array 1x12"
"live","rbart.kT0","method:extract.rbart","extract","bart","test","FALSE","accepted","matrix/array 1x12"
"live","rbart.kT0","method:extract.rbart","extract","bart","zzz-bad-sample","TRUE","refused","sample must be in 'train', 'test'"
"live","rbart.kT0","method:extract.rbart","extract","bart","zzz-bad-sample","FALSE","refused","sample must be in 'train', 'test'"
"live","rbart.kT0","method:extract.rbart","extract","loglik","train","TRUE","accepted","matrix/array 1x40"
"live","rbart.kT0","method:extract.rbart","extract","loglik","train","FALSE","accepted","matrix/array 1x40"
"live","rbart.kT0","method:extract.rbart","extract","loglik","test","TRUE","refused","cannot extract a test sample log-likelihood; no test response exists"
"live","rbart.kT0","method:extract.rbart","extract","loglik","test","FALSE","refused","cannot extract a test sample log-likelihood; no test response exists"
"live","rbart.kT0","method:extract.rbart","extract","loglik","zzz-bad-sample","TRUE","refused","sample must be in 'train', 'test'"
"live","rbart.kT0","method:extract.rbart","extract","loglik","zzz-bad-sample","FALSE","refused","sample must be in 'train', 'test'"
"live","rbart.kT0","method:extract.rbart","extract","ranef","train","TRUE","accepted","matrix/array 1x4 dn=[NULL,{a,b,c,...}]"
"live","rbart.kT0","method:extract.rbart","extract","ranef","train","FALSE","accepted","matrix/array 1x4 dn=[NULL,{a,b,c,...}]"
"live","rbart.kT0","method:extract.rbart","extract","ranef","test","TRUE","accepted","matrix/array 1x4 dn=[NULL,{a,b,c,...}]"
"live","rbart.kT0","method:extract.rbart","extract","ranef","test","FALSE","accepted","matrix/array 1x4 dn=[NULL,{a,b,c,...}]"
"live","rbart.kT0","method:extract.rbart","extract","ranef","zzz-bad-sample","TRUE","refused","sample must be in 'train', 'test'"
"live","rbart.kT0","method:extract.rbart","extract","ranef","zzz-bad-sample","FALSE","refused","sample must be in 'train', 'test'"
"live","rbart.kT0","method:extract.rbart","extract","trees","train","TRUE","refused","extracting trees requires rbart to be called with 'keepTrees' == TRUE"
"live","rbart.kT0","method:extract.rbart","extract","trees","train","FALSE","refused","extracting trees requires rbart to be called with 'keepTrees' == TRUE"
"live","rbart.kT0","method:extract.rbart","extract","trees","test","TRUE","refused","extracting trees requires rbart to be called with 'keepTrees' == TRUE"
"live","rbart.kT0","method:extract.rbart","extract","trees","test","FALSE","refused","extracting trees requires rbart to be called with 'keepTrees' == TRUE"
"live","rbart.kT0","method:extract.rbart","extract","trees","zzz-bad-sample","TRUE","refused","extracting trees requires rbart to be called with 'keepTrees' == TRUE"
"live","rbart.kT0","method:extract.rbart","extract","trees","zzz-bad-sample","FALSE","refused","extracting trees requires rbart to be called with 'keepTrees' == TRUE"
"live","rbart.kT0","method:extract.rbart","extract","zzz-bad-type","train","TRUE","refused","type must be in 'ev', 'ppd', 'bart', 'loglik', 'ranef', 'trees'"
"live","rbart.kT0","method:extract.rbart","extract","zzz-bad-type","train","FALSE","refused","type must be in 'ev', 'ppd', 'bart', 'loglik', 'ranef', 'trees'"
"live","rbart.kT0","method:extract.rbart","extract","zzz-bad-type","test","TRUE","refused","type must be in 'ev', 'ppd', 'bart', 'loglik', 'ranef', 'trees'"
"live","rbart.kT0","method:extract.rbart","extract","zzz-bad-type","test","FALSE","refused","type must be in 'ev', 'ppd', 'bart', 'loglik', 'ranef', 'trees'"
"live","rbart.kT0","method:extract.rbart","extract","zzz-bad-type","zzz-bad-sample","TRUE","refused","type must be in 'ev', 'ppd', 'bart', 'loglik', 'ranef', 'trees'"
"live","rbart.kT0","method:extract.rbart","extract","zzz-bad-type","zzz-bad-sample","FALSE","refused","type must be in 'ev', 'ppd', 'bart', 'loglik', 'ranef', 'trees'"
"live","rbart.kT0","method:fitted.rbart","fitted","ev","train","","accepted","numeric len40"
"live","rbart.kT0","method:fitted.rbart","fitted","ev","test","","accepted","numeric len12"
"live","rbart.kT0","method:fitted.rbart","fitted","ev","zzz-bad-sample","","refused","sample must be in 'train', 'test'"
"live","rbart.kT0","method:fitted.rbart","fitted","ppd","train","","accepted","numeric len40"
"live","rbart.kT0","method:fitted.rbart","fitted","ppd","test","","accepted","numeric len12"
"live","rbart.kT0","method:fitted.rbart","fitted","ppd","zzz-bad-sample","","refused","sample must be in 'train', 'test'"
"live","rbart.kT0","method:fitted.rbart","fitted","bart","train","","accepted","numeric len40"
"live","rbart.kT0","method:fitted.rbart","fitted","bart","test","","accepted","numeric len12"
"live","rbart.kT0","method:fitted.rbart","fitted","bart","zzz-bad-sample","","refused","sample must be in 'train', 'test'"
"live","rbart.kT0","method:fitted.rbart","fitted","ranef","train","","accepted","numeric len4"
"live","rbart.kT0","method:fitted.rbart","fitted","ranef","test","","accepted","numeric len4"
"live","rbart.kT0","method:fitted.rbart","fitted","ranef","zzz-bad-sample","","refused","sample must be in 'train', 'test'"
"live","rbart.kT0","method:fitted.rbart","fitted","zzz-bad-type","train","","refused","type must be in 'ev', 'ppd', 'bart', 'ranef'"
"live","rbart.kT0","method:fitted.rbart","fitted","zzz-bad-type","test","","refused","type must be in 'ev', 'ppd', 'bart', 'ranef'"
"live","rbart.kT0","method:fitted.rbart","fitted","zzz-bad-type","zzz-bad-sample","","refused","type must be in 'ev', 'ppd', 'bart', 'ranef'"
"live","rbart.kT0","method:residuals.rbart","residuals","ev","","","accepted","numeric len40"
"live","rbart.kT0","method:residuals.rbart","residuals","zzz-bad-type","","","refused","type must be in 'ev', 'ppd', 'bart', 'ranef'"
"live","rbart.kT0","method:summary.rbart","summary","","","","accepted","summary.bart len3"
"live","rbart.kT0","method:print.rbart","print","","","","accepted","rbart len17"
"live","rbart.kT0","method:plot.rbart","plot","","","","accepted","NULL"
"live","rbart.kT0","method:plotTree.rbart","plotTree","","","","refused","plotTree requires the trees to be kept: fit rbart_vi with keepTrees = TRUE"
"live","rbart.kT0","method:survivalProbabilities.rbart","survivalProbabilities","","","TRUE","refused","survivalProbabilities requires an aft (survival) rbart fit"
"live","rbart.kT0","method:survivalProbabilities.rbart","survivalProbabilities","","","FALSE","refused","survivalProbabilities requires an aft (survival) rbart fit"
"live","rbart.kT0","method:as_draws_array.rbart","as_draws_array","","","","accepted","draws_array/draws/array 1x1x2 dn=[{1},{1},{sigma,tau}]"
"live","rbart.kT0","method:as_draws_df.rbart","as_draws_df","","","","accepted","draws_df/draws/tbl_df/tbl/data.frame 1x5 dn=[{1},{sigma,tau,.chain,...}]"
"live","rbart.nc2","build","","","","","built","class=rbart"
"live","rbart.nc2","fields","documented-present","","","","info","call;yhat.train;yhat.test;yhat.train.mean;yhat.test.mean;sigma;first.sigma;varcount;sigest;y;fit;n.chains;family"
"live","rbart.nc2","fields","documented-absent","","","","info","resid.dist"
"live","rbart.nc2","fields","all-names","","","","info","call;y;group.by;family;sigest;group.by.test;ranef;first.tau;first.sigma;sigma;tau;yhat.train;yhat.test;varcount;ranef.mean;yhat.train.mean;yhat.test.mean;n.chains;seed;fit"
"live","rbart.nc2","method:predict.rbart","predict","ev","","TRUE","accepted","matrix/array 2x12"
"live","rbart.nc2","method:predict.rbart","predict","ev","","FALSE","accepted","array 2x1x12"
"live","rbart.nc2","method:predict.rbart","predict","ppd","","TRUE","accepted","matrix/array 2x12"
"live","rbart.nc2","method:predict.rbart","predict","ppd","","FALSE","accepted","array 2x1x12"
"live","rbart.nc2","method:predict.rbart","predict","bart","","TRUE","accepted","matrix/array 2x12"
"live","rbart.nc2","method:predict.rbart","predict","bart","","FALSE","accepted","array 2x1x12"
"live","rbart.nc2","method:predict.rbart","predict","ranef","","TRUE","accepted","matrix/array 2x4 dn=[NULL,{a,b,c,...}]"
"live","rbart.nc2","method:predict.rbart","predict","ranef","","FALSE","accepted","array 2x1x4 dn=[NULL,NULL,{a,b,c,...}]"
"live","rbart.nc2","method:predict.rbart","predict","zzz-bad-type","","TRUE","refused","type must be in 'ev', 'ppd', 'bart', 'ranef'"
"live","rbart.nc2","method:predict.rbart","predict","zzz-bad-type","","FALSE","refused","type must be in 'ev', 'ppd', 'bart', 'ranef'"
"live","rbart.nc2","method:extract.rbart","extract","ev","train","TRUE","accepted","matrix/array 2x40"
"live","rbart.nc2","method:extract.rbart","extract","ev","train","FALSE","accepted","array 2x1x40"
"live","rbart.nc2","method:extract.rbart","extract","ev","test","TRUE","accepted","matrix/array 2x12"
"live","rbart.nc2","method:extract.rbart","extract","ev","test","FALSE","accepted","array 2x1x12"
"live","rbart.nc2","method:extract.rbart","extract","ev","zzz-bad-sample","TRUE","refused","sample must be in 'train', 'test'"
"live","rbart.nc2","method:extract.rbart","extract","ev","zzz-bad-sample","FALSE","refused","sample must be in 'train', 'test'"
"live","rbart.nc2","method:extract.rbart","extract","ppd","train","TRUE","accepted","matrix/array 2x40"
"live","rbart.nc2","method:extract.rbart","extract","ppd","train","FALSE","accepted","array 2x1x40"
"live","rbart.nc2","method:extract.rbart","extract","ppd","test","TRUE","accepted","matrix/array 2x12"
"live","rbart.nc2","method:extract.rbart","extract","ppd","test","FALSE","accepted","array 2x1x12"
"live","rbart.nc2","method:extract.rbart","extract","ppd","zzz-bad-sample","TRUE","refused","sample must be in 'train', 'test'"
"live","rbart.nc2","method:extract.rbart","extract","ppd","zzz-bad-sample","FALSE","refused","sample must be in 'train', 'test'"
"live","rbart.nc2","method:extract.rbart","extract","bart","train","TRUE","accepted","matrix/array 2x40"
"live","rbart.nc2","method:extract.rbart","extract","bart","train","FALSE","accepted","array 2x1x40"
"live","rbart.nc2","method:extract.rbart","extract","bart","test","TRUE","accepted","matrix/array 2x12"
"live","rbart.nc2","method:extract.rbart","extract","bart","test","FALSE","accepted","array 2x1x12"
"live","rbart.nc2","method:extract.rbart","extract","bart","zzz-bad-sample","TRUE","refused","sample must be in 'train', 'test'"
"live","rbart.nc2","method:extract.rbart","extract","bart","zzz-bad-sample","FALSE","refused","sample must be in 'train', 'test'"
"live","rbart.nc2","method:extract.rbart","extract","loglik","train","TRUE","accepted","matrix/array 2x40"
"live","rbart.nc2","method:extract.rbart","extract","loglik","train","FALSE","accepted","array 2x1x40"
"live","rbart.nc2","method:extract.rbart","extract","loglik","test","TRUE","refused","cannot extract a test sample log-likelihood; no test response exists"
"live","rbart.nc2","method:extract.rbart","extract","loglik","test","FALSE","refused","cannot extract a test sample log-likelihood; no test response exists"
"live","rbart.nc2","method:extract.rbart","extract","loglik","zzz-bad-sample","TRUE","refused","sample must be in 'train', 'test'"
"live","rbart.nc2","method:extract.rbart","extract","loglik","zzz-bad-sample","FALSE","refused","sample must be in 'train', 'test'"
"live","rbart.nc2","method:extract.rbart","extract","ranef","train","TRUE","accepted","matrix/array 2x4 dn=[NULL,{a,b,c,...}]"
"live","rbart.nc2","method:extract.rbart","extract","ranef","train","FALSE","accepted","array 2x1x4 dn=[NULL,NULL,{a,b,c,...}]"
"live","rbart.nc2","method:extract.rbart","extract","ranef","test","TRUE","accepted","matrix/array 2x4 dn=[NULL,{a,b,c,...}]"
"live","rbart.nc2","method:extract.rbart","extract","ranef","test","FALSE","accepted","array 2x1x4 dn=[NULL,NULL,{a,b,c,...}]"
"live","rbart.nc2","method:extract.rbart","extract","ranef","zzz-bad-sample","TRUE","refused","sample must be in 'train', 'test'"
"live","rbart.nc2","method:extract.rbart","extract","ranef","zzz-bad-sample","FALSE","refused","sample must be in 'train', 'test'"
"live","rbart.nc2","method:extract.rbart","extract","trees","train","TRUE","error-without-reason","unused argument (combineChains = TRUE)"
"live","rbart.nc2","method:extract.rbart","extract","trees","train","FALSE","error-without-reason","unused argument (combineChains = FALSE)"
"live","rbart.nc2","method:extract.rbart","extract","trees","test","TRUE","error-without-reason","unused argument (combineChains = TRUE)"
"live","rbart.nc2","method:extract.rbart","extract","trees","test","FALSE","error-without-reason","unused argument (combineChains = FALSE)"
"live","rbart.nc2","method:extract.rbart","extract","trees","zzz-bad-sample","TRUE","error-without-reason","unused argument (combineChains = TRUE)"
"live","rbart.nc2","method:extract.rbart","extract","trees","zzz-bad-sample","FALSE","error-without-reason","unused argument (combineChains = FALSE)"
"live","rbart.nc2","method:extract.rbart","extract","zzz-bad-type","train","TRUE","refused","type must be in 'ev', 'ppd', 'bart', 'loglik', 'ranef', 'trees'"
"live","rbart.nc2","method:extract.rbart","extract","zzz-bad-type","train","FALSE","refused","type must be in 'ev', 'ppd', 'bart', 'loglik', 'ranef', 'trees'"
"live","rbart.nc2","method:extract.rbart","extract","zzz-bad-type","test","TRUE","refused","type must be in 'ev', 'ppd', 'bart', 'loglik', 'ranef', 'trees'"
"live","rbart.nc2","method:extract.rbart","extract","zzz-bad-type","test","FALSE","refused","type must be in 'ev', 'ppd', 'bart', 'loglik', 'ranef', 'trees'"
"live","rbart.nc2","method:extract.rbart","extract","zzz-bad-type","zzz-bad-sample","TRUE","refused","type must be in 'ev', 'ppd', 'bart', 'loglik', 'ranef', 'trees'"
"live","rbart.nc2","method:extract.rbart","extract","zzz-bad-type","zzz-bad-sample","FALSE","refused","type must be in 'ev', 'ppd', 'bart', 'loglik', 'ranef', 'trees'"
"live","rbart.nc2","method:fitted.rbart","fitted","ev","train","","accepted","numeric len40"
"live","rbart.nc2","method:fitted.rbart","fitted","ev","test","","accepted","numeric len12"
"live","rbart.nc2","method:fitted.rbart","fitted","ev","zzz-bad-sample","","refused","sample must be in 'train', 'test'"
"live","rbart.nc2","method:fitted.rbart","fitted","ppd","train","","accepted","numeric len40"
"live","rbart.nc2","method:fitted.rbart","fitted","ppd","test","","accepted","numeric len12"
"live","rbart.nc2","method:fitted.rbart","fitted","ppd","zzz-bad-sample","","refused","sample must be in 'train', 'test'"
"live","rbart.nc2","method:fitted.rbart","fitted","bart","train","","accepted","numeric len40"
"live","rbart.nc2","method:fitted.rbart","fitted","bart","test","","accepted","numeric len12"
"live","rbart.nc2","method:fitted.rbart","fitted","bart","zzz-bad-sample","","refused","sample must be in 'train', 'test'"
"live","rbart.nc2","method:fitted.rbart","fitted","ranef","train","","accepted","numeric len4"
"live","rbart.nc2","method:fitted.rbart","fitted","ranef","test","","accepted","numeric len4"
"live","rbart.nc2","method:fitted.rbart","fitted","ranef","zzz-bad-sample","","refused","sample must be in 'train', 'test'"
"live","rbart.nc2","method:fitted.rbart","fitted","zzz-bad-type","train","","refused","type must be in 'ev', 'ppd', 'bart', 'ranef'"
"live","rbart.nc2","method:fitted.rbart","fitted","zzz-bad-type","test","","refused","type must be in 'ev', 'ppd', 'bart', 'ranef'"
"live","rbart.nc2","method:fitted.rbart","fitted","zzz-bad-type","zzz-bad-sample","","refused","type must be in 'ev', 'ppd', 'bart', 'ranef'"
"live","rbart.nc2","method:residuals.rbart","residuals","ev","","","accepted","numeric len40"
"live","rbart.nc2","method:residuals.rbart","residuals","zzz-bad-type","","","refused","type must be in 'ev', 'ppd', 'bart', 'ranef'"
"live","rbart.nc2","method:summary.rbart","summary","","","","accepted","summary.bart len3"
"live","rbart.nc2","method:print.rbart","print","","","","accepted","rbart len20"
"live","rbart.nc2","method:plot.rbart","plot","","","","refused","'x' is a list, but does not have components 'x' and 'y'"
"live","rbart.nc2","method:plotTree.rbart","plotTree","","","","accepted","NULL"
"live","rbart.nc2","method:survivalProbabilities.rbart","survivalProbabilities","","","TRUE","refused","survivalProbabilities requires an aft (survival) rbart fit"
"live","rbart.nc2","method:survivalProbabilities.rbart","survivalProbabilities","","","FALSE","refused","survivalProbabilities requires an aft (survival) rbart fit"
"live","rbart.nc2","method:as_draws_array.rbart","as_draws_array","","","","accepted","draws_array/draws/array 1x2x2 dn=[{1},{1,2},{sigma,tau}]"
"live","rbart.nc2","method:as_draws_df.rbart","as_draws_df","","","","accepted","draws_df/draws/tbl_df/tbl/data.frame 2x5 dn=[{1,2},{sigma,tau,.chain,...}]"
"live","rbart.nc2u","build","","","","","built","class=rbart"
"live","rbart.nc2u","fields","documented-present","","","","info","call;yhat.train;yhat.test;yhat.train.mean;yhat.test.mean;sigma;first.sigma;varcount;sigest;y;fit;n.chains;family"
"live","rbart.nc2u","fields","documented-absent","","","","info","resid.dist"
"live","rbart.nc2u","fields","all-names","","","","info","call;y;group.by;family;sigest;group.by.test;ranef;first.tau;first.sigma;sigma;tau;yhat.train;yhat.test;varcount;ranef.mean;yhat.train.mean;yhat.test.mean;n.chains;seed;fit"
"live","rbart.nc2u","method:predict.rbart","predict","ev","","TRUE","accepted","matrix/array 2x12"
"live","rbart.nc2u","method:predict.rbart","predict","ev","","FALSE","accepted","array 2x1x12"
"live","rbart.nc2u","method:predict.rbart","predict","ppd","","TRUE","accepted","matrix/array 2x12"
"live","rbart.nc2u","method:predict.rbart","predict","ppd","","FALSE","accepted","array 2x1x12"
"live","rbart.nc2u","method:predict.rbart","predict","bart","","TRUE","accepted","matrix/array 2x12"
"live","rbart.nc2u","method:predict.rbart","predict","bart","","FALSE","accepted","array 2x1x12"
"live","rbart.nc2u","method:predict.rbart","predict","ranef","","TRUE","accepted","matrix/array 2x4 dn=[NULL,{a,b,c,...}]"
"live","rbart.nc2u","method:predict.rbart","predict","ranef","","FALSE","accepted","array 2x1x4 dn=[NULL,NULL,{a,b,c,...}]"
"live","rbart.nc2u","method:predict.rbart","predict","zzz-bad-type","","TRUE","refused","type must be in 'ev', 'ppd', 'bart', 'ranef'"
"live","rbart.nc2u","method:predict.rbart","predict","zzz-bad-type","","FALSE","refused","type must be in 'ev', 'ppd', 'bart', 'ranef'"
"live","rbart.nc2u","method:extract.rbart","extract","ev","train","TRUE","accepted","matrix/array 2x40"
"live","rbart.nc2u","method:extract.rbart","extract","ev","train","FALSE","accepted","array 2x1x40"
"live","rbart.nc2u","method:extract.rbart","extract","ev","test","TRUE","accepted","matrix/array 2x12"
"live","rbart.nc2u","method:extract.rbart","extract","ev","test","FALSE","accepted","array 2x1x12"
"live","rbart.nc2u","method:extract.rbart","extract","ev","zzz-bad-sample","TRUE","refused","sample must be in 'train', 'test'"
"live","rbart.nc2u","method:extract.rbart","extract","ev","zzz-bad-sample","FALSE","refused","sample must be in 'train', 'test'"
"live","rbart.nc2u","method:extract.rbart","extract","ppd","train","TRUE","accepted","matrix/array 2x40"
"live","rbart.nc2u","method:extract.rbart","extract","ppd","train","FALSE","accepted","array 2x1x40"
"live","rbart.nc2u","method:extract.rbart","extract","ppd","test","TRUE","accepted","matrix/array 2x12"
"live","rbart.nc2u","method:extract.rbart","extract","ppd","test","FALSE","accepted","array 2x1x12"
"live","rbart.nc2u","method:extract.rbart","extract","ppd","zzz-bad-sample","TRUE","refused","sample must be in 'train', 'test'"
"live","rbart.nc2u","method:extract.rbart","extract","ppd","zzz-bad-sample","FALSE","refused","sample must be in 'train', 'test'"
"live","rbart.nc2u","method:extract.rbart","extract","bart","train","TRUE","accepted","matrix/array 2x40"
"live","rbart.nc2u","method:extract.rbart","extract","bart","train","FALSE","accepted","array 2x1x40"
"live","rbart.nc2u","method:extract.rbart","extract","bart","test","TRUE","accepted","matrix/array 2x12"
"live","rbart.nc2u","method:extract.rbart","extract","bart","test","FALSE","accepted","array 2x1x12"
"live","rbart.nc2u","method:extract.rbart","extract","bart","zzz-bad-sample","TRUE","refused","sample must be in 'train', 'test'"
"live","rbart.nc2u","method:extract.rbart","extract","bart","zzz-bad-sample","FALSE","refused","sample must be in 'train', 'test'"
"live","rbart.nc2u","method:extract.rbart","extract","loglik","train","TRUE","accepted","matrix/array 2x40"
"live","rbart.nc2u","method:extract.rbart","extract","loglik","train","FALSE","accepted","array 2x1x40"
"live","rbart.nc2u","method:extract.rbart","extract","loglik","test","TRUE","refused","cannot extract a test sample log-likelihood; no test response exists"
"live","rbart.nc2u","method:extract.rbart","extract","loglik","test","FALSE","refused","cannot extract a test sample log-likelihood; no test response exists"
"live","rbart.nc2u","method:extract.rbart","extract","loglik","zzz-bad-sample","TRUE","refused","sample must be in 'train', 'test'"
"live","rbart.nc2u","method:extract.rbart","extract","loglik","zzz-bad-sample","FALSE","refused","sample must be in 'train', 'test'"
"live","rbart.nc2u","method:extract.rbart","extract","ranef","train","TRUE","accepted","matrix/array 2x4 dn=[NULL,{a,b,c,...}]"
"live","rbart.nc2u","method:extract.rbart","extract","ranef","train","FALSE","accepted","array 2x1x4 dn=[NULL,NULL,{a,b,c,...}]"
"live","rbart.nc2u","method:extract.rbart","extract","ranef","test","TRUE","accepted","matrix/array 2x4 dn=[NULL,{a,b,c,...}]"
"live","rbart.nc2u","method:extract.rbart","extract","ranef","test","FALSE","accepted","array 2x1x4 dn=[NULL,NULL,{a,b,c,...}]"
"live","rbart.nc2u","method:extract.rbart","extract","ranef","zzz-bad-sample","TRUE","refused","sample must be in 'train', 'test'"
"live","rbart.nc2u","method:extract.rbart","extract","ranef","zzz-bad-sample","FALSE","refused","sample must be in 'train', 'test'"
"live","rbart.nc2u","method:extract.rbart","extract","trees","train","TRUE","error-without-reason","unused argument (combineChains = TRUE)"
"live","rbart.nc2u","method:extract.rbart","extract","trees","train","FALSE","error-without-reason","unused argument (combineChains = FALSE)"
"live","rbart.nc2u","method:extract.rbart","extract","trees","test","TRUE","error-without-reason","unused argument (combineChains = TRUE)"
"live","rbart.nc2u","method:extract.rbart","extract","trees","test","FALSE","error-without-reason","unused argument (combineChains = FALSE)"
"live","rbart.nc2u","method:extract.rbart","extract","trees","zzz-bad-sample","TRUE","error-without-reason","unused argument (combineChains = TRUE)"
"live","rbart.nc2u","method:extract.rbart","extract","trees","zzz-bad-sample","FALSE","error-without-reason","unused argument (combineChains = FALSE)"
"live","rbart.nc2u","method:extract.rbart","extract","zzz-bad-type","train","TRUE","refused","type must be in 'ev', 'ppd', 'bart', 'loglik', 'ranef', 'trees'"
"live","rbart.nc2u","method:extract.rbart","extract","zzz-bad-type","train","FALSE","refused","type must be in 'ev', 'ppd', 'bart', 'loglik', 'ranef', 'trees'"
"live","rbart.nc2u","method:extract.rbart","extract","zzz-bad-type","test","TRUE","refused","type must be in 'ev', 'ppd', 'bart', 'loglik', 'ranef', 'trees'"
"live","rbart.nc2u","method:extract.rbart","extract","zzz-bad-type","test","FALSE","refused","type must be in 'ev', 'ppd', 'bart', 'loglik', 'ranef', 'trees'"
"live","rbart.nc2u","method:extract.rbart","extract","zzz-bad-type","zzz-bad-sample","TRUE","refused","type must be in 'ev', 'ppd', 'bart', 'loglik', 'ranef', 'trees'"
"live","rbart.nc2u","method:extract.rbart","extract","zzz-bad-type","zzz-bad-sample","FALSE","refused","type must be in 'ev', 'ppd', 'bart', 'loglik', 'ranef', 'trees'"
"live","rbart.nc2u","method:fitted.rbart","fitted","ev","train","","accepted","numeric len40"
"live","rbart.nc2u","method:fitted.rbart","fitted","ev","test","","accepted","numeric len12"
"live","rbart.nc2u","method:fitted.rbart","fitted","ev","zzz-bad-sample","","refused","sample must be in 'train', 'test'"
"live","rbart.nc2u","method:fitted.rbart","fitted","ppd","train","","accepted","numeric len40"
"live","rbart.nc2u","method:fitted.rbart","fitted","ppd","test","","accepted","numeric len12"
"live","rbart.nc2u","method:fitted.rbart","fitted","ppd","zzz-bad-sample","","refused","sample must be in 'train', 'test'"
"live","rbart.nc2u","method:fitted.rbart","fitted","bart","train","","accepted","numeric len40"
"live","rbart.nc2u","method:fitted.rbart","fitted","bart","test","","accepted","numeric len12"
"live","rbart.nc2u","method:fitted.rbart","fitted","bart","zzz-bad-sample","","refused","sample must be in 'train', 'test'"
"live","rbart.nc2u","method:fitted.rbart","fitted","ranef","train","","accepted","numeric len4"
"live","rbart.nc2u","method:fitted.rbart","fitted","ranef","test","","accepted","numeric len4"
"live","rbart.nc2u","method:fitted.rbart","fitted","ranef","zzz-bad-sample","","refused","sample must be in 'train', 'test'"
"live","rbart.nc2u","method:fitted.rbart","fitted","zzz-bad-type","train","","refused","type must be in 'ev', 'ppd', 'bart', 'ranef'"
"live","rbart.nc2u","method:fitted.rbart","fitted","zzz-bad-type","test","","refused","type must be in 'ev', 'ppd', 'bart', 'ranef'"
"live","rbart.nc2u","method:fitted.rbart","fitted","zzz-bad-type","zzz-bad-sample","","refused","type must be in 'ev', 'ppd', 'bart', 'ranef'"
"live","rbart.nc2u","method:residuals.rbart","residuals","ev","","","accepted","numeric len40"
"live","rbart.nc2u","method:residuals.rbart","residuals","zzz-bad-type","","","refused","type must be in 'ev', 'ppd', 'bart', 'ranef'"
"live","rbart.nc2u","method:summary.rbart","summary","","","","accepted","summary.bart len3"
"live","rbart.nc2u","method:print.rbart","print","","","","accepted","rbart len20"
"live","rbart.nc2u","method:plot.rbart","plot","","","","refused","'x' is a list, but does not have components 'x' and 'y'"
"live","rbart.nc2u","method:plotTree.rbart","plotTree","","","","accepted","NULL"
"live","rbart.nc2u","method:survivalProbabilities.rbart","survivalProbabilities","","","TRUE","refused","survivalProbabilities requires an aft (survival) rbart fit"
"live","rbart.nc2u","method:survivalProbabilities.rbart","survivalProbabilities","","","FALSE","refused","survivalProbabilities requires an aft (survival) rbart fit"
"live","rbart.nc2u","method:as_draws_array.rbart","as_draws_array","","","","accepted","draws_array/draws/array 1x2x2 dn=[{1},{1,2},{sigma,tau}]"
"live","rbart.nc2u","method:as_draws_df.rbart","as_draws_df","","","","accepted","draws_df/draws/tbl_df/tbl/data.frame 2x5 dn=[{1,2},{sigma,tau,.chain,...}]"
"live","rbart.aft","build","","","","","built","class=rbart"
"live","rbart.aft","fields","documented-present","","","","info","call;yhat.train;yhat.train.mean;sigma;varcount;sigest;y;fit;n.chains;family"
"live","rbart.aft","fields","documented-absent","","","","info","yhat.test;yhat.test.mean;first.sigma;resid.dist"
"live","rbart.aft","fields","all-names","","","","info","call;y;group.by;family;sigest;ranef;sigma;tau;yhat.train;varcount;ranef.mean;yhat.train.mean;n.chains;seed;fit"
"live","rbart.aft","method:predict.rbart","predict","ev","","TRUE","refused","number of columns in 'test' must be equal to that of 'x'"
"live","rbart.aft","method:predict.rbart","predict","ev","","FALSE","refused","number of columns in 'test' must be equal to that of 'x'"
"live","rbart.aft","method:predict.rbart","predict","ppd","","TRUE","refused","number of columns in 'test' must be equal to that of 'x'"
"live","rbart.aft","method:predict.rbart","predict","ppd","","FALSE","refused","number of columns in 'test' must be equal to that of 'x'"
"live","rbart.aft","method:predict.rbart","predict","bart","","TRUE","refused","number of columns in 'test' must be equal to that of 'x'"
"live","rbart.aft","method:predict.rbart","predict","bart","","FALSE","refused","number of columns in 'test' must be equal to that of 'x'"
"live","rbart.aft","method:predict.rbart","predict","ranef","","TRUE","accepted","matrix/array 1x4 dn=[NULL,{a,b,c,...}]"
"live","rbart.aft","method:predict.rbart","predict","ranef","","FALSE","accepted","matrix/array 1x4 dn=[NULL,{a,b,c,...}]"
"live","rbart.aft","method:predict.rbart","predict","zzz-bad-type","","TRUE","refused","type must be in 'ev', 'ppd', 'bart', 'ranef'"
"live","rbart.aft","method:predict.rbart","predict","zzz-bad-type","","FALSE","refused","type must be in 'ev', 'ppd', 'bart', 'ranef'"
"live","rbart.aft","method:extract.rbart","extract","ev","train","TRUE","accepted","matrix/array 1x40"
"live","rbart.aft","method:extract.rbart","extract","ev","train","FALSE","accepted","matrix/array 1x40"
"live","rbart.aft","method:extract.rbart","extract","ev","test","TRUE","refused","cannot extract test sample predictions if no test data exists; use 'predict' instead"
"live","rbart.aft","method:extract.rbart","extract","ev","test","FALSE","refused","cannot extract test sample predictions if no test data exists; use 'predict' instead"
"live","rbart.aft","method:extract.rbart","extract","ev","zzz-bad-sample","TRUE","refused","sample must be in 'train', 'test'"
"live","rbart.aft","method:extract.rbart","extract","ev","zzz-bad-sample","FALSE","refused","sample must be in 'train', 'test'"
"live","rbart.aft","method:extract.rbart","extract","ppd","train","TRUE","accepted","matrix/array 1x40"
"live","rbart.aft","method:extract.rbart","extract","ppd","train","FALSE","accepted","matrix/array 1x40"
"live","rbart.aft","method:extract.rbart","extract","ppd","test","TRUE","refused","cannot extract test sample predictions if no test data exists; use 'predict' instead"
"live","rbart.aft","method:extract.rbart","extract","ppd","test","FALSE","refused","cannot extract test sample predictions if no test data exists; use 'predict' instead"
"live","rbart.aft","method:extract.rbart","extract","ppd","zzz-bad-sample","TRUE","refused","sample must be in 'train', 'test'"
"live","rbart.aft","method:extract.rbart","extract","ppd","zzz-bad-sample","FALSE","refused","sample must be in 'train', 'test'"
"live","rbart.aft","method:extract.rbart","extract","bart","train","TRUE","accepted","matrix/array 1x40"
"live","rbart.aft","method:extract.rbart","extract","bart","train","FALSE","accepted","matrix/array 1x40"
"live","rbart.aft","method:extract.rbart","extract","bart","test","TRUE","refused","cannot extract test sample predictions if no test data exists; use 'predict' instead"
"live","rbart.aft","method:extract.rbart","extract","bart","test","FALSE","refused","cannot extract test sample predictions if no test data exists; use 'predict' instead"
"live","rbart.aft","method:extract.rbart","extract","bart","zzz-bad-sample","TRUE","refused","sample must be in 'train', 'test'"
"live","rbart.aft","method:extract.rbart","extract","bart","zzz-bad-sample","FALSE","refused","sample must be in 'train', 'test'"
"live","rbart.aft","method:extract.rbart","extract","loglik","train","TRUE","refused","cannot compute the aft log-likelihood; fit does not store the censoring status"
"live","rbart.aft","method:extract.rbart","extract","loglik","train","FALSE","refused","cannot compute the aft log-likelihood; fit does not store the censoring status"
"live","rbart.aft","method:extract.rbart","extract","loglik","test","TRUE","refused","cannot extract a test sample log-likelihood; no test response exists"
"live","rbart.aft","method:extract.rbart","extract","loglik","test","FALSE","refused","cannot extract a test sample log-likelihood; no test response exists"
"live","rbart.aft","method:extract.rbart","extract","loglik","zzz-bad-sample","TRUE","refused","sample must be in 'train', 'test'"
"live","rbart.aft","method:extract.rbart","extract","loglik","zzz-bad-sample","FALSE","refused","sample must be in 'train', 'test'"
"live","rbart.aft","method:extract.rbart","extract","ranef","train","TRUE","accepted","matrix/array 1x4 dn=[NULL,{a,b,c,...}]"
"live","rbart.aft","method:extract.rbart","extract","ranef","train","FALSE","accepted","matrix/array 1x4 dn=[NULL,{a,b,c,...}]"
"live","rbart.aft","method:extract.rbart","extract","ranef","test","TRUE","refused","cannot extract test sample predictions if no test data exists; use 'predict' instead"
"live","rbart.aft","method:extract.rbart","extract","ranef","test","FALSE","refused","cannot extract test sample predictions if no test data exists; use 'predict' instead"
"live","rbart.aft","method:extract.rbart","extract","ranef","zzz-bad-sample","TRUE","refused","sample must be in 'train', 'test'"
"live","rbart.aft","method:extract.rbart","extract","ranef","zzz-bad-sample","FALSE","refused","sample must be in 'train', 'test'"
"live","rbart.aft","method:extract.rbart","extract","trees","train","TRUE","error-without-reason","unused argument (combineChains = TRUE)"
"live","rbart.aft","method:extract.rbart","extract","trees","train","FALSE","error-without-reason","unused argument (combineChains = FALSE)"
"live","rbart.aft","method:extract.rbart","extract","trees","test","TRUE","error-without-reason","unused argument (combineChains = TRUE)"
"live","rbart.aft","method:extract.rbart","extract","trees","test","FALSE","error-without-reason","unused argument (combineChains = FALSE)"
"live","rbart.aft","method:extract.rbart","extract","trees","zzz-bad-sample","TRUE","error-without-reason","unused argument (combineChains = TRUE)"
"live","rbart.aft","method:extract.rbart","extract","trees","zzz-bad-sample","FALSE","error-without-reason","unused argument (combineChains = FALSE)"
"live","rbart.aft","method:extract.rbart","extract","zzz-bad-type","train","TRUE","refused","type must be in 'ev', 'ppd', 'bart', 'loglik', 'ranef', 'trees'"
"live","rbart.aft","method:extract.rbart","extract","zzz-bad-type","train","FALSE","refused","type must be in 'ev', 'ppd', 'bart', 'loglik', 'ranef', 'trees'"
"live","rbart.aft","method:extract.rbart","extract","zzz-bad-type","test","TRUE","refused","type must be in 'ev', 'ppd', 'bart', 'loglik', 'ranef', 'trees'"
"live","rbart.aft","method:extract.rbart","extract","zzz-bad-type","test","FALSE","refused","type must be in 'ev', 'ppd', 'bart', 'loglik', 'ranef', 'trees'"
"live","rbart.aft","method:extract.rbart","extract","zzz-bad-type","zzz-bad-sample","TRUE","refused","type must be in 'ev', 'ppd', 'bart', 'loglik', 'ranef', 'trees'"
"live","rbart.aft","method:extract.rbart","extract","zzz-bad-type","zzz-bad-sample","FALSE","refused","type must be in 'ev', 'ppd', 'bart', 'loglik', 'ranef', 'trees'"
"live","rbart.aft","method:fitted.rbart","fitted","ev","train","","accepted","numeric len40"
"live","rbart.aft","method:fitted.rbart","fitted","ev","test","","refused","INTEGER() can only be applied to a 'integer', not a 'NULL'"
"live","rbart.aft","method:fitted.rbart","fitted","ev","zzz-bad-sample","","refused","sample must be in 'train', 'test'"
"live","rbart.aft","method:fitted.rbart","fitted","ppd","train","","accepted","numeric len40"
"live","rbart.aft","method:fitted.rbart","fitted","ppd","test","","refused","cannot extract test sample predictions if no test data exists; use 'predict' instead"
"live","rbart.aft","method:fitted.rbart","fitted","ppd","zzz-bad-sample","","refused","sample must be in 'train', 'test'"
"live","rbart.aft","method:fitted.rbart","fitted","bart","train","","accepted","numeric len40"
"live","rbart.aft","method:fitted.rbart","fitted","bart","test","","refused","cannot extract test sample predictions if no test data exists; use 'predict' instead"
"live","rbart.aft","method:fitted.rbart","fitted","bart","zzz-bad-sample","","refused","sample must be in 'train', 'test'"
"live","rbart.aft","method:fitted.rbart","fitted","ranef","train","","accepted","numeric len4"
"live","rbart.aft","method:fitted.rbart","fitted","ranef","test","","refused","cannot extract test sample predictions if no test data exists; use 'predict' instead"
"live","rbart.aft","method:fitted.rbart","fitted","ranef","zzz-bad-sample","","refused","sample must be in 'train', 'test'"
"live","rbart.aft","method:fitted.rbart","fitted","zzz-bad-type","train","","refused","type must be in 'ev', 'ppd', 'bart', 'ranef'"
"live","rbart.aft","method:fitted.rbart","fitted","zzz-bad-type","test","","refused","type must be in 'ev', 'ppd', 'bart', 'ranef'"
"live","rbart.aft","method:fitted.rbart","fitted","zzz-bad-type","zzz-bad-sample","","refused","type must be in 'ev', 'ppd', 'bart', 'ranef'"
"live","rbart.aft","method:residuals.rbart","residuals","ev","","","accepted","numeric len40"
"live","rbart.aft","method:residuals.rbart","residuals","zzz-bad-type","","","refused","type must be in 'ev', 'ppd', 'bart', 'ranef'"
"live","rbart.aft","method:summary.rbart","summary","","","","accepted","summary.bart len3"
"live","rbart.aft","method:print.rbart","print","","","","accepted","rbart len15"
"live","rbart.aft","method:plot.rbart","plot","","","","accepted","NULL"
"live","rbart.aft","method:plotTree.rbart","plotTree","","","","accepted","NULL"
"live","rbart.aft","method:survivalProbabilities.rbart","survivalProbabilities","","","TRUE","refused","number of columns in 'test' must be equal to that of 'x'"
"live","rbart.aft","method:survivalProbabilities.rbart","survivalProbabilities","","","FALSE","refused","number of columns in 'test' must be equal to that of 'x'"
"live","rbart.aft","method:as_draws_array.rbart","as_draws_array","","","","accepted","draws_array/draws/array 1x1x2 dn=[{1},{1},{sigma,tau}]"
"live","rbart.aft","method:as_draws_df.rbart","as_draws_df","","","","accepted","draws_df/draws/tbl_df/tbl/data.frame 1x5 dn=[{1},{sigma,tau,.chain,...}]"
"live","xbart.result","build","","","","","built","class=numeric"
"live","xbart.result","fields","names","","","","n/a","class=numeric"
"live","xbart.result","DEFAULT","predict","","","","error-without-reason","no applicable method for 'predict' applied to an object of class ""c('double', 'numeric')"""
"live","xbart.result","DEFAULT","extract","","","","error-without-reason","no applicable method for 'extract' applied to an object of class ""c('double', 'numeric')"""
"live","xbart.result","DEFAULT","fitted","","","","error-without-reason","$ operator is invalid for atomic vectors"
"live","xbart.result","DEFAULT","residuals","","","","error-without-reason","$ operator is invalid for atomic vectors"
"live","xbart.result","DEFAULT","summary","","","","accepted","summaryDefault/table len6"
"live","xbart.result","DEFAULT","print","","","","accepted","numeric len2"
"live","xbart.result","DEFAULT","plot","","","","accepted","NULL"
"live","xbart.result","DEFAULT","plotTree","","","","error-without-reason","no applicable method for 'plotTree' applied to an object of class ""c('double', 'numeric')"""
"live","xbart.result","DEFAULT","survivalProbabilities","","","","error-without-reason","no applicable method for 'survivalProbabilities' applied to an object of class ""c('double', 'numeric')"""
"live","xbart.result","DEFAULT","as_draws_array","","","","refused","Don't know how to transform an object of class 'numeric' to any supported draws format."
"live","xbart.result","DEFAULT","as_draws_df","","","","refused","Don't know how to transform an object of class 'numeric' to any supported draws format."
"rds","gaussian.base","reload","","","","","reloaded","class=bart"
"rds","gaussian.base","fields","documented-present","","","","info","call;yhat.train;yhat.test;yhat.train.mean;yhat.test.mean;sigma;first.sigma;varcount;sigest;resid.dist;y;fit;family"
"rds","gaussian.base","fields","documented-absent","","","","info","n.chains"
"rds","gaussian.base","fields","all-names","","","","info","call;family;resid.dist;first.sigma;sigma;sigest;yhat.train;yhat.train.mean;yhat.test;yhat.test.mean;s.train;s.test;varcount;y;fit"
"rds","gaussian.base","method:predict.bart","predict","ev","","","refused","samplers cannot be re-created without a stored state; call storeState() before serializing (see the Saving section of ?`dbartsSampler-class`)"
"rds","gaussian.base","method:predict.bart","predict","ppd","","","refused","samplers cannot be re-created without a stored state; call storeState() before serializing (see the Saving section of ?`dbartsSampler-class`)"
"rds","gaussian.base","method:predict.bart","predict","bart","","","refused","samplers cannot be re-created without a stored state; call storeState() before serializing (see the Saving section of ?`dbartsSampler-class`)"
"rds","gaussian.base","method:predict.bart","predict","forest","","","refused","type = ""forest"" is only available on a fit with per-forest reporting (an amplitude-coupled multi-forest fit); this fit has none"
"rds","gaussian.base","method:predict.bart","predict","zzz-bad-type","","","refused","type must be in 'ev', 'ppd', 'bart', 'forest'"
"rds","gaussian.base","method:extract.bart","extract","ev","train","","accepted","matrix/array 6x40"
"rds","gaussian.base","method:extract.bart","extract","ev","test","","accepted","matrix/array 6x12"
"rds","gaussian.base","method:extract.bart","extract","ev","zzz-bad-sample","","refused","sample must be in 'train', 'test'"
"rds","gaussian.base","method:extract.bart","extract","ppd","train","","accepted","matrix/array 6x40"
"rds","gaussian.base","method:extract.bart","extract","ppd","test","","accepted","matrix/array 6x12"
"rds","gaussian.base","method:extract.bart","extract","ppd","zzz-bad-sample","","refused","sample must be in 'train', 'test'"
"rds","gaussian.base","method:extract.bart","extract","bart","train","","accepted","matrix/array 6x40"
"rds","gaussian.base","method:extract.bart","extract","bart","test","","accepted","matrix/array 6x12"
"rds","gaussian.base","method:extract.bart","extract","bart","zzz-bad-sample","","refused","sample must be in 'train', 'test'"
"rds","gaussian.base","method:extract.bart","extract","loglik","train","","accepted","matrix/array 6x40"
"rds","gaussian.base","method:extract.bart","extract","loglik","test","","refused","cannot extract a test sample log-likelihood; no test response exists"
"rds","gaussian.base","method:extract.bart","extract","loglik","zzz-bad-sample","","refused","sample must be in 'train', 'test'"
"rds","gaussian.base","method:extract.bart","extract","trees","train","","error-without-reason","missing value where TRUE/FALSE needed"
"rds","gaussian.base","method:extract.bart","extract","trees","test","","error-without-reason","missing value where TRUE/FALSE needed"
"rds","gaussian.base","method:extract.bart","extract","trees","zzz-bad-sample","","error-without-reason","missing value where TRUE/FALSE needed"
"rds","gaussian.base","method:extract.bart","extract","forest","train","","refused","type = ""forest"" is only available on a fit with per-forest reporting (an amplitude-coupled multi-forest fit); this fit has none"
"rds","gaussian.base","method:extract.bart","extract","forest","test","","refused","type = ""forest"" is only available on a fit with per-forest reporting (an amplitude-coupled multi-forest fit); this fit has none"
"rds","gaussian.base","method:extract.bart","extract","forest","zzz-bad-sample","","refused","sample must be in 'train', 'test'"
"rds","gaussian.base","method:extract.bart","extract","zzz-bad-type","train","","refused","type must be in 'ev', 'ppd', 'bart', 'loglik', 'trees', 'forest'"
"rds","gaussian.base","method:extract.bart","extract","zzz-bad-type","test","","refused","type must be in 'ev', 'ppd', 'bart', 'loglik', 'trees', 'forest'"
"rds","gaussian.base","method:extract.bart","extract","zzz-bad-type","zzz-bad-sample","","refused","type must be in 'ev', 'ppd', 'bart', 'loglik', 'trees', 'forest'"
"rds","gaussian.base","method:fitted.bart","fitted","ev","train","","accepted","numeric len40"
"rds","gaussian.base","method:fitted.bart","fitted","ev","test","","accepted","numeric len12"
"rds","gaussian.base","method:fitted.bart","fitted","ev","zzz-bad-sample","","refused","sample must be in 'train', 'test'"
"rds","gaussian.base","method:fitted.bart","fitted","ppd","train","","accepted","numeric len40"
"rds","gaussian.base","method:fitted.bart","fitted","ppd","test","","accepted","numeric len12"
"rds","gaussian.base","method:fitted.bart","fitted","ppd","zzz-bad-sample","","refused","sample must be in 'train', 'test'"
"rds","gaussian.base","method:fitted.bart","fitted","bart","train","","accepted","numeric len40"
"rds","gaussian.base","method:fitted.bart","fitted","bart","test","","accepted","numeric len12"
"rds","gaussian.base","method:fitted.bart","fitted","bart","zzz-bad-sample","","refused","sample must be in 'train', 'test'"
"rds","gaussian.base","method:fitted.bart","fitted","zzz-bad-type","train","","refused","type must be in 'ev', 'ppd', 'bart'"
"rds","gaussian.base","method:fitted.bart","fitted","zzz-bad-type","test","","refused","type must be in 'ev', 'ppd', 'bart'"
"rds","gaussian.base","method:fitted.bart","fitted","zzz-bad-type","zzz-bad-sample","","refused","type must be in 'ev', 'ppd', 'bart'"
"rds","gaussian.base","method:residuals.bart","residuals","ev","","","accepted","numeric len40"
"rds","gaussian.base","method:residuals.bart","residuals","zzz-bad-type","","","refused","type must be in 'ev', 'ppd', 'bart'"
"rds","gaussian.base","method:summary.bart","summary","","","","accepted","summary.bart len3"
"rds","gaussian.base","method:print.bart","print","","","","accepted","bart len15"
"rds","gaussian.base","method:plot.bart","plot","","","","accepted","NULL"
"rds","gaussian.base","method:plotTree.bart","plotTree","","","","refused","samplers cannot be re-created without a stored state; call storeState() before serializing (see the Saving section of ?`dbartsSampler-class`)"
"rds","gaussian.base","method:survivalProbabilities.bart","survivalProbabilities","","","","refused","survivalProbabilities requires an aft (survival) fit"
"rds","gaussian.base","method:as_draws_array.bart","as_draws_array","","","","accepted","draws_array/draws/array 6x1x1 dn=[{1,2,3,...},{1},{sigma}]"
"rds","gaussian.base","method:as_draws_df.bart","as_draws_df","","","","accepted","draws_df/draws/tbl_df/tbl/data.frame 6x4 dn=[{1,2,3,...},{sigma,.chain,.iteration,...}]"
"rds","gaussian.kT0","reload","","","","","reloaded","class=bart"
"rds","gaussian.kT0","fields","documented-present","","","","info","call;yhat.train;yhat.test;yhat.train.mean;yhat.test.mean;sigma;first.sigma;varcount;sigest;resid.dist;y;n.chains;family"
"rds","gaussian.kT0","fields","documented-absent","","","","info","fit"
"rds","gaussian.kT0","fields","all-names","","","","info","call;family;resid.dist;first.sigma;sigma;sigest;yhat.train;yhat.train.mean;yhat.test;yhat.test.mean;s.train;s.test;varcount;y;n.chains"
"rds","gaussian.kT0","method:predict.bart","predict","ev","","","refused","predict requires bart to be called with 'keeptrees' == TRUE"
"rds","gaussian.kT0","method:predict.bart","predict","ppd","","","refused","predict requires bart to be called with 'keeptrees' == TRUE"
"rds","gaussian.kT0","method:predict.bart","predict","bart","","","refused","predict requires bart to be called with 'keeptrees' == TRUE"
"rds","gaussian.kT0","method:predict.bart","predict","forest","","","refused","predict requires bart to be called with 'keeptrees' == TRUE"
"rds","gaussian.kT0","method:predict.bart","predict","zzz-bad-type","","","refused","predict requires bart to be called with 'keeptrees' == TRUE"
"rds","gaussian.kT0","method:extract.bart","extract","ev","train","","accepted","matrix/array 6x40"
"rds","gaussian.kT0","method:extract.bart","extract","ev","test","","accepted","matrix/array 6x12"
"rds","gaussian.kT0","method:extract.bart","extract","ev","zzz-bad-sample","","refused","sample must be in 'train', 'test'"
"rds","gaussian.kT0","method:extract.bart","extract","ppd","train","","accepted","matrix/array 6x40"
"rds","gaussian.kT0","method:extract.bart","extract","ppd","test","","accepted","matrix/array 6x12"
"rds","gaussian.kT0","method:extract.bart","extract","ppd","zzz-bad-sample","","refused","sample must be in 'train', 'test'"
"rds","gaussian.kT0","method:extract.bart","extract","bart","train","","accepted","matrix/array 6x40"
"rds","gaussian.kT0","method:extract.bart","extract","bart","test","","accepted","matrix/array 6x12"
"rds","gaussian.kT0","method:extract.bart","extract","bart","zzz-bad-sample","","refused","sample must be in 'train', 'test'"
"rds","gaussian.kT0","method:extract.bart","extract","loglik","train","","accepted","matrix/array 6x40"
"rds","gaussian.kT0","method:extract.bart","extract","loglik","test","","refused","cannot extract a test sample log-likelihood; no test response exists"
"rds","gaussian.kT0","method:extract.bart","extract","loglik","zzz-bad-sample","","refused","sample must be in 'train', 'test'"
"rds","gaussian.kT0","method:extract.bart","extract","trees","train","","refused","extracting trees requires bart to be called with 'keeptrees' == TRUE"
"rds","gaussian.kT0","method:extract.bart","extract","trees","test","","refused","extracting trees requires bart to be called with 'keeptrees' == TRUE"
"rds","gaussian.kT0","method:extract.bart","extract","trees","zzz-bad-sample","","refused","extracting trees requires bart to be called with 'keeptrees' == TRUE"
"rds","gaussian.kT0","method:extract.bart","extract","forest","train","","refused","type = ""forest"" is only available on a fit with per-forest reporting (an amplitude-coupled multi-forest fit); this fit has none"
"rds","gaussian.kT0","method:extract.bart","extract","forest","test","","refused","type = ""forest"" is only available on a fit with per-forest reporting (an amplitude-coupled multi-forest fit); this fit has none"
"rds","gaussian.kT0","method:extract.bart","extract","forest","zzz-bad-sample","","refused","sample must be in 'train', 'test'"
"rds","gaussian.kT0","method:extract.bart","extract","zzz-bad-type","train","","refused","type must be in 'ev', 'ppd', 'bart', 'loglik', 'trees', 'forest'"
"rds","gaussian.kT0","method:extract.bart","extract","zzz-bad-type","test","","refused","type must be in 'ev', 'ppd', 'bart', 'loglik', 'trees', 'forest'"
"rds","gaussian.kT0","method:extract.bart","extract","zzz-bad-type","zzz-bad-sample","","refused","type must be in 'ev', 'ppd', 'bart', 'loglik', 'trees', 'forest'"
"rds","gaussian.kT0","method:fitted.bart","fitted","ev","train","","accepted","numeric len40"
"rds","gaussian.kT0","method:fitted.bart","fitted","ev","test","","accepted","numeric len12"
"rds","gaussian.kT0","method:fitted.bart","fitted","ev","zzz-bad-sample","","refused","sample must be in 'train', 'test'"
"rds","gaussian.kT0","method:fitted.bart","fitted","ppd","train","","accepted","numeric len40"
"rds","gaussian.kT0","method:fitted.bart","fitted","ppd","test","","accepted","numeric len12"
"rds","gaussian.kT0","method:fitted.bart","fitted","ppd","zzz-bad-sample","","refused","sample must be in 'train', 'test'"
"rds","gaussian.kT0","method:fitted.bart","fitted","bart","train","","accepted","numeric len40"
"rds","gaussian.kT0","method:fitted.bart","fitted","bart","test","","accepted","numeric len12"
"rds","gaussian.kT0","method:fitted.bart","fitted","bart","zzz-bad-sample","","refused","sample must be in 'train', 'test'"
"rds","gaussian.kT0","method:fitted.bart","fitted","zzz-bad-type","train","","refused","type must be in 'ev', 'ppd', 'bart'"
"rds","gaussian.kT0","method:fitted.bart","fitted","zzz-bad-type","test","","refused","type must be in 'ev', 'ppd', 'bart'"
"rds","gaussian.kT0","method:fitted.bart","fitted","zzz-bad-type","zzz-bad-sample","","refused","type must be in 'ev', 'ppd', 'bart'"
"rds","gaussian.kT0","method:residuals.bart","residuals","ev","","","accepted","numeric len40"
"rds","gaussian.kT0","method:residuals.bart","residuals","zzz-bad-type","","","refused","type must be in 'ev', 'ppd', 'bart'"
"rds","gaussian.kT0","method:summary.bart","summary","","","","accepted","summary.bart len3"
"rds","gaussian.kT0","method:print.bart","print","","","","accepted","bart len15"
"rds","gaussian.kT0","method:plot.bart","plot","","","","accepted","NULL"
"rds","gaussian.kT0","method:plotTree.bart","plotTree","","","","refused","plotTree requires the trees to be kept: fit with keeptrees/keepTrees = TRUE"
"rds","gaussian.kT0","method:survivalProbabilities.bart","survivalProbabilities","","","","refused","survivalProbabilities requires an aft (survival) fit"
"rds","gaussian.kT0","method:as_draws_array.bart","as_draws_array","","","","accepted","draws_array/draws/array 6x1x1 dn=[{1,2,3,...},{1},{sigma}]"
"rds","gaussian.kT0","method:as_draws_df.bart","as_draws_df","","","","accepted","draws_df/draws/tbl_df/tbl/data.frame 6x4 dn=[{1,2,3,...},{sigma,.chain,.iteration,...}]"
"rds","gaussian.nc2","reload","","","","","reloaded","class=bart"
"rds","gaussian.nc2","fields","documented-present","","","","info","call;yhat.train;yhat.test;yhat.train.mean;yhat.test.mean;sigma;first.sigma;varcount;sigest;resid.dist;y;fit;family"
"rds","gaussian.nc2","fields","documented-absent","","","","info","n.chains"
"rds","gaussian.nc2","fields","all-names","","","","info","call;family;resid.dist;first.sigma;sigma;sigest;yhat.train;yhat.train.mean;yhat.test;yhat.test.mean;s.train;s.test;varcount;y;fit"
"rds","gaussian.nc2","method:predict.bart","predict","ev","","","refused","samplers cannot be re-created without a stored state; call storeState() before serializing (see the Saving section of ?`dbartsSampler-class`)"
"rds","gaussian.nc2","method:predict.bart","predict","ppd","","","refused","samplers cannot be re-created without a stored state; call storeState() before serializing (see the Saving section of ?`dbartsSampler-class`)"
"rds","gaussian.nc2","method:predict.bart","predict","bart","","","refused","samplers cannot be re-created without a stored state; call storeState() before serializing (see the Saving section of ?`dbartsSampler-class`)"
"rds","gaussian.nc2","method:predict.bart","predict","forest","","","refused","type = ""forest"" is only available on a fit with per-forest reporting (an amplitude-coupled multi-forest fit); this fit has none"
"rds","gaussian.nc2","method:predict.bart","predict","zzz-bad-type","","","refused","type must be in 'ev', 'ppd', 'bart', 'forest'"
"rds","gaussian.nc2","method:extract.bart","extract","ev","train","","accepted","matrix/array 12x40"
"rds","gaussian.nc2","method:extract.bart","extract","ev","test","","accepted","matrix/array 12x12"
"rds","gaussian.nc2","method:extract.bart","extract","ev","zzz-bad-sample","","refused","sample must be in 'train', 'test'"
"rds","gaussian.nc2","method:extract.bart","extract","ppd","train","","accepted","matrix/array 12x40"
"rds","gaussian.nc2","method:extract.bart","extract","ppd","test","","accepted","matrix/array 12x12"
"rds","gaussian.nc2","method:extract.bart","extract","ppd","zzz-bad-sample","","refused","sample must be in 'train', 'test'"
"rds","gaussian.nc2","method:extract.bart","extract","bart","train","","accepted","matrix/array 12x40"
"rds","gaussian.nc2","method:extract.bart","extract","bart","test","","accepted","matrix/array 12x12"
"rds","gaussian.nc2","method:extract.bart","extract","bart","zzz-bad-sample","","refused","sample must be in 'train', 'test'"
"rds","gaussian.nc2","method:extract.bart","extract","loglik","train","","accepted","matrix/array 12x40"
"rds","gaussian.nc2","method:extract.bart","extract","loglik","test","","refused","cannot extract a test sample log-likelihood; no test response exists"
"rds","gaussian.nc2","method:extract.bart","extract","loglik","zzz-bad-sample","","refused","sample must be in 'train', 'test'"
"rds","gaussian.nc2","method:extract.bart","extract","trees","train","","error-without-reason","missing value where TRUE/FALSE needed"
"rds","gaussian.nc2","method:extract.bart","extract","trees","test","","error-without-reason","missing value where TRUE/FALSE needed"
"rds","gaussian.nc2","method:extract.bart","extract","trees","zzz-bad-sample","","error-without-reason","missing value where TRUE/FALSE needed"
"rds","gaussian.nc2","method:extract.bart","extract","forest","train","","refused","type = ""forest"" is only available on a fit with per-forest reporting (an amplitude-coupled multi-forest fit); this fit has none"
"rds","gaussian.nc2","method:extract.bart","extract","forest","test","","refused","type = ""forest"" is only available on a fit with per-forest reporting (an amplitude-coupled multi-forest fit); this fit has none"
"rds","gaussian.nc2","method:extract.bart","extract","forest","zzz-bad-sample","","refused","sample must be in 'train', 'test'"
"rds","gaussian.nc2","method:extract.bart","extract","zzz-bad-type","train","","refused","type must be in 'ev', 'ppd', 'bart', 'loglik', 'trees', 'forest'"
"rds","gaussian.nc2","method:extract.bart","extract","zzz-bad-type","test","","refused","type must be in 'ev', 'ppd', 'bart', 'loglik', 'trees', 'forest'"
"rds","gaussian.nc2","method:extract.bart","extract","zzz-bad-type","zzz-bad-sample","","refused","type must be in 'ev', 'ppd', 'bart', 'loglik', 'trees', 'forest'"
"rds","gaussian.nc2","method:fitted.bart","fitted","ev","train","","accepted","numeric len40"
"rds","gaussian.nc2","method:fitted.bart","fitted","ev","test","","accepted","numeric len12"
"rds","gaussian.nc2","method:fitted.bart","fitted","ev","zzz-bad-sample","","refused","sample must be in 'train', 'test'"
"rds","gaussian.nc2","method:fitted.bart","fitted","ppd","train","","accepted","numeric len40"
"rds","gaussian.nc2","method:fitted.bart","fitted","ppd","test","","accepted","numeric len12"
"rds","gaussian.nc2","method:fitted.bart","fitted","ppd","zzz-bad-sample","","refused","sample must be in 'train', 'test'"
"rds","gaussian.nc2","method:fitted.bart","fitted","bart","train","","accepted","numeric len40"
"rds","gaussian.nc2","method:fitted.bart","fitted","bart","test","","accepted","numeric len12"
"rds","gaussian.nc2","method:fitted.bart","fitted","bart","zzz-bad-sample","","refused","sample must be in 'train', 'test'"
"rds","gaussian.nc2","method:fitted.bart","fitted","zzz-bad-type","train","","refused","type must be in 'ev', 'ppd', 'bart'"
"rds","gaussian.nc2","method:fitted.bart","fitted","zzz-bad-type","test","","refused","type must be in 'ev', 'ppd', 'bart'"
"rds","gaussian.nc2","method:fitted.bart","fitted","zzz-bad-type","zzz-bad-sample","","refused","type must be in 'ev', 'ppd', 'bart'"
"rds","gaussian.nc2","method:residuals.bart","residuals","ev","","","accepted","numeric len40"
"rds","gaussian.nc2","method:residuals.bart","residuals","zzz-bad-type","","","refused","type must be in 'ev', 'ppd', 'bart'"
"rds","gaussian.nc2","method:summary.bart","summary","","","","accepted","summary.bart len3"
"rds","gaussian.nc2","method:print.bart","print","","","","accepted","bart len15"
"rds","gaussian.nc2","method:plot.bart","plot","","","","accepted","NULL"
"rds","gaussian.nc2","method:plotTree.bart","plotTree","","","","refused","chainNum required if more than one chain in sampler"
"rds","gaussian.nc2","method:survivalProbabilities.bart","survivalProbabilities","","","","refused","survivalProbabilities requires an aft (survival) fit"
"rds","gaussian.nc2","method:as_draws_array.bart","as_draws_array","","","","accepted","draws_array/draws/array 6x2x1 dn=[{1,2,3,...},{1,2},{sigma}]"
"rds","gaussian.nc2","method:as_draws_df.bart","as_draws_df","","","","accepted","draws_df/draws/tbl_df/tbl/data.frame 12x4 dn=[{1,2,3,...},{sigma,.chain,.iteration,...}]"
"rds","gaussian.nc2u","reload","","","","","reloaded","class=bart"
"rds","gaussian.nc2u","fields","documented-present","","","","info","call;yhat.train;yhat.test;yhat.train.mean;yhat.test.mean;sigma;first.sigma;varcount;sigest;resid.dist;y;fit;family"
"rds","gaussian.nc2u","fields","documented-absent","","","","info","n.chains"
"rds","gaussian.nc2u","fields","all-names","","","","info","call;family;resid.dist;first.sigma;sigma;sigest;yhat.train;yhat.train.mean;yhat.test;yhat.test.mean;s.train;s.test;varcount;y;fit"
"rds","gaussian.nc2u","method:predict.bart","predict","ev","","","refused","samplers cannot be re-created without a stored state; call storeState() before serializing (see the Saving section of ?`dbartsSampler-class`)"
"rds","gaussian.nc2u","method:predict.bart","predict","ppd","","","refused","samplers cannot be re-created without a stored state; call storeState() before serializing (see the Saving section of ?`dbartsSampler-class`)"
"rds","gaussian.nc2u","method:predict.bart","predict","bart","","","refused","samplers cannot be re-created without a stored state; call storeState() before serializing (see the Saving section of ?`dbartsSampler-class`)"
"rds","gaussian.nc2u","method:predict.bart","predict","forest","","","refused","type = ""forest"" is only available on a fit with per-forest reporting (an amplitude-coupled multi-forest fit); this fit has none"
"rds","gaussian.nc2u","method:predict.bart","predict","zzz-bad-type","","","refused","type must be in 'ev', 'ppd', 'bart', 'forest'"
"rds","gaussian.nc2u","method:extract.bart","extract","ev","train","","accepted","matrix/array 12x40"
"rds","gaussian.nc2u","method:extract.bart","extract","ev","test","","accepted","matrix/array 12x12"
"rds","gaussian.nc2u","method:extract.bart","extract","ev","zzz-bad-sample","","refused","sample must be in 'train', 'test'"
"rds","gaussian.nc2u","method:extract.bart","extract","ppd","train","","accepted","matrix/array 12x40"
"rds","gaussian.nc2u","method:extract.bart","extract","ppd","test","","accepted","matrix/array 12x12"
"rds","gaussian.nc2u","method:extract.bart","extract","ppd","zzz-bad-sample","","refused","sample must be in 'train', 'test'"
"rds","gaussian.nc2u","method:extract.bart","extract","bart","train","","accepted","matrix/array 12x40"
"rds","gaussian.nc2u","method:extract.bart","extract","bart","test","","accepted","matrix/array 12x12"
"rds","gaussian.nc2u","method:extract.bart","extract","bart","zzz-bad-sample","","refused","sample must be in 'train', 'test'"
"rds","gaussian.nc2u","method:extract.bart","extract","loglik","train","","accepted","matrix/array 12x40"
"rds","gaussian.nc2u","method:extract.bart","extract","loglik","test","","refused","cannot extract a test sample log-likelihood; no test response exists"
"rds","gaussian.nc2u","method:extract.bart","extract","loglik","zzz-bad-sample","","refused","sample must be in 'train', 'test'"
"rds","gaussian.nc2u","method:extract.bart","extract","trees","train","","error-without-reason","missing value where TRUE/FALSE needed"
"rds","gaussian.nc2u","method:extract.bart","extract","trees","test","","error-without-reason","missing value where TRUE/FALSE needed"
"rds","gaussian.nc2u","method:extract.bart","extract","trees","zzz-bad-sample","","error-without-reason","missing value where TRUE/FALSE needed"
"rds","gaussian.nc2u","method:extract.bart","extract","forest","train","","refused","type = ""forest"" is only available on a fit with per-forest reporting (an amplitude-coupled multi-forest fit); this fit has none"
"rds","gaussian.nc2u","method:extract.bart","extract","forest","test","","refused","type = ""forest"" is only available on a fit with per-forest reporting (an amplitude-coupled multi-forest fit); this fit has none"
"rds","gaussian.nc2u","method:extract.bart","extract","forest","zzz-bad-sample","","refused","sample must be in 'train', 'test'"
"rds","gaussian.nc2u","method:extract.bart","extract","zzz-bad-type","train","","refused","type must be in 'ev', 'ppd', 'bart', 'loglik', 'trees', 'forest'"
"rds","gaussian.nc2u","method:extract.bart","extract","zzz-bad-type","test","","refused","type must be in 'ev', 'ppd', 'bart', 'loglik', 'trees', 'forest'"
"rds","gaussian.nc2u","method:extract.bart","extract","zzz-bad-type","zzz-bad-sample","","refused","type must be in 'ev', 'ppd', 'bart', 'loglik', 'trees', 'forest'"
"rds","gaussian.nc2u","method:fitted.bart","fitted","ev","train","","accepted","numeric len40"
"rds","gaussian.nc2u","method:fitted.bart","fitted","ev","test","","accepted","numeric len12"
"rds","gaussian.nc2u","method:fitted.bart","fitted","ev","zzz-bad-sample","","refused","sample must be in 'train', 'test'"
"rds","gaussian.nc2u","method:fitted.bart","fitted","ppd","train","","accepted","numeric len40"
"rds","gaussian.nc2u","method:fitted.bart","fitted","ppd","test","","accepted","numeric len12"
"rds","gaussian.nc2u","method:fitted.bart","fitted","ppd","zzz-bad-sample","","refused","sample must be in 'train', 'test'"
"rds","gaussian.nc2u","method:fitted.bart","fitted","bart","train","","accepted","numeric len40"
"rds","gaussian.nc2u","method:fitted.bart","fitted","bart","test","","accepted","numeric len12"
"rds","gaussian.nc2u","method:fitted.bart","fitted","bart","zzz-bad-sample","","refused","sample must be in 'train', 'test'"
"rds","gaussian.nc2u","method:fitted.bart","fitted","zzz-bad-type","train","","refused","type must be in 'ev', 'ppd', 'bart'"
"rds","gaussian.nc2u","method:fitted.bart","fitted","zzz-bad-type","test","","refused","type must be in 'ev', 'ppd', 'bart'"
"rds","gaussian.nc2u","method:fitted.bart","fitted","zzz-bad-type","zzz-bad-sample","","refused","type must be in 'ev', 'ppd', 'bart'"
"rds","gaussian.nc2u","method:residuals.bart","residuals","ev","","","accepted","numeric len40"
"rds","gaussian.nc2u","method:residuals.bart","residuals","zzz-bad-type","","","refused","type must be in 'ev', 'ppd', 'bart'"
"rds","gaussian.nc2u","method:summary.bart","summary","","","","accepted","summary.bart len3"
"rds","gaussian.nc2u","method:print.bart","print","","","","accepted","bart len15"
"rds","gaussian.nc2u","method:plot.bart","plot","","","","accepted","NULL"
"rds","gaussian.nc2u","method:plotTree.bart","plotTree","","","","refused","chainNum required if more than one chain in sampler"
"rds","gaussian.nc2u","method:survivalProbabilities.bart","survivalProbabilities","","","","refused","survivalProbabilities requires an aft (survival) fit"
"rds","gaussian.nc2u","method:as_draws_array.bart","as_draws_array","","","","accepted","draws_array/draws/array 6x2x1 dn=[{1,2,3,...},{1,2},{sigma}]"
"rds","gaussian.nc2u","method:as_draws_df.bart","as_draws_df","","","","accepted","draws_df/draws/tbl_df/tbl/data.frame 12x4 dn=[{1,2,3,...},{sigma,.chain,.iteration,...}]"
"rds","gaussian.nc2.kT0","reload","","","","","reloaded","class=bart"
"rds","gaussian.nc2.kT0","fields","documented-present","","","","info","call;yhat.train;yhat.test;yhat.train.mean;yhat.test.mean;sigma;first.sigma;varcount;sigest;resid.dist;y;n.chains;family"
"rds","gaussian.nc2.kT0","fields","documented-absent","","","","info","fit"
"rds","gaussian.nc2.kT0","fields","all-names","","","","info","call;family;resid.dist;first.sigma;sigma;sigest;yhat.train;yhat.train.mean;yhat.test;yhat.test.mean;s.train;s.test;varcount;y;n.chains"
"rds","gaussian.nc2.kT0","method:predict.bart","predict","ev","","","refused","predict requires bart to be called with 'keeptrees' == TRUE"
"rds","gaussian.nc2.kT0","method:predict.bart","predict","ppd","","","refused","predict requires bart to be called with 'keeptrees' == TRUE"
"rds","gaussian.nc2.kT0","method:predict.bart","predict","bart","","","refused","predict requires bart to be called with 'keeptrees' == TRUE"
"rds","gaussian.nc2.kT0","method:predict.bart","predict","forest","","","refused","predict requires bart to be called with 'keeptrees' == TRUE"
"rds","gaussian.nc2.kT0","method:predict.bart","predict","zzz-bad-type","","","refused","predict requires bart to be called with 'keeptrees' == TRUE"
"rds","gaussian.nc2.kT0","method:extract.bart","extract","ev","train","","accepted","matrix/array 12x40"
"rds","gaussian.nc2.kT0","method:extract.bart","extract","ev","test","","accepted","matrix/array 12x12"
"rds","gaussian.nc2.kT0","method:extract.bart","extract","ev","zzz-bad-sample","","refused","sample must be in 'train', 'test'"
"rds","gaussian.nc2.kT0","method:extract.bart","extract","ppd","train","","accepted","matrix/array 12x40"
"rds","gaussian.nc2.kT0","method:extract.bart","extract","ppd","test","","accepted","matrix/array 12x12"
"rds","gaussian.nc2.kT0","method:extract.bart","extract","ppd","zzz-bad-sample","","refused","sample must be in 'train', 'test'"
"rds","gaussian.nc2.kT0","method:extract.bart","extract","bart","train","","accepted","matrix/array 12x40"
"rds","gaussian.nc2.kT0","method:extract.bart","extract","bart","test","","accepted","matrix/array 12x12"
"rds","gaussian.nc2.kT0","method:extract.bart","extract","bart","zzz-bad-sample","","refused","sample must be in 'train', 'test'"
"rds","gaussian.nc2.kT0","method:extract.bart","extract","loglik","train","","accepted","matrix/array 12x40"
"rds","gaussian.nc2.kT0","method:extract.bart","extract","loglik","test","","refused","cannot extract a test sample log-likelihood; no test response exists"
"rds","gaussian.nc2.kT0","method:extract.bart","extract","loglik","zzz-bad-sample","","refused","sample must be in 'train', 'test'"
"rds","gaussian.nc2.kT0","method:extract.bart","extract","trees","train","","refused","extracting trees requires bart to be called with 'keeptrees' == TRUE"
"rds","gaussian.nc2.kT0","method:extract.bart","extract","trees","test","","refused","extracting trees requires bart to be called with 'keeptrees' == TRUE"
"rds","gaussian.nc2.kT0","method:extract.bart","extract","trees","zzz-bad-sample","","refused","extracting trees requires bart to be called with 'keeptrees' == TRUE"
"rds","gaussian.nc2.kT0","method:extract.bart","extract","forest","train","","refused","type = ""forest"" is only available on a fit with per-forest reporting (an amplitude-coupled multi-forest fit); this fit has none"
"rds","gaussian.nc2.kT0","method:extract.bart","extract","forest","test","","refused","type = ""forest"" is only available on a fit with per-forest reporting (an amplitude-coupled multi-forest fit); this fit has none"
"rds","gaussian.nc2.kT0","method:extract.bart","extract","forest","zzz-bad-sample","","refused","sample must be in 'train', 'test'"
"rds","gaussian.nc2.kT0","method:extract.bart","extract","zzz-bad-type","train","","refused","type must be in 'ev', 'ppd', 'bart', 'loglik', 'trees', 'forest'"
"rds","gaussian.nc2.kT0","method:extract.bart","extract","zzz-bad-type","test","","refused","type must be in 'ev', 'ppd', 'bart', 'loglik', 'trees', 'forest'"
"rds","gaussian.nc2.kT0","method:extract.bart","extract","zzz-bad-type","zzz-bad-sample","","refused","type must be in 'ev', 'ppd', 'bart', 'loglik', 'trees', 'forest'"
"rds","gaussian.nc2.kT0","method:fitted.bart","fitted","ev","train","","accepted","numeric len40"
"rds","gaussian.nc2.kT0","method:fitted.bart","fitted","ev","test","","accepted","numeric len12"
"rds","gaussian.nc2.kT0","method:fitted.bart","fitted","ev","zzz-bad-sample","","refused","sample must be in 'train', 'test'"
"rds","gaussian.nc2.kT0","method:fitted.bart","fitted","ppd","train","","accepted","numeric len40"
"rds","gaussian.nc2.kT0","method:fitted.bart","fitted","ppd","test","","accepted","numeric len12"
"rds","gaussian.nc2.kT0","method:fitted.bart","fitted","ppd","zzz-bad-sample","","refused","sample must be in 'train', 'test'"
"rds","gaussian.nc2.kT0","method:fitted.bart","fitted","bart","train","","accepted","numeric len40"
"rds","gaussian.nc2.kT0","method:fitted.bart","fitted","bart","test","","accepted","numeric len12"
"rds","gaussian.nc2.kT0","method:fitted.bart","fitted","bart","zzz-bad-sample","","refused","sample must be in 'train', 'test'"
"rds","gaussian.nc2.kT0","method:fitted.bart","fitted","zzz-bad-type","train","","refused","type must be in 'ev', 'ppd', 'bart'"
"rds","gaussian.nc2.kT0","method:fitted.bart","fitted","zzz-bad-type","test","","refused","type must be in 'ev', 'ppd', 'bart'"
"rds","gaussian.nc2.kT0","method:fitted.bart","fitted","zzz-bad-type","zzz-bad-sample","","refused","type must be in 'ev', 'ppd', 'bart'"
"rds","gaussian.nc2.kT0","method:residuals.bart","residuals","ev","","","accepted","numeric len40"
"rds","gaussian.nc2.kT0","method:residuals.bart","residuals","zzz-bad-type","","","refused","type must be in 'ev', 'ppd', 'bart'"
"rds","gaussian.nc2.kT0","method:summary.bart","summary","","","","accepted","summary.bart len3"
"rds","gaussian.nc2.kT0","method:print.bart","print","","","","accepted","bart len15"
"rds","gaussian.nc2.kT0","method:plot.bart","plot","","","","accepted","NULL"
"rds","gaussian.nc2.kT0","method:plotTree.bart","plotTree","","","","refused","plotTree requires the trees to be kept: fit with keeptrees/keepTrees = TRUE"
"rds","gaussian.nc2.kT0","method:survivalProbabilities.bart","survivalProbabilities","","","","refused","survivalProbabilities requires an aft (survival) fit"
"rds","gaussian.nc2.kT0","method:as_draws_array.bart","as_draws_array","","","","accepted","draws_array/draws/array 6x2x1 dn=[{1,2,3,...},{1,2},{sigma}]"
"rds","gaussian.nc2.kT0","method:as_draws_df.bart","as_draws_df","","","","accepted","draws_df/draws/tbl_df/tbl/data.frame 12x4 dn=[{1,2,3,...},{sigma,.chain,.iteration,...}]"
"rds","probit.base","reload","","","","","reloaded","class=bart"
"rds","probit.base","fields","documented-present","","","","info","call;yhat.train;yhat.test;varcount;resid.dist;y;fit;family"
"rds","probit.base","fields","documented-absent","","","","info","yhat.train.mean;yhat.test.mean;sigma;first.sigma;sigest;n.chains"
"rds","probit.base","fields","all-names","","","","info","call;family;resid.dist;yhat.train;yhat.test;varcount;binaryOffset;y;fit;k;first.k"
"rds","probit.base","method:predict.bart","predict","ev","","","refused","samplers cannot be re-created without a stored state; call storeState() before serializing (see the Saving section of ?`dbartsSampler-class`)"
"rds","probit.base","method:predict.bart","predict","ppd","","","refused","samplers cannot be re-created without a stored state; call storeState() before serializing (see the Saving section of ?`dbartsSampler-class`)"
"rds","probit.base","method:predict.bart","predict","bart","","","refused","samplers cannot be re-created without a stored state; call storeState() before serializing (see the Saving section of ?`dbartsSampler-class`)"
"rds","probit.base","method:predict.bart","predict","forest","","","refused","type = ""forest"" is only available on a fit with per-forest reporting (an amplitude-coupled multi-forest fit); this fit has none"
"rds","probit.base","method:predict.bart","predict","zzz-bad-type","","","refused","type must be in 'ev', 'ppd', 'bart', 'forest'"
"rds","probit.base","method:extract.bart","extract","ev","train","","accepted","matrix/array 6x40"
"rds","probit.base","method:extract.bart","extract","ev","test","","accepted","matrix/array 6x12"
"rds","probit.base","method:extract.bart","extract","ev","zzz-bad-sample","","refused","sample must be in 'train', 'test'"
"rds","probit.base","method:extract.bart","extract","ppd","train","","accepted","matrix/array 6x40 dn=[NULL,NULL]"
"rds","probit.base","method:extract.bart","extract","ppd","test","","accepted","matrix/array 6x12 dn=[NULL,NULL]"
"rds","probit.base","method:extract.bart","extract","ppd","zzz-bad-sample","","refused","sample must be in 'train', 'test'"
"rds","probit.base","method:extract.bart","extract","bart","train","","accepted","matrix/array 6x40"
"rds","probit.base","method:extract.bart","extract","bart","test","","accepted","matrix/array 6x12"
"rds","probit.base","method:extract.bart","extract","bart","zzz-bad-sample","","refused","sample must be in 'train', 'test'"
"rds","probit.base","method:extract.bart","extract","loglik","train","","accepted","matrix/array 6x40"
"rds","probit.base","method:extract.bart","extract","loglik","test","","refused","cannot extract a test sample log-likelihood; no test response exists"
"rds","probit.base","method:extract.bart","extract","loglik","zzz-bad-sample","","refused","sample must be in 'train', 'test'"
"rds","probit.base","method:extract.bart","extract","trees","train","","error-without-reason","missing value where TRUE/FALSE needed"
"rds","probit.base","method:extract.bart","extract","trees","test","","error-without-reason","missing value where TRUE/FALSE needed"
"rds","probit.base","method:extract.bart","extract","trees","zzz-bad-sample","","error-without-reason","missing value where TRUE/FALSE needed"
"rds","probit.base","method:extract.bart","extract","forest","train","","refused","type = ""forest"" is only available on a fit with per-forest reporting (an amplitude-coupled multi-forest fit); this fit has none"
"rds","probit.base","method:extract.bart","extract","forest","test","","refused","type = ""forest"" is only available on a fit with per-forest reporting (an amplitude-coupled multi-forest fit); this fit has none"
"rds","probit.base","method:extract.bart","extract","forest","zzz-bad-sample","","refused","sample must be in 'train', 'test'"
"rds","probit.base","method:extract.bart","extract","zzz-bad-type","train","","refused","type must be in 'ev', 'ppd', 'bart', 'loglik', 'trees', 'forest'"
"rds","probit.base","method:extract.bart","extract","zzz-bad-type","test","","refused","type must be in 'ev', 'ppd', 'bart', 'loglik', 'trees', 'forest'"
"rds","probit.base","method:extract.bart","extract","zzz-bad-type","zzz-bad-sample","","refused","type must be in 'ev', 'ppd', 'bart', 'loglik', 'trees', 'forest'"
"rds","probit.base","method:fitted.bart","fitted","ev","train","","accepted","numeric len40"
"rds","probit.base","method:fitted.bart","fitted","ev","test","","accepted","numeric len12"
"rds","probit.base","method:fitted.bart","fitted","ev","zzz-bad-sample","","refused","sample must be in 'train', 'test'"
"rds","probit.base","method:fitted.bart","fitted","ppd","train","","accepted","numeric len40"
"rds","probit.base","method:fitted.bart","fitted","ppd","test","","accepted","numeric len12"
"rds","probit.base","method:fitted.bart","fitted","ppd","zzz-bad-sample","","refused","sample must be in 'train', 'test'"
"rds","probit.base","method:fitted.bart","fitted","bart","train","","accepted","numeric len40"
"rds","probit.base","method:fitted.bart","fitted","bart","test","","accepted","numeric len12"
"rds","probit.base","method:fitted.bart","fitted","bart","zzz-bad-sample","","refused","sample must be in 'train', 'test'"
"rds","probit.base","method:fitted.bart","fitted","zzz-bad-type","train","","refused","type must be in 'ev', 'ppd', 'bart'"
"rds","probit.base","method:fitted.bart","fitted","zzz-bad-type","test","","refused","type must be in 'ev', 'ppd', 'bart'"
"rds","probit.base","method:fitted.bart","fitted","zzz-bad-type","zzz-bad-sample","","refused","type must be in 'ev', 'ppd', 'bart'"
"rds","probit.base","method:residuals.bart","residuals","ev","","","accepted","numeric len40"
"rds","probit.base","method:residuals.bart","residuals","zzz-bad-type","","","refused","type must be in 'ev', 'ppd', 'bart'"
"rds","probit.base","method:summary.bart","summary","","","","accepted","summary.bart len3"
"rds","probit.base","method:print.bart","print","","","","accepted","bart len11"
"rds","probit.base","method:plot.bart","plot","","","","accepted","NULL"
"rds","probit.base","method:plotTree.bart","plotTree","","","","refused","samplers cannot be re-created without a stored state; call storeState() before serializing (see the Saving section of ?`dbartsSampler-class`)"
"rds","probit.base","method:survivalProbabilities.bart","survivalProbabilities","","","","refused","survivalProbabilities requires an aft (survival) fit"
"rds","probit.base","method:as_draws_array.bart","as_draws_array","","","","accepted","draws_array/draws/array 6x1x1 dn=[{1,2,3,...},{1},{k}]"
"rds","probit.base","method:as_draws_df.bart","as_draws_df","","","","accepted","draws_df/draws/tbl_df/tbl/data.frame 6x4 dn=[{1,2,3,...},{k,.chain,.iteration,...}]"
"rds","probit.kT0","reload","","","","","reloaded","class=bart"
"rds","probit.kT0","fields","documented-present","","","","info","call;yhat.train;yhat.test;varcount;resid.dist;y;n.chains;family"
"rds","probit.kT0","fields","documented-absent","","","","info","yhat.train.mean;yhat.test.mean;sigma;first.sigma;sigest;fit"
"rds","probit.kT0","fields","all-names","","","","info","call;family;resid.dist;yhat.train;yhat.test;varcount;binaryOffset;y;n.chains;k;first.k"
"rds","probit.kT0","method:predict.bart","predict","ev","","","refused","predict requires bart to be called with 'keeptrees' == TRUE"
"rds","probit.kT0","method:predict.bart","predict","ppd","","","refused","predict requires bart to be called with 'keeptrees' == TRUE"
"rds","probit.kT0","method:predict.bart","predict","bart","","","refused","predict requires bart to be called with 'keeptrees' == TRUE"
"rds","probit.kT0","method:predict.bart","predict","forest","","","refused","predict requires bart to be called with 'keeptrees' == TRUE"
"rds","probit.kT0","method:predict.bart","predict","zzz-bad-type","","","refused","predict requires bart to be called with 'keeptrees' == TRUE"
"rds","probit.kT0","method:extract.bart","extract","ev","train","","accepted","matrix/array 6x40"
"rds","probit.kT0","method:extract.bart","extract","ev","test","","accepted","matrix/array 6x12"
"rds","probit.kT0","method:extract.bart","extract","ev","zzz-bad-sample","","refused","sample must be in 'train', 'test'"
"rds","probit.kT0","method:extract.bart","extract","ppd","train","","accepted","matrix/array 6x40 dn=[NULL,NULL]"
"rds","probit.kT0","method:extract.bart","extract","ppd","test","","accepted","matrix/array 6x12 dn=[NULL,NULL]"
"rds","probit.kT0","method:extract.bart","extract","ppd","zzz-bad-sample","","refused","sample must be in 'train', 'test'"
"rds","probit.kT0","method:extract.bart","extract","bart","train","","accepted","matrix/array 6x40"
"rds","probit.kT0","method:extract.bart","extract","bart","test","","accepted","matrix/array 6x12"
"rds","probit.kT0","method:extract.bart","extract","bart","zzz-bad-sample","","refused","sample must be in 'train', 'test'"
"rds","probit.kT0","method:extract.bart","extract","loglik","train","","accepted","matrix/array 6x40"
"rds","probit.kT0","method:extract.bart","extract","loglik","test","","refused","cannot extract a test sample log-likelihood; no test response exists"
"rds","probit.kT0","method:extract.bart","extract","loglik","zzz-bad-sample","","refused","sample must be in 'train', 'test'"
"rds","probit.kT0","method:extract.bart","extract","trees","train","","refused","extracting trees requires bart to be called with 'keeptrees' == TRUE"
"rds","probit.kT0","method:extract.bart","extract","trees","test","","refused","extracting trees requires bart to be called with 'keeptrees' == TRUE"
"rds","probit.kT0","method:extract.bart","extract","trees","zzz-bad-sample","","refused","extracting trees requires bart to be called with 'keeptrees' == TRUE"
"rds","probit.kT0","method:extract.bart","extract","forest","train","","refused","type = ""forest"" is only available on a fit with per-forest reporting (an amplitude-coupled multi-forest fit); this fit has none"
"rds","probit.kT0","method:extract.bart","extract","forest","test","","refused","type = ""forest"" is only available on a fit with per-forest reporting (an amplitude-coupled multi-forest fit); this fit has none"
"rds","probit.kT0","method:extract.bart","extract","forest","zzz-bad-sample","","refused","sample must be in 'train', 'test'"
"rds","probit.kT0","method:extract.bart","extract","zzz-bad-type","train","","refused","type must be in 'ev', 'ppd', 'bart', 'loglik', 'trees', 'forest'"
"rds","probit.kT0","method:extract.bart","extract","zzz-bad-type","test","","refused","type must be in 'ev', 'ppd', 'bart', 'loglik', 'trees', 'forest'"
"rds","probit.kT0","method:extract.bart","extract","zzz-bad-type","zzz-bad-sample","","refused","type must be in 'ev', 'ppd', 'bart', 'loglik', 'trees', 'forest'"
"rds","probit.kT0","method:fitted.bart","fitted","ev","train","","accepted","numeric len40"
"rds","probit.kT0","method:fitted.bart","fitted","ev","test","","accepted","numeric len12"
"rds","probit.kT0","method:fitted.bart","fitted","ev","zzz-bad-sample","","refused","sample must be in 'train', 'test'"
"rds","probit.kT0","method:fitted.bart","fitted","ppd","train","","accepted","numeric len40"
"rds","probit.kT0","method:fitted.bart","fitted","ppd","test","","accepted","numeric len12"
"rds","probit.kT0","method:fitted.bart","fitted","ppd","zzz-bad-sample","","refused","sample must be in 'train', 'test'"
"rds","probit.kT0","method:fitted.bart","fitted","bart","train","","accepted","numeric len40"
"rds","probit.kT0","method:fitted.bart","fitted","bart","test","","accepted","numeric len12"
"rds","probit.kT0","method:fitted.bart","fitted","bart","zzz-bad-sample","","refused","sample must be in 'train', 'test'"
"rds","probit.kT0","method:fitted.bart","fitted","zzz-bad-type","train","","refused","type must be in 'ev', 'ppd', 'bart'"
"rds","probit.kT0","method:fitted.bart","fitted","zzz-bad-type","test","","refused","type must be in 'ev', 'ppd', 'bart'"
"rds","probit.kT0","method:fitted.bart","fitted","zzz-bad-type","zzz-bad-sample","","refused","type must be in 'ev', 'ppd', 'bart'"
"rds","probit.kT0","method:residuals.bart","residuals","ev","","","accepted","numeric len40"
"rds","probit.kT0","method:residuals.bart","residuals","zzz-bad-type","","","refused","type must be in 'ev', 'ppd', 'bart'"
"rds","probit.kT0","method:summary.bart","summary","","","","accepted","summary.bart len3"
"rds","probit.kT0","method:print.bart","print","","","","accepted","bart len11"
"rds","probit.kT0","method:plot.bart","plot","","","","accepted","NULL"
"rds","probit.kT0","method:plotTree.bart","plotTree","","","","refused","plotTree requires the trees to be kept: fit with keeptrees/keepTrees = TRUE"
"rds","probit.kT0","method:survivalProbabilities.bart","survivalProbabilities","","","","refused","survivalProbabilities requires an aft (survival) fit"
"rds","probit.kT0","method:as_draws_array.bart","as_draws_array","","","","accepted","draws_array/draws/array 6x1x1 dn=[{1,2,3,...},{1},{k}]"
"rds","probit.kT0","method:as_draws_df.bart","as_draws_df","","","","accepted","draws_df/draws/tbl_df/tbl/data.frame 6x4 dn=[{1,2,3,...},{k,.chain,.iteration,...}]"
"rds","probit.nc2u","reload","","","","","reloaded","class=bart"
"rds","probit.nc2u","fields","documented-present","","","","info","call;yhat.train;yhat.test;varcount;resid.dist;y;fit;family"
"rds","probit.nc2u","fields","documented-absent","","","","info","yhat.train.mean;yhat.test.mean;sigma;first.sigma;sigest;n.chains"
"rds","probit.nc2u","fields","all-names","","","","info","call;family;resid.dist;yhat.train;yhat.test;varcount;binaryOffset;y;fit;k;first.k"
"rds","probit.nc2u","method:predict.bart","predict","ev","","","refused","samplers cannot be re-created without a stored state; call storeState() before serializing (see the Saving section of ?`dbartsSampler-class`)"
"rds","probit.nc2u","method:predict.bart","predict","ppd","","","refused","samplers cannot be re-created without a stored state; call storeState() before serializing (see the Saving section of ?`dbartsSampler-class`)"
"rds","probit.nc2u","method:predict.bart","predict","bart","","","refused","samplers cannot be re-created without a stored state; call storeState() before serializing (see the Saving section of ?`dbartsSampler-class`)"
"rds","probit.nc2u","method:predict.bart","predict","forest","","","refused","type = ""forest"" is only available on a fit with per-forest reporting (an amplitude-coupled multi-forest fit); this fit has none"
"rds","probit.nc2u","method:predict.bart","predict","zzz-bad-type","","","refused","type must be in 'ev', 'ppd', 'bart', 'forest'"
"rds","probit.nc2u","method:extract.bart","extract","ev","train","","accepted","matrix/array 12x40"
"rds","probit.nc2u","method:extract.bart","extract","ev","test","","accepted","matrix/array 12x12"
"rds","probit.nc2u","method:extract.bart","extract","ev","zzz-bad-sample","","refused","sample must be in 'train', 'test'"
"rds","probit.nc2u","method:extract.bart","extract","ppd","train","","accepted","matrix/array 12x40"
"rds","probit.nc2u","method:extract.bart","extract","ppd","test","","accepted","matrix/array 12x12"
"rds","probit.nc2u","method:extract.bart","extract","ppd","zzz-bad-sample","","refused","sample must be in 'train', 'test'"
"rds","probit.nc2u","method:extract.bart","extract","bart","train","","accepted","matrix/array 12x40"
"rds","probit.nc2u","method:extract.bart","extract","bart","test","","accepted","matrix/array 12x12"
"rds","probit.nc2u","method:extract.bart","extract","bart","zzz-bad-sample","","refused","sample must be in 'train', 'test'"
"rds","probit.nc2u","method:extract.bart","extract","loglik","train","","accepted","matrix/array 12x40"
"rds","probit.nc2u","method:extract.bart","extract","loglik","test","","refused","cannot extract a test sample log-likelihood; no test response exists"
"rds","probit.nc2u","method:extract.bart","extract","loglik","zzz-bad-sample","","refused","sample must be in 'train', 'test'"
"rds","probit.nc2u","method:extract.bart","extract","trees","train","","error-without-reason","missing value where TRUE/FALSE needed"
"rds","probit.nc2u","method:extract.bart","extract","trees","test","","error-without-reason","missing value where TRUE/FALSE needed"
"rds","probit.nc2u","method:extract.bart","extract","trees","zzz-bad-sample","","error-without-reason","missing value where TRUE/FALSE needed"
"rds","probit.nc2u","method:extract.bart","extract","forest","train","","refused","type = ""forest"" is only available on a fit with per-forest reporting (an amplitude-coupled multi-forest fit); this fit has none"
"rds","probit.nc2u","method:extract.bart","extract","forest","test","","refused","type = ""forest"" is only available on a fit with per-forest reporting (an amplitude-coupled multi-forest fit); this fit has none"
"rds","probit.nc2u","method:extract.bart","extract","forest","zzz-bad-sample","","refused","sample must be in 'train', 'test'"
"rds","probit.nc2u","method:extract.bart","extract","zzz-bad-type","train","","refused","type must be in 'ev', 'ppd', 'bart', 'loglik', 'trees', 'forest'"
"rds","probit.nc2u","method:extract.bart","extract","zzz-bad-type","test","","refused","type must be in 'ev', 'ppd', 'bart', 'loglik', 'trees', 'forest'"
"rds","probit.nc2u","method:extract.bart","extract","zzz-bad-type","zzz-bad-sample","","refused","type must be in 'ev', 'ppd', 'bart', 'loglik', 'trees', 'forest'"
"rds","probit.nc2u","method:fitted.bart","fitted","ev","train","","accepted","numeric len40"
"rds","probit.nc2u","method:fitted.bart","fitted","ev","test","","accepted","numeric len12"
"rds","probit.nc2u","method:fitted.bart","fitted","ev","zzz-bad-sample","","refused","sample must be in 'train', 'test'"
"rds","probit.nc2u","method:fitted.bart","fitted","ppd","train","","accepted","numeric len40"
"rds","probit.nc2u","method:fitted.bart","fitted","ppd","test","","accepted","numeric len12"
"rds","probit.nc2u","method:fitted.bart","fitted","ppd","zzz-bad-sample","","refused","sample must be in 'train', 'test'"
"rds","probit.nc2u","method:fitted.bart","fitted","bart","train","","accepted","numeric len40"
"rds","probit.nc2u","method:fitted.bart","fitted","bart","test","","accepted","numeric len12"
"rds","probit.nc2u","method:fitted.bart","fitted","bart","zzz-bad-sample","","refused","sample must be in 'train', 'test'"
"rds","probit.nc2u","method:fitted.bart","fitted","zzz-bad-type","train","","refused","type must be in 'ev', 'ppd', 'bart'"
"rds","probit.nc2u","method:fitted.bart","fitted","zzz-bad-type","test","","refused","type must be in 'ev', 'ppd', 'bart'"
"rds","probit.nc2u","method:fitted.bart","fitted","zzz-bad-type","zzz-bad-sample","","refused","type must be in 'ev', 'ppd', 'bart'"
"rds","probit.nc2u","method:residuals.bart","residuals","ev","","","accepted","numeric len40"
"rds","probit.nc2u","method:residuals.bart","residuals","zzz-bad-type","","","refused","type must be in 'ev', 'ppd', 'bart'"
"rds","probit.nc2u","method:summary.bart","summary","","","","accepted","summary.bart len3"
"rds","probit.nc2u","method:print.bart","print","","","","accepted","bart len11"
"rds","probit.nc2u","method:plot.bart","plot","","","","accepted","NULL"
"rds","probit.nc2u","method:plotTree.bart","plotTree","","","","refused","chainNum required if more than one chain in sampler"
"rds","probit.nc2u","method:survivalProbabilities.bart","survivalProbabilities","","","","refused","survivalProbabilities requires an aft (survival) fit"
"rds","probit.nc2u","method:as_draws_array.bart","as_draws_array","","","","accepted","draws_array/draws/array 6x2x1 dn=[{1,2,3,...},{1,2},{k}]"
"rds","probit.nc2u","method:as_draws_df.bart","as_draws_df","","","","accepted","draws_df/draws/tbl_df/tbl/data.frame 12x4 dn=[{1,2,3,...},{k,.chain,.iteration,...}]"
"rds","logistic.base","reload","","","","","reloaded","class=bart"
"rds","logistic.base","fields","documented-present","","","","info","call;yhat.train;yhat.test;varcount;resid.dist;y;fit;family"
"rds","logistic.base","fields","documented-absent","","","","info","yhat.train.mean;yhat.test.mean;sigma;first.sigma;sigest;n.chains"
"rds","logistic.base","fields","all-names","","","","info","call;family;resid.dist;yhat.train;yhat.test;varcount;binaryOffset;y;fit;k;first.k"
"rds","logistic.base","method:predict.bart","predict","ev","","","refused","samplers cannot be re-created without a stored state; call storeState() before serializing (see the Saving section of ?`dbartsSampler-class`)"
"rds","logistic.base","method:predict.bart","predict","ppd","","","refused","samplers cannot be re-created without a stored state; call storeState() before serializing (see the Saving section of ?`dbartsSampler-class`)"
"rds","logistic.base","method:predict.bart","predict","bart","","","refused","samplers cannot be re-created without a stored state; call storeState() before serializing (see the Saving section of ?`dbartsSampler-class`)"
"rds","logistic.base","method:predict.bart","predict","forest","","","refused","type = ""forest"" is only available on a fit with per-forest reporting (an amplitude-coupled multi-forest fit); this fit has none"
"rds","logistic.base","method:predict.bart","predict","zzz-bad-type","","","refused","type must be in 'ev', 'ppd', 'bart', 'forest'"
"rds","logistic.base","method:extract.bart","extract","ev","train","","accepted","matrix/array 6x40"
"rds","logistic.base","method:extract.bart","extract","ev","test","","accepted","matrix/array 6x12"
"rds","logistic.base","method:extract.bart","extract","ev","zzz-bad-sample","","refused","sample must be in 'train', 'test'"
"rds","logistic.base","method:extract.bart","extract","ppd","train","","accepted","matrix/array 6x40 dn=[NULL,NULL]"
"rds","logistic.base","method:extract.bart","extract","ppd","test","","accepted","matrix/array 6x12 dn=[NULL,NULL]"
"rds","logistic.base","method:extract.bart","extract","ppd","zzz-bad-sample","","refused","sample must be in 'train', 'test'"
"rds","logistic.base","method:extract.bart","extract","bart","train","","accepted","matrix/array 6x40"
"rds","logistic.base","method:extract.bart","extract","bart","test","","accepted","matrix/array 6x12"
"rds","logistic.base","method:extract.bart","extract","bart","zzz-bad-sample","","refused","sample must be in 'train', 'test'"
"rds","logistic.base","method:extract.bart","extract","loglik","train","","accepted","matrix/array 6x40"
"rds","logistic.base","method:extract.bart","extract","loglik","test","","refused","cannot extract a test sample log-likelihood; no test response exists"
"rds","logistic.base","method:extract.bart","extract","loglik","zzz-bad-sample","","refused","sample must be in 'train', 'test'"
"rds","logistic.base","method:extract.bart","extract","trees","train","","error-without-reason","missing value where TRUE/FALSE needed"
"rds","logistic.base","method:extract.bart","extract","trees","test","","error-without-reason","missing value where TRUE/FALSE needed"
"rds","logistic.base","method:extract.bart","extract","trees","zzz-bad-sample","","error-without-reason","missing value where TRUE/FALSE needed"
"rds","logistic.base","method:extract.bart","extract","forest","train","","refused","type = ""forest"" is only available on a fit with per-forest reporting (an amplitude-coupled multi-forest fit); this fit has none"
"rds","logistic.base","method:extract.bart","extract","forest","test","","refused","type = ""forest"" is only available on a fit with per-forest reporting (an amplitude-coupled multi-forest fit); this fit has none"
"rds","logistic.base","method:extract.bart","extract","forest","zzz-bad-sample","","refused","sample must be in 'train', 'test'"
"rds","logistic.base","method:extract.bart","extract","zzz-bad-type","train","","refused","type must be in 'ev', 'ppd', 'bart', 'loglik', 'trees', 'forest'"
"rds","logistic.base","method:extract.bart","extract","zzz-bad-type","test","","refused","type must be in 'ev', 'ppd', 'bart', 'loglik', 'trees', 'forest'"
"rds","logistic.base","method:extract.bart","extract","zzz-bad-type","zzz-bad-sample","","refused","type must be in 'ev', 'ppd', 'bart', 'loglik', 'trees', 'forest'"
"rds","logistic.base","method:fitted.bart","fitted","ev","train","","accepted","numeric len40"
"rds","logistic.base","method:fitted.bart","fitted","ev","test","","accepted","numeric len12"
"rds","logistic.base","method:fitted.bart","fitted","ev","zzz-bad-sample","","refused","sample must be in 'train', 'test'"
"rds","logistic.base","method:fitted.bart","fitted","ppd","train","","accepted","numeric len40"
"rds","logistic.base","method:fitted.bart","fitted","ppd","test","","accepted","numeric len12"
"rds","logistic.base","method:fitted.bart","fitted","ppd","zzz-bad-sample","","refused","sample must be in 'train', 'test'"
"rds","logistic.base","method:fitted.bart","fitted","bart","train","","accepted","numeric len40"
"rds","logistic.base","method:fitted.bart","fitted","bart","test","","accepted","numeric len12"
"rds","logistic.base","method:fitted.bart","fitted","bart","zzz-bad-sample","","refused","sample must be in 'train', 'test'"
"rds","logistic.base","method:fitted.bart","fitted","zzz-bad-type","train","","refused","type must be in 'ev', 'ppd', 'bart'"
"rds","logistic.base","method:fitted.bart","fitted","zzz-bad-type","test","","refused","type must be in 'ev', 'ppd', 'bart'"
"rds","logistic.base","method:fitted.bart","fitted","zzz-bad-type","zzz-bad-sample","","refused","type must be in 'ev', 'ppd', 'bart'"
"rds","logistic.base","method:residuals.bart","residuals","ev","","","accepted","numeric len40"
"rds","logistic.base","method:residuals.bart","residuals","zzz-bad-type","","","refused","type must be in 'ev', 'ppd', 'bart'"
"rds","logistic.base","method:summary.bart","summary","","","","accepted","summary.bart len3"
"rds","logistic.base","method:print.bart","print","","","","accepted","bart len11"
"rds","logistic.base","method:plot.bart","plot","","","","accepted","NULL"
"rds","logistic.base","method:plotTree.bart","plotTree","","","","refused","samplers cannot be re-created without a stored state; call storeState() before serializing (see the Saving section of ?`dbartsSampler-class`)"
"rds","logistic.base","method:survivalProbabilities.bart","survivalProbabilities","","","","refused","survivalProbabilities requires an aft (survival) fit"
"rds","logistic.base","method:as_draws_array.bart","as_draws_array","","","","accepted","draws_array/draws/array 6x1x1 dn=[{1,2,3,...},{1},{k}]"
"rds","logistic.base","method:as_draws_df.bart","as_draws_df","","","","accepted","draws_df/draws/tbl_df/tbl/data.frame 6x4 dn=[{1,2,3,...},{k,.chain,.iteration,...}]"
"rds","logistic.kT0","reload","","","","","reloaded","class=bart"
"rds","logistic.kT0","fields","documented-present","","","","info","call;yhat.train;yhat.test;varcount;resid.dist;y;n.chains;family"
"rds","logistic.kT0","fields","documented-absent","","","","info","yhat.train.mean;yhat.test.mean;sigma;first.sigma;sigest;fit"
"rds","logistic.kT0","fields","all-names","","","","info","call;family;resid.dist;yhat.train;yhat.test;varcount;binaryOffset;y;n.chains;k;first.k"
"rds","logistic.kT0","method:predict.bart","predict","ev","","","refused","predict requires bart to be called with 'keeptrees' == TRUE"
"rds","logistic.kT0","method:predict.bart","predict","ppd","","","refused","predict requires bart to be called with 'keeptrees' == TRUE"
"rds","logistic.kT0","method:predict.bart","predict","bart","","","refused","predict requires bart to be called with 'keeptrees' == TRUE"
"rds","logistic.kT0","method:predict.bart","predict","forest","","","refused","predict requires bart to be called with 'keeptrees' == TRUE"
"rds","logistic.kT0","method:predict.bart","predict","zzz-bad-type","","","refused","predict requires bart to be called with 'keeptrees' == TRUE"
"rds","logistic.kT0","method:extract.bart","extract","ev","train","","accepted","matrix/array 6x40"
"rds","logistic.kT0","method:extract.bart","extract","ev","test","","accepted","matrix/array 6x12"
"rds","logistic.kT0","method:extract.bart","extract","ev","zzz-bad-sample","","refused","sample must be in 'train', 'test'"
"rds","logistic.kT0","method:extract.bart","extract","ppd","train","","accepted","matrix/array 6x40 dn=[NULL,NULL]"
"rds","logistic.kT0","method:extract.bart","extract","ppd","test","","accepted","matrix/array 6x12 dn=[NULL,NULL]"
"rds","logistic.kT0","method:extract.bart","extract","ppd","zzz-bad-sample","","refused","sample must be in 'train', 'test'"
"rds","logistic.kT0","method:extract.bart","extract","bart","train","","accepted","matrix/array 6x40"
"rds","logistic.kT0","method:extract.bart","extract","bart","test","","accepted","matrix/array 6x12"
"rds","logistic.kT0","method:extract.bart","extract","bart","zzz-bad-sample","","refused","sample must be in 'train', 'test'"
"rds","logistic.kT0","method:extract.bart","extract","loglik","train","","accepted","matrix/array 6x40"
"rds","logistic.kT0","method:extract.bart","extract","loglik","test","","refused","cannot extract a test sample log-likelihood; no test response exists"
"rds","logistic.kT0","method:extract.bart","extract","loglik","zzz-bad-sample","","refused","sample must be in 'train', 'test'"
"rds","logistic.kT0","method:extract.bart","extract","trees","train","","refused","extracting trees requires bart to be called with 'keeptrees' == TRUE"
"rds","logistic.kT0","method:extract.bart","extract","trees","test","","refused","extracting trees requires bart to be called with 'keeptrees' == TRUE"
"rds","logistic.kT0","method:extract.bart","extract","trees","zzz-bad-sample","","refused","extracting trees requires bart to be called with 'keeptrees' == TRUE"
"rds","logistic.kT0","method:extract.bart","extract","forest","train","","refused","type = ""forest"" is only available on a fit with per-forest reporting (an amplitude-coupled multi-forest fit); this fit has none"
"rds","logistic.kT0","method:extract.bart","extract","forest","test","","refused","type = ""forest"" is only available on a fit with per-forest reporting (an amplitude-coupled multi-forest fit); this fit has none"
"rds","logistic.kT0","method:extract.bart","extract","forest","zzz-bad-sample","","refused","sample must be in 'train', 'test'"
"rds","logistic.kT0","method:extract.bart","extract","zzz-bad-type","train","","refused","type must be in 'ev', 'ppd', 'bart', 'loglik', 'trees', 'forest'"
"rds","logistic.kT0","method:extract.bart","extract","zzz-bad-type","test","","refused","type must be in 'ev', 'ppd', 'bart', 'loglik', 'trees', 'forest'"
"rds","logistic.kT0","method:extract.bart","extract","zzz-bad-type","zzz-bad-sample","","refused","type must be in 'ev', 'ppd', 'bart', 'loglik', 'trees', 'forest'"
"rds","logistic.kT0","method:fitted.bart","fitted","ev","train","","accepted","numeric len40"
"rds","logistic.kT0","method:fitted.bart","fitted","ev","test","","accepted","numeric len12"
"rds","logistic.kT0","method:fitted.bart","fitted","ev","zzz-bad-sample","","refused","sample must be in 'train', 'test'"
"rds","logistic.kT0","method:fitted.bart","fitted","ppd","train","","accepted","numeric len40"
"rds","logistic.kT0","method:fitted.bart","fitted","ppd","test","","accepted","numeric len12"
"rds","logistic.kT0","method:fitted.bart","fitted","ppd","zzz-bad-sample","","refused","sample must be in 'train', 'test'"
"rds","logistic.kT0","method:fitted.bart","fitted","bart","train","","accepted","numeric len40"
"rds","logistic.kT0","method:fitted.bart","fitted","bart","test","","accepted","numeric len12"
"rds","logistic.kT0","method:fitted.bart","fitted","bart","zzz-bad-sample","","refused","sample must be in 'train', 'test'"
"rds","logistic.kT0","method:fitted.bart","fitted","zzz-bad-type","train","","refused","type must be in 'ev', 'ppd', 'bart'"
"rds","logistic.kT0","method:fitted.bart","fitted","zzz-bad-type","test","","refused","type must be in 'ev', 'ppd', 'bart'"
"rds","logistic.kT0","method:fitted.bart","fitted","zzz-bad-type","zzz-bad-sample","","refused","type must be in 'ev', 'ppd', 'bart'"
"rds","logistic.kT0","method:residuals.bart","residuals","ev","","","accepted","numeric len40"
"rds","logistic.kT0","method:residuals.bart","residuals","zzz-bad-type","","","refused","type must be in 'ev', 'ppd', 'bart'"
"rds","logistic.kT0","method:summary.bart","summary","","","","accepted","summary.bart len3"
"rds","logistic.kT0","method:print.bart","print","","","","accepted","bart len11"
"rds","logistic.kT0","method:plot.bart","plot","","","","accepted","NULL"
"rds","logistic.kT0","method:plotTree.bart","plotTree","","","","refused","plotTree requires the trees to be kept: fit with keeptrees/keepTrees = TRUE"
"rds","logistic.kT0","method:survivalProbabilities.bart","survivalProbabilities","","","","refused","survivalProbabilities requires an aft (survival) fit"
"rds","logistic.kT0","method:as_draws_array.bart","as_draws_array","","","","accepted","draws_array/draws/array 6x1x1 dn=[{1,2,3,...},{1},{k}]"
"rds","logistic.kT0","method:as_draws_df.bart","as_draws_df","","","","accepted","draws_df/draws/tbl_df/tbl/data.frame 6x4 dn=[{1,2,3,...},{k,.chain,.iteration,...}]"
"rds","aft.base","reload","","","","","reloaded","class=bart"
"rds","aft.base","fields","documented-present","","","","info","call;yhat.train;yhat.test;yhat.train.mean;yhat.test.mean;sigma;first.sigma;varcount;sigest;resid.dist;y;fit;family"
"rds","aft.base","fields","documented-absent","","","","info","n.chains"
"rds","aft.base","fields","all-names","","","","info","call;family;resid.dist;first.sigma;sigma;sigest;yhat.train;yhat.train.mean;yhat.test;yhat.test.mean;s.train;s.test;varcount;y;status;fit"
"rds","aft.base","method:predict.bart","predict","ev","","","refused","samplers cannot be re-created without a stored state; call storeState() before serializing (see the Saving section of ?`dbartsSampler-class`)"
"rds","aft.base","method:predict.bart","predict","ppd","","","refused","samplers cannot be re-created without a stored state; call storeState() before serializing (see the Saving section of ?`dbartsSampler-class`)"
"rds","aft.base","method:predict.bart","predict","bart","","","refused","samplers cannot be re-created without a stored state; call storeState() before serializing (see the Saving section of ?`dbartsSampler-class`)"
"rds","aft.base","method:predict.bart","predict","forest","","","refused","type = ""forest"" is only available on a fit with per-forest reporting (an amplitude-coupled multi-forest fit); this fit has none"
"rds","aft.base","method:predict.bart","predict","zzz-bad-type","","","refused","type must be in 'ev', 'ppd', 'bart', 'forest'"
"rds","aft.base","method:extract.bart","extract","ev","train","","accepted","matrix/array 6x40"
"rds","aft.base","method:extract.bart","extract","ev","test","","accepted","matrix/array 6x12"
"rds","aft.base","method:extract.bart","extract","ev","zzz-bad-sample","","refused","sample must be in 'train', 'test'"
"rds","aft.base","method:extract.bart","extract","ppd","train","","accepted","matrix/array 6x40"
"rds","aft.base","method:extract.bart","extract","ppd","test","","accepted","matrix/array 6x12"
"rds","aft.base","method:extract.bart","extract","ppd","zzz-bad-sample","","refused","sample must be in 'train', 'test'"
"rds","aft.base","method:extract.bart","extract","bart","train","","accepted","matrix/array 6x40"
"rds","aft.base","method:extract.bart","extract","bart","test","","accepted","matrix/array 6x12"
"rds","aft.base","method:extract.bart","extract","bart","zzz-bad-sample","","refused","sample must be in 'train', 'test'"
"rds","aft.base","method:extract.bart","extract","loglik","train","","accepted","matrix/array 6x40"
"rds","aft.base","method:extract.bart","extract","loglik","test","","refused","cannot extract a test sample log-likelihood; no test response exists"
"rds","aft.base","method:extract.bart","extract","loglik","zzz-bad-sample","","refused","sample must be in 'train', 'test'"
"rds","aft.base","method:extract.bart","extract","trees","train","","error-without-reason","missing value where TRUE/FALSE needed"
"rds","aft.base","method:extract.bart","extract","trees","test","","error-without-reason","missing value where TRUE/FALSE needed"
"rds","aft.base","method:extract.bart","extract","trees","zzz-bad-sample","","error-without-reason","missing value where TRUE/FALSE needed"
"rds","aft.base","method:extract.bart","extract","forest","train","","refused","type = ""forest"" is only available on a fit with per-forest reporting (an amplitude-coupled multi-forest fit); this fit has none"
"rds","aft.base","method:extract.bart","extract","forest","test","","refused","type = ""forest"" is only available on a fit with per-forest reporting (an amplitude-coupled multi-forest fit); this fit has none"
"rds","aft.base","method:extract.bart","extract","forest","zzz-bad-sample","","refused","sample must be in 'train', 'test'"
"rds","aft.base","method:extract.bart","extract","zzz-bad-type","train","","refused","type must be in 'ev', 'ppd', 'bart', 'loglik', 'trees', 'forest'"
"rds","aft.base","method:extract.bart","extract","zzz-bad-type","test","","refused","type must be in 'ev', 'ppd', 'bart', 'loglik', 'trees', 'forest'"
"rds","aft.base","method:extract.bart","extract","zzz-bad-type","zzz-bad-sample","","refused","type must be in 'ev', 'ppd', 'bart', 'loglik', 'trees', 'forest'"
"rds","aft.base","method:fitted.bart","fitted","ev","train","","accepted","numeric len40"
"rds","aft.base","method:fitted.bart","fitted","ev","test","","accepted","numeric len12"
"rds","aft.base","method:fitted.bart","fitted","ev","zzz-bad-sample","","refused","sample must be in 'train', 'test'"
"rds","aft.base","method:fitted.bart","fitted","ppd","train","","accepted","numeric len40"
"rds","aft.base","method:fitted.bart","fitted","ppd","test","","accepted","numeric len12"
"rds","aft.base","method:fitted.bart","fitted","ppd","zzz-bad-sample","","refused","sample must be in 'train', 'test'"
"rds","aft.base","method:fitted.bart","fitted","bart","train","","accepted","numeric len40"
"rds","aft.base","method:fitted.bart","fitted","bart","test","","accepted","numeric len12"
"rds","aft.base","method:fitted.bart","fitted","bart","zzz-bad-sample","","refused","sample must be in 'train', 'test'"
"rds","aft.base","method:fitted.bart","fitted","zzz-bad-type","train","","refused","type must be in 'ev', 'ppd', 'bart'"
"rds","aft.base","method:fitted.bart","fitted","zzz-bad-type","test","","refused","type must be in 'ev', 'ppd', 'bart'"
"rds","aft.base","method:fitted.bart","fitted","zzz-bad-type","zzz-bad-sample","","refused","type must be in 'ev', 'ppd', 'bart'"
"rds","aft.base","method:residuals.bart","residuals","ev","","","accepted","numeric len40"
"rds","aft.base","method:residuals.bart","residuals","zzz-bad-type","","","refused","type must be in 'ev', 'ppd', 'bart'"
"rds","aft.base","method:summary.bart","summary","","","","accepted","summary.bart len3"
"rds","aft.base","method:print.bart","print","","","","accepted","bart len16"
"rds","aft.base","method:plot.bart","plot","","","","accepted","NULL"
"rds","aft.base","method:plotTree.bart","plotTree","","","","refused","samplers cannot be re-created without a stored state; call storeState() before serializing (see the Saving section of ?`dbartsSampler-class`)"
"rds","aft.base","method:survivalProbabilities.bart","survivalProbabilities","","","","refused","samplers cannot be re-created without a stored state; call storeState() before serializing (see the Saving section of ?`dbartsSampler-class`)"
"rds","aft.base","method:as_draws_array.bart","as_draws_array","","","","accepted","draws_array/draws/array 6x1x1 dn=[{1,2,3,...},{1},{sigma}]"
"rds","aft.base","method:as_draws_df.bart","as_draws_df","","","","accepted","draws_df/draws/tbl_df/tbl/data.frame 6x4 dn=[{1,2,3,...},{sigma,.chain,.iteration,...}]"
"rds","aft.kT0","reload","","","","","reloaded","class=bart"
"rds","aft.kT0","fields","documented-present","","","","info","call;yhat.train;yhat.test;yhat.train.mean;yhat.test.mean;sigma;first.sigma;varcount;sigest;resid.dist;y;n.chains;family"
"rds","aft.kT0","fields","documented-absent","","","","info","fit"
"rds","aft.kT0","fields","all-names","","","","info","call;family;resid.dist;first.sigma;sigma;sigest;yhat.train;yhat.train.mean;yhat.test;yhat.test.mean;s.train;s.test;varcount;y;status;n.chains"
"rds","aft.kT0","method:predict.bart","predict","ev","","","refused","predict requires bart to be called with 'keeptrees' == TRUE"
"rds","aft.kT0","method:predict.bart","predict","ppd","","","refused","predict requires bart to be called with 'keeptrees' == TRUE"
"rds","aft.kT0","method:predict.bart","predict","bart","","","refused","predict requires bart to be called with 'keeptrees' == TRUE"
"rds","aft.kT0","method:predict.bart","predict","forest","","","refused","predict requires bart to be called with 'keeptrees' == TRUE"
"rds","aft.kT0","method:predict.bart","predict","zzz-bad-type","","","refused","predict requires bart to be called with 'keeptrees' == TRUE"
"rds","aft.kT0","method:extract.bart","extract","ev","train","","accepted","matrix/array 6x40"
"rds","aft.kT0","method:extract.bart","extract","ev","test","","accepted","matrix/array 6x12"
"rds","aft.kT0","method:extract.bart","extract","ev","zzz-bad-sample","","refused","sample must be in 'train', 'test'"
"rds","aft.kT0","method:extract.bart","extract","ppd","train","","accepted","matrix/array 6x40"
"rds","aft.kT0","method:extract.bart","extract","ppd","test","","accepted","matrix/array 6x12"
"rds","aft.kT0","method:extract.bart","extract","ppd","zzz-bad-sample","","refused","sample must be in 'train', 'test'"
"rds","aft.kT0","method:extract.bart","extract","bart","train","","accepted","matrix/array 6x40"
"rds","aft.kT0","method:extract.bart","extract","bart","test","","accepted","matrix/array 6x12"
"rds","aft.kT0","method:extract.bart","extract","bart","zzz-bad-sample","","refused","sample must be in 'train', 'test'"
"rds","aft.kT0","method:extract.bart","extract","loglik","train","","accepted","matrix/array 6x40"
"rds","aft.kT0","method:extract.bart","extract","loglik","test","","refused","cannot extract a test sample log-likelihood; no test response exists"
"rds","aft.kT0","method:extract.bart","extract","loglik","zzz-bad-sample","","refused","sample must be in 'train', 'test'"
"rds","aft.kT0","method:extract.bart","extract","trees","train","","refused","extracting trees requires bart to be called with 'keeptrees' == TRUE"
"rds","aft.kT0","method:extract.bart","extract","trees","test","","refused","extracting trees requires bart to be called with 'keeptrees' == TRUE"
"rds","aft.kT0","method:extract.bart","extract","trees","zzz-bad-sample","","refused","extracting trees requires bart to be called with 'keeptrees' == TRUE"
"rds","aft.kT0","method:extract.bart","extract","forest","train","","refused","type = ""forest"" is only available on a fit with per-forest reporting (an amplitude-coupled multi-forest fit); this fit has none"
"rds","aft.kT0","method:extract.bart","extract","forest","test","","refused","type = ""forest"" is only available on a fit with per-forest reporting (an amplitude-coupled multi-forest fit); this fit has none"
"rds","aft.kT0","method:extract.bart","extract","forest","zzz-bad-sample","","refused","sample must be in 'train', 'test'"
"rds","aft.kT0","method:extract.bart","extract","zzz-bad-type","train","","refused","type must be in 'ev', 'ppd', 'bart', 'loglik', 'trees', 'forest'"
"rds","aft.kT0","method:extract.bart","extract","zzz-bad-type","test","","refused","type must be in 'ev', 'ppd', 'bart', 'loglik', 'trees', 'forest'"
"rds","aft.kT0","method:extract.bart","extract","zzz-bad-type","zzz-bad-sample","","refused","type must be in 'ev', 'ppd', 'bart', 'loglik', 'trees', 'forest'"
"rds","aft.kT0","method:fitted.bart","fitted","ev","train","","accepted","numeric len40"
"rds","aft.kT0","method:fitted.bart","fitted","ev","test","","accepted","numeric len12"
"rds","aft.kT0","method:fitted.bart","fitted","ev","zzz-bad-sample","","refused","sample must be in 'train', 'test'"
"rds","aft.kT0","method:fitted.bart","fitted","ppd","train","","accepted","numeric len40"
"rds","aft.kT0","method:fitted.bart","fitted","ppd","test","","accepted","numeric len12"
"rds","aft.kT0","method:fitted.bart","fitted","ppd","zzz-bad-sample","","refused","sample must be in 'train', 'test'"
"rds","aft.kT0","method:fitted.bart","fitted","bart","train","","accepted","numeric len40"
"rds","aft.kT0","method:fitted.bart","fitted","bart","test","","accepted","numeric len12"
"rds","aft.kT0","method:fitted.bart","fitted","bart","zzz-bad-sample","","refused","sample must be in 'train', 'test'"
"rds","aft.kT0","method:fitted.bart","fitted","zzz-bad-type","train","","refused","type must be in 'ev', 'ppd', 'bart'"
"rds","aft.kT0","method:fitted.bart","fitted","zzz-bad-type","test","","refused","type must be in 'ev', 'ppd', 'bart'"
"rds","aft.kT0","method:fitted.bart","fitted","zzz-bad-type","zzz-bad-sample","","refused","type must be in 'ev', 'ppd', 'bart'"
"rds","aft.kT0","method:residuals.bart","residuals","ev","","","accepted","numeric len40"
"rds","aft.kT0","method:residuals.bart","residuals","zzz-bad-type","","","refused","type must be in 'ev', 'ppd', 'bart'"
"rds","aft.kT0","method:summary.bart","summary","","","","accepted","summary.bart len3"
"rds","aft.kT0","method:print.bart","print","","","","accepted","bart len16"
"rds","aft.kT0","method:plot.bart","plot","","","","accepted","NULL"
"rds","aft.kT0","method:plotTree.bart","plotTree","","","","refused","plotTree requires the trees to be kept: fit with keeptrees/keepTrees = TRUE"
"rds","aft.kT0","method:survivalProbabilities.bart","survivalProbabilities","","","","refused","predict requires bart to be called with 'keeptrees' == TRUE"
"rds","aft.kT0","method:as_draws_array.bart","as_draws_array","","","","accepted","draws_array/draws/array 6x1x1 dn=[{1,2,3,...},{1},{sigma}]"
"rds","aft.kT0","method:as_draws_df.bart","as_draws_df","","","","accepted","draws_df/draws/tbl_df/tbl/data.frame 6x4 dn=[{1,2,3,...},{sigma,.chain,.iteration,...}]"
"rds","hazard.base","reload","","","","","reloaded","class=bart"
"rds","hazard.base","fields","documented-present","","","","info","call;yhat.train;varcount;resid.dist;y;fit;family"
"rds","hazard.base","fields","documented-absent","","","","info","yhat.test;yhat.train.mean;yhat.test.mean;sigma;first.sigma;sigest;n.chains"
"rds","hazard.base","fields","all-names","","","","info","call;family;resid.dist;yhat.train;yhat.test;varcount;binaryOffset;y;periods;fit;k;first.k"
"rds","hazard.base","method:predict.bart","predict","ev","","","refused","samplers cannot be re-created without a stored state; call storeState() before serializing (see the Saving section of ?`dbartsSampler-class`)"
"rds","hazard.base","method:predict.bart","predict","ppd","","","refused","samplers cannot be re-created without a stored state; call storeState() before serializing (see the Saving section of ?`dbartsSampler-class`)"
"rds","hazard.base","method:predict.bart","predict","bart","","","refused","samplers cannot be re-created without a stored state; call storeState() before serializing (see the Saving section of ?`dbartsSampler-class`)"
"rds","hazard.base","method:predict.bart","predict","forest","","","refused","type = ""forest"" is only available on a fit with per-forest reporting (an amplitude-coupled multi-forest fit); this fit has none"
"rds","hazard.base","method:predict.bart","predict","zzz-bad-type","","","refused","type must be in 'ev', 'ppd', 'bart', 'forest'"
"rds","hazard.base","method:extract.bart","extract","ev","train","","accepted","matrix/array 6x820"
"rds","hazard.base","method:extract.bart","extract","ev","test","","refused","cannot extract test sample predictions if no test data exists; use 'predict' instead"
"rds","hazard.base","method:extract.bart","extract","ev","zzz-bad-sample","","refused","sample must be in 'train', 'test'"
"rds","hazard.base","method:extract.bart","extract","ppd","train","","accepted","matrix/array 6x820 dn=[NULL,NULL]"
"rds","hazard.base","method:extract.bart","extract","ppd","test","","refused","cannot extract test sample predictions if no test data exists; use 'predict' instead"
"rds","hazard.base","method:extract.bart","extract","ppd","zzz-bad-sample","","refused","sample must be in 'train', 'test'"
"rds","hazard.base","method:extract.bart","extract","bart","train","","accepted","matrix/array 6x820"
"rds","hazard.base","method:extract.bart","extract","bart","test","","refused","cannot extract test sample predictions if no test data exists; use 'predict' instead"
"rds","hazard.base","method:extract.bart","extract","bart","zzz-bad-sample","","refused","sample must be in 'train', 'test'"
"rds","hazard.base","method:extract.bart","extract","loglik","train","","accepted","matrix/array 6x820"
"rds","hazard.base","method:extract.bart","extract","loglik","test","","refused","cannot extract a test sample log-likelihood; no test response exists"
"rds","hazard.base","method:extract.bart","extract","loglik","zzz-bad-sample","","refused","sample must be in 'train', 'test'"
"rds","hazard.base","method:extract.bart","extract","trees","train","","error-without-reason","missing value where TRUE/FALSE needed"
"rds","hazard.base","method:extract.bart","extract","trees","test","","error-without-reason","missing value where TRUE/FALSE needed"
"rds","hazard.base","method:extract.bart","extract","trees","zzz-bad-sample","","error-without-reason","missing value where TRUE/FALSE needed"
"rds","hazard.base","method:extract.bart","extract","forest","train","","refused","type = ""forest"" is only available on a fit with per-forest reporting (an amplitude-coupled multi-forest fit); this fit has none"
"rds","hazard.base","method:extract.bart","extract","forest","test","","refused","type = ""forest"" is only available on a fit with per-forest reporting (an amplitude-coupled multi-forest fit); this fit has none"
"rds","hazard.base","method:extract.bart","extract","forest","zzz-bad-sample","","refused","sample must be in 'train', 'test'"
"rds","hazard.base","method:extract.bart","extract","zzz-bad-type","train","","refused","type must be in 'ev', 'ppd', 'bart', 'loglik', 'trees', 'forest'"
"rds","hazard.base","method:extract.bart","extract","zzz-bad-type","test","","refused","type must be in 'ev', 'ppd', 'bart', 'loglik', 'trees', 'forest'"
"rds","hazard.base","method:extract.bart","extract","zzz-bad-type","zzz-bad-sample","","refused","type must be in 'ev', 'ppd', 'bart', 'loglik', 'trees', 'forest'"
"rds","hazard.base","method:fitted.bart","fitted","ev","train","","accepted","numeric len820"
"rds","hazard.base","method:fitted.bart","fitted","ev","test","","refused","cannot extract test sample predictions if no test data exists; use 'predict' instead"
"rds","hazard.base","method:fitted.bart","fitted","ev","zzz-bad-sample","","refused","sample must be in 'train', 'test'"
"rds","hazard.base","method:fitted.bart","fitted","ppd","train","","accepted","numeric len820"
"rds","hazard.base","method:fitted.bart","fitted","ppd","test","","refused","cannot extract test sample predictions if no test data exists; use 'predict' instead"
"rds","hazard.base","method:fitted.bart","fitted","ppd","zzz-bad-sample","","refused","sample must be in 'train', 'test'"
"rds","hazard.base","method:fitted.bart","fitted","bart","train","","accepted","numeric len820"
"rds","hazard.base","method:fitted.bart","fitted","bart","test","","refused","cannot extract test sample predictions if no test data exists; use 'predict' instead"
"rds","hazard.base","method:fitted.bart","fitted","bart","zzz-bad-sample","","refused","sample must be in 'train', 'test'"
"rds","hazard.base","method:fitted.bart","fitted","zzz-bad-type","train","","refused","type must be in 'ev', 'ppd', 'bart'"
"rds","hazard.base","method:fitted.bart","fitted","zzz-bad-type","test","","refused","type must be in 'ev', 'ppd', 'bart'"
"rds","hazard.base","method:fitted.bart","fitted","zzz-bad-type","zzz-bad-sample","","refused","type must be in 'ev', 'ppd', 'bart'"
"rds","hazard.base","method:residuals.bart","residuals","ev","","","accepted","numeric len820"
"rds","hazard.base","method:residuals.bart","residuals","zzz-bad-type","","","refused","type must be in 'ev', 'ppd', 'bart'"
"rds","hazard.base","method:summary.bart","summary","","","","accepted","summary.bart len3"
"rds","hazard.base","method:print.bart","print","","","","accepted","bart len12"
"rds","hazard.base","method:plot.bart","plot","","","","accepted","NULL"
"rds","hazard.base","method:plotTree.bart","plotTree","","","","refused","samplers cannot be re-created without a stored state; call storeState() before serializing (see the Saving section of ?`dbartsSampler-class`)"
"rds","hazard.base","method:survivalProbabilities.bart","survivalProbabilities","","","","refused","samplers cannot be re-created without a stored state; call storeState() before serializing (see the Saving section of ?`dbartsSampler-class`)"
"rds","hazard.base","method:as_draws_array.bart","as_draws_array","","","","accepted","draws_array/draws/array 6x1x1 dn=[{1,2,3,...},{1},{k}]"
"rds","hazard.base","method:as_draws_df.bart","as_draws_df","","","","accepted","draws_df/draws/tbl_df/tbl/data.frame 6x4 dn=[{1,2,3,...},{k,.chain,.iteration,...}]"
"rds","hazard.kT0","reload","","","","","reloaded","class=bart"
"rds","hazard.kT0","fields","documented-present","","","","info","call;yhat.train;varcount;resid.dist;y;n.chains;family"
"rds","hazard.kT0","fields","documented-absent","","","","info","yhat.test;yhat.train.mean;yhat.test.mean;sigma;first.sigma;sigest;fit"
"rds","hazard.kT0","fields","all-names","","","","info","call;family;resid.dist;yhat.train;yhat.test;varcount;binaryOffset;y;periods;n.chains;k;first.k"
"rds","hazard.kT0","method:predict.bart","predict","ev","","","refused","predict requires bart to be called with 'keeptrees' == TRUE"
"rds","hazard.kT0","method:predict.bart","predict","ppd","","","refused","predict requires bart to be called with 'keeptrees' == TRUE"
"rds","hazard.kT0","method:predict.bart","predict","bart","","","refused","predict requires bart to be called with 'keeptrees' == TRUE"
"rds","hazard.kT0","method:predict.bart","predict","forest","","","refused","predict requires bart to be called with 'keeptrees' == TRUE"
"rds","hazard.kT0","method:predict.bart","predict","zzz-bad-type","","","refused","predict requires bart to be called with 'keeptrees' == TRUE"
"rds","hazard.kT0","method:extract.bart","extract","ev","train","","accepted","matrix/array 6x820"
"rds","hazard.kT0","method:extract.bart","extract","ev","test","","refused","cannot extract test sample predictions if no test data exists; use 'predict' instead"
"rds","hazard.kT0","method:extract.bart","extract","ev","zzz-bad-sample","","refused","sample must be in 'train', 'test'"
"rds","hazard.kT0","method:extract.bart","extract","ppd","train","","accepted","matrix/array 6x820 dn=[NULL,NULL]"
"rds","hazard.kT0","method:extract.bart","extract","ppd","test","","refused","cannot extract test sample predictions if no test data exists; use 'predict' instead"
"rds","hazard.kT0","method:extract.bart","extract","ppd","zzz-bad-sample","","refused","sample must be in 'train', 'test'"
"rds","hazard.kT0","method:extract.bart","extract","bart","train","","accepted","matrix/array 6x820"
"rds","hazard.kT0","method:extract.bart","extract","bart","test","","refused","cannot extract test sample predictions if no test data exists; use 'predict' instead"
"rds","hazard.kT0","method:extract.bart","extract","bart","zzz-bad-sample","","refused","sample must be in 'train', 'test'"
"rds","hazard.kT0","method:extract.bart","extract","loglik","train","","accepted","matrix/array 6x820"
"rds","hazard.kT0","method:extract.bart","extract","loglik","test","","refused","cannot extract a test sample log-likelihood; no test response exists"
"rds","hazard.kT0","method:extract.bart","extract","loglik","zzz-bad-sample","","refused","sample must be in 'train', 'test'"
"rds","hazard.kT0","method:extract.bart","extract","trees","train","","refused","extracting trees requires bart to be called with 'keeptrees' == TRUE"
"rds","hazard.kT0","method:extract.bart","extract","trees","test","","refused","extracting trees requires bart to be called with 'keeptrees' == TRUE"
"rds","hazard.kT0","method:extract.bart","extract","trees","zzz-bad-sample","","refused","extracting trees requires bart to be called with 'keeptrees' == TRUE"
"rds","hazard.kT0","method:extract.bart","extract","forest","train","","refused","type = ""forest"" is only available on a fit with per-forest reporting (an amplitude-coupled multi-forest fit); this fit has none"
"rds","hazard.kT0","method:extract.bart","extract","forest","test","","refused","type = ""forest"" is only available on a fit with per-forest reporting (an amplitude-coupled multi-forest fit); this fit has none"
"rds","hazard.kT0","method:extract.bart","extract","forest","zzz-bad-sample","","refused","sample must be in 'train', 'test'"
"rds","hazard.kT0","method:extract.bart","extract","zzz-bad-type","train","","refused","type must be in 'ev', 'ppd', 'bart', 'loglik', 'trees', 'forest'"
"rds","hazard.kT0","method:extract.bart","extract","zzz-bad-type","test","","refused","type must be in 'ev', 'ppd', 'bart', 'loglik', 'trees', 'forest'"
"rds","hazard.kT0","method:extract.bart","extract","zzz-bad-type","zzz-bad-sample","","refused","type must be in 'ev', 'ppd', 'bart', 'loglik', 'trees', 'forest'"
"rds","hazard.kT0","method:fitted.bart","fitted","ev","train","","accepted","numeric len820"
"rds","hazard.kT0","method:fitted.bart","fitted","ev","test","","refused","cannot extract test sample predictions if no test data exists; use 'predict' instead"
"rds","hazard.kT0","method:fitted.bart","fitted","ev","zzz-bad-sample","","refused","sample must be in 'train', 'test'"
"rds","hazard.kT0","method:fitted.bart","fitted","ppd","train","","accepted","numeric len820"
"rds","hazard.kT0","method:fitted.bart","fitted","ppd","test","","refused","cannot extract test sample predictions if no test data exists; use 'predict' instead"
"rds","hazard.kT0","method:fitted.bart","fitted","ppd","zzz-bad-sample","","refused","sample must be in 'train', 'test'"
"rds","hazard.kT0","method:fitted.bart","fitted","bart","train","","accepted","numeric len820"
"rds","hazard.kT0","method:fitted.bart","fitted","bart","test","","refused","cannot extract test sample predictions if no test data exists; use 'predict' instead"
"rds","hazard.kT0","method:fitted.bart","fitted","bart","zzz-bad-sample","","refused","sample must be in 'train', 'test'"
"rds","hazard.kT0","method:fitted.bart","fitted","zzz-bad-type","train","","refused","type must be in 'ev', 'ppd', 'bart'"
"rds","hazard.kT0","method:fitted.bart","fitted","zzz-bad-type","test","","refused","type must be in 'ev', 'ppd', 'bart'"
"rds","hazard.kT0","method:fitted.bart","fitted","zzz-bad-type","zzz-bad-sample","","refused","type must be in 'ev', 'ppd', 'bart'"
"rds","hazard.kT0","method:residuals.bart","residuals","ev","","","accepted","numeric len820"
"rds","hazard.kT0","method:residuals.bart","residuals","zzz-bad-type","","","refused","type must be in 'ev', 'ppd', 'bart'"
"rds","hazard.kT0","method:summary.bart","summary","","","","accepted","summary.bart len3"
"rds","hazard.kT0","method:print.bart","print","","","","accepted","bart len12"
"rds","hazard.kT0","method:plot.bart","plot","","","","accepted","NULL"
"rds","hazard.kT0","method:plotTree.bart","plotTree","","","","refused","plotTree requires the trees to be kept: fit with keeptrees/keepTrees = TRUE"
"rds","hazard.kT0","method:survivalProbabilities.bart","survivalProbabilities","","","","refused","survivalProbabilities on a discrete-time hazard fit requires the trees; refit with keepTrees = TRUE"
"rds","hazard.kT0","method:as_draws_array.bart","as_draws_array","","","","accepted","draws_array/draws/array 6x1x1 dn=[{1,2,3,...},{1},{k}]"
"rds","hazard.kT0","method:as_draws_df.bart","as_draws_df","","","","accepted","draws_df/draws/tbl_df/tbl/data.frame 6x4 dn=[{1,2,3,...},{k,.chain,.iteration,...}]"
"rds","hetero.base","reload","","","","","reloaded","class=bart"
"rds","hetero.base","fields","documented-present","","","","info","call;yhat.train;yhat.test;yhat.train.mean;yhat.test.mean;sigma;first.sigma;varcount;sigest;resid.dist;y;fit;family"
"rds","hetero.base","fields","documented-absent","","","","info","n.chains"
"rds","hetero.base","fields","all-names","","","","info","call;family;resid.dist;first.sigma;sigma;sigest;yhat.train;yhat.train.mean;yhat.test;yhat.test.mean;s.train;s.test;varcount;y;fit"
"rds","hetero.base","method:predict.bart","predict","ev","","","refused","samplers cannot be re-created without a stored state; call storeState() before serializing (see the Saving section of ?`dbartsSampler-class`)"
"rds","hetero.base","method:predict.bart","predict","ppd","","","refused","samplers cannot be re-created without a stored state; call storeState() before serializing (see the Saving section of ?`dbartsSampler-class`)"
"rds","hetero.base","method:predict.bart","predict","bart","","","refused","samplers cannot be re-created without a stored state; call storeState() before serializing (see the Saving section of ?`dbartsSampler-class`)"
"rds","hetero.base","method:predict.bart","predict","forest","","","refused","type = ""forest"" is only available on a fit with per-forest reporting (an amplitude-coupled multi-forest fit); this fit has none"
"rds","hetero.base","method:predict.bart","predict","zzz-bad-type","","","refused","type must be in 'ev', 'ppd', 'bart', 'forest'"
"rds","hetero.base","method:extract.bart","extract","ev","train","","accepted","matrix/array 6x40"
"rds","hetero.base","method:extract.bart","extract","ev","test","","accepted","matrix/array 6x12"
"rds","hetero.base","method:extract.bart","extract","ev","zzz-bad-sample","","refused","sample must be in 'train', 'test'"
"rds","hetero.base","method:extract.bart","extract","ppd","train","","accepted","matrix/array 6x40"
"rds","hetero.base","method:extract.bart","extract","ppd","test","","accepted","matrix/array 6x12"
"rds","hetero.base","method:extract.bart","extract","ppd","zzz-bad-sample","","refused","sample must be in 'train', 'test'"
"rds","hetero.base","method:extract.bart","extract","bart","train","","accepted","matrix/array 6x40"
"rds","hetero.base","method:extract.bart","extract","bart","test","","accepted","matrix/array 6x12"
"rds","hetero.base","method:extract.bart","extract","bart","zzz-bad-sample","","refused","sample must be in 'train', 'test'"
"rds","hetero.base","method:extract.bart","extract","loglik","train","","accepted","matrix/array 6x40"
"rds","hetero.base","method:extract.bart","extract","loglik","test","","refused","cannot extract a test sample log-likelihood; no test response exists"
"rds","hetero.base","method:extract.bart","extract","loglik","zzz-bad-sample","","refused","sample must be in 'train', 'test'"
"rds","hetero.base","method:extract.bart","extract","trees","train","","error-without-reason","missing value where TRUE/FALSE needed"
"rds","hetero.base","method:extract.bart","extract","trees","test","","error-without-reason","missing value where TRUE/FALSE needed"
"rds","hetero.base","method:extract.bart","extract","trees","zzz-bad-sample","","error-without-reason","missing value where TRUE/FALSE needed"
"rds","hetero.base","method:extract.bart","extract","forest","train","","refused","type = ""forest"" is only available on a fit with per-forest reporting (an amplitude-coupled multi-forest fit); this fit has none"
"rds","hetero.base","method:extract.bart","extract","forest","test","","refused","type = ""forest"" is only available on a fit with per-forest reporting (an amplitude-coupled multi-forest fit); this fit has none"
"rds","hetero.base","method:extract.bart","extract","forest","zzz-bad-sample","","refused","sample must be in 'train', 'test'"
"rds","hetero.base","method:extract.bart","extract","zzz-bad-type","train","","refused","type must be in 'ev', 'ppd', 'bart', 'loglik', 'trees', 'forest'"
"rds","hetero.base","method:extract.bart","extract","zzz-bad-type","test","","refused","type must be in 'ev', 'ppd', 'bart', 'loglik', 'trees', 'forest'"
"rds","hetero.base","method:extract.bart","extract","zzz-bad-type","zzz-bad-sample","","refused","type must be in 'ev', 'ppd', 'bart', 'loglik', 'trees', 'forest'"
"rds","hetero.base","method:fitted.bart","fitted","ev","train","","accepted","numeric len40"
"rds","hetero.base","method:fitted.bart","fitted","ev","test","","accepted","numeric len12"
"rds","hetero.base","method:fitted.bart","fitted","ev","zzz-bad-sample","","refused","sample must be in 'train', 'test'"
"rds","hetero.base","method:fitted.bart","fitted","ppd","train","","accepted","numeric len40"
"rds","hetero.base","method:fitted.bart","fitted","ppd","test","","accepted","numeric len12"
"rds","hetero.base","method:fitted.bart","fitted","ppd","zzz-bad-sample","","refused","sample must be in 'train', 'test'"
"rds","hetero.base","method:fitted.bart","fitted","bart","train","","accepted","numeric len40"
"rds","hetero.base","method:fitted.bart","fitted","bart","test","","accepted","numeric len12"
"rds","hetero.base","method:fitted.bart","fitted","bart","zzz-bad-sample","","refused","sample must be in 'train', 'test'"
"rds","hetero.base","method:fitted.bart","fitted","zzz-bad-type","train","","refused","type must be in 'ev', 'ppd', 'bart'"
"rds","hetero.base","method:fitted.bart","fitted","zzz-bad-type","test","","refused","type must be in 'ev', 'ppd', 'bart'"
"rds","hetero.base","method:fitted.bart","fitted","zzz-bad-type","zzz-bad-sample","","refused","type must be in 'ev', 'ppd', 'bart'"
"rds","hetero.base","method:residuals.bart","residuals","ev","","","accepted","numeric len40"
"rds","hetero.base","method:residuals.bart","residuals","zzz-bad-type","","","refused","type must be in 'ev', 'ppd', 'bart'"
"rds","hetero.base","method:summary.bart","summary","","","","accepted","summary.bart len3"
"rds","hetero.base","method:print.bart","print","","","","accepted","bart len15"
"rds","hetero.base","method:plot.bart","plot","","","","accepted","NULL"
"rds","hetero.base","method:plotTree.bart","plotTree","","","","refused","samplers cannot be re-created without a stored state; call storeState() before serializing (see the Saving section of ?`dbartsSampler-class`)"
"rds","hetero.base","method:survivalProbabilities.bart","survivalProbabilities","","","","refused","survivalProbabilities requires an aft (survival) fit"
"rds","hetero.base","method:as_draws_array.bart","as_draws_array","","","","accepted","draws_array/draws/array 6x1x1 dn=[{1,2,3,...},{1},{mean.s}]"
"rds","hetero.base","method:as_draws_df.bart","as_draws_df","","","","accepted","draws_df/draws/tbl_df/tbl/data.frame 6x4 dn=[{1,2,3,...},{mean.s,.chain,.iteration,...}]"
"rds","hetero.kT0","reload","","","","","reloaded","class=bart"
"rds","hetero.kT0","fields","documented-present","","","","info","call;yhat.train;yhat.test;yhat.train.mean;yhat.test.mean;sigma;first.sigma;varcount;sigest;resid.dist;y;n.chains;family"
"rds","hetero.kT0","fields","documented-absent","","","","info","fit"
"rds","hetero.kT0","fields","all-names","","","","info","call;family;resid.dist;first.sigma;sigma;sigest;yhat.train;yhat.train.mean;yhat.test;yhat.test.mean;s.train;s.test;varcount;y;n.chains"
"rds","hetero.kT0","method:predict.bart","predict","ev","","","refused","predict requires bart to be called with 'keeptrees' == TRUE"
"rds","hetero.kT0","method:predict.bart","predict","ppd","","","refused","predict requires bart to be called with 'keeptrees' == TRUE"
"rds","hetero.kT0","method:predict.bart","predict","bart","","","refused","predict requires bart to be called with 'keeptrees' == TRUE"
"rds","hetero.kT0","method:predict.bart","predict","forest","","","refused","predict requires bart to be called with 'keeptrees' == TRUE"
"rds","hetero.kT0","method:predict.bart","predict","zzz-bad-type","","","refused","predict requires bart to be called with 'keeptrees' == TRUE"
"rds","hetero.kT0","method:extract.bart","extract","ev","train","","accepted","matrix/array 6x40"
"rds","hetero.kT0","method:extract.bart","extract","ev","test","","accepted","matrix/array 6x12"
"rds","hetero.kT0","method:extract.bart","extract","ev","zzz-bad-sample","","refused","sample must be in 'train', 'test'"
"rds","hetero.kT0","method:extract.bart","extract","ppd","train","","accepted","matrix/array 6x40"
"rds","hetero.kT0","method:extract.bart","extract","ppd","test","","accepted","matrix/array 6x12"
"rds","hetero.kT0","method:extract.bart","extract","ppd","zzz-bad-sample","","refused","sample must be in 'train', 'test'"
"rds","hetero.kT0","method:extract.bart","extract","bart","train","","accepted","matrix/array 6x40"
"rds","hetero.kT0","method:extract.bart","extract","bart","test","","accepted","matrix/array 6x12"
"rds","hetero.kT0","method:extract.bart","extract","bart","zzz-bad-sample","","refused","sample must be in 'train', 'test'"
"rds","hetero.kT0","method:extract.bart","extract","loglik","train","","accepted","matrix/array 6x40"
"rds","hetero.kT0","method:extract.bart","extract","loglik","test","","refused","cannot extract a test sample log-likelihood; no test response exists"
"rds","hetero.kT0","method:extract.bart","extract","loglik","zzz-bad-sample","","refused","sample must be in 'train', 'test'"
"rds","hetero.kT0","method:extract.bart","extract","trees","train","","refused","extracting trees requires bart to be called with 'keeptrees' == TRUE"
"rds","hetero.kT0","method:extract.bart","extract","trees","test","","refused","extracting trees requires bart to be called with 'keeptrees' == TRUE"
"rds","hetero.kT0","method:extract.bart","extract","trees","zzz-bad-sample","","refused","extracting trees requires bart to be called with 'keeptrees' == TRUE"
"rds","hetero.kT0","method:extract.bart","extract","forest","train","","refused","type = ""forest"" is only available on a fit with per-forest reporting (an amplitude-coupled multi-forest fit); this fit has none"
"rds","hetero.kT0","method:extract.bart","extract","forest","test","","refused","type = ""forest"" is only available on a fit with per-forest reporting (an amplitude-coupled multi-forest fit); this fit has none"
"rds","hetero.kT0","method:extract.bart","extract","forest","zzz-bad-sample","","refused","sample must be in 'train', 'test'"
"rds","hetero.kT0","method:extract.bart","extract","zzz-bad-type","train","","refused","type must be in 'ev', 'ppd', 'bart', 'loglik', 'trees', 'forest'"
"rds","hetero.kT0","method:extract.bart","extract","zzz-bad-type","test","","refused","type must be in 'ev', 'ppd', 'bart', 'loglik', 'trees', 'forest'"
"rds","hetero.kT0","method:extract.bart","extract","zzz-bad-type","zzz-bad-sample","","refused","type must be in 'ev', 'ppd', 'bart', 'loglik', 'trees', 'forest'"
"rds","hetero.kT0","method:fitted.bart","fitted","ev","train","","accepted","numeric len40"
"rds","hetero.kT0","method:fitted.bart","fitted","ev","test","","accepted","numeric len12"
"rds","hetero.kT0","method:fitted.bart","fitted","ev","zzz-bad-sample","","refused","sample must be in 'train', 'test'"
"rds","hetero.kT0","method:fitted.bart","fitted","ppd","train","","accepted","numeric len40"
"rds","hetero.kT0","method:fitted.bart","fitted","ppd","test","","accepted","numeric len12"
"rds","hetero.kT0","method:fitted.bart","fitted","ppd","zzz-bad-sample","","refused","sample must be in 'train', 'test'"
"rds","hetero.kT0","method:fitted.bart","fitted","bart","train","","accepted","numeric len40"
"rds","hetero.kT0","method:fitted.bart","fitted","bart","test","","accepted","numeric len12"
"rds","hetero.kT0","method:fitted.bart","fitted","bart","zzz-bad-sample","","refused","sample must be in 'train', 'test'"
"rds","hetero.kT0","method:fitted.bart","fitted","zzz-bad-type","train","","refused","type must be in 'ev', 'ppd', 'bart'"
"rds","hetero.kT0","method:fitted.bart","fitted","zzz-bad-type","test","","refused","type must be in 'ev', 'ppd', 'bart'"
"rds","hetero.kT0","method:fitted.bart","fitted","zzz-bad-type","zzz-bad-sample","","refused","type must be in 'ev', 'ppd', 'bart'"
"rds","hetero.kT0","method:residuals.bart","residuals","ev","","","accepted","numeric len40"
"rds","hetero.kT0","method:residuals.bart","residuals","zzz-bad-type","","","refused","type must be in 'ev', 'ppd', 'bart'"
"rds","hetero.kT0","method:summary.bart","summary","","","","accepted","summary.bart len3"
"rds","hetero.kT0","method:print.bart","print","","","","accepted","bart len15"
"rds","hetero.kT0","method:plot.bart","plot","","","","accepted","NULL"
"rds","hetero.kT0","method:plotTree.bart","plotTree","","","","refused","plotTree requires the trees to be kept: fit with keeptrees/keepTrees = TRUE"
"rds","hetero.kT0","method:survivalProbabilities.bart","survivalProbabilities","","","","refused","survivalProbabilities requires an aft (survival) fit"
"rds","hetero.kT0","method:as_draws_array.bart","as_draws_array","","","","accepted","draws_array/draws/array 6x1x1 dn=[{1,2,3,...},{1},{mean.s}]"
"rds","hetero.kT0","method:as_draws_df.bart","as_draws_df","","","","accepted","draws_df/draws/tbl_df/tbl/data.frame 6x4 dn=[{1,2,3,...},{mean.s,.chain,.iteration,...}]"
"rds","hetero.nc2u","reload","","","","","reloaded","class=bart"
"rds","hetero.nc2u","fields","documented-present","","","","info","call;yhat.train;yhat.test;yhat.train.mean;yhat.test.mean;sigma;first.sigma;varcount;sigest;resid.dist;y;fit;family"
"rds","hetero.nc2u","fields","documented-absent","","","","info","n.chains"
"rds","hetero.nc2u","fields","all-names","","","","info","call;family;resid.dist;first.sigma;sigma;sigest;yhat.train;yhat.train.mean;yhat.test;yhat.test.mean;s.train;s.test;varcount;y;fit"
"rds","hetero.nc2u","method:predict.bart","predict","ev","","","refused","samplers cannot be re-created without a stored state; call storeState() before serializing (see the Saving section of ?`dbartsSampler-class`)"
"rds","hetero.nc2u","method:predict.bart","predict","ppd","","","refused","samplers cannot be re-created without a stored state; call storeState() before serializing (see the Saving section of ?`dbartsSampler-class`)"
"rds","hetero.nc2u","method:predict.bart","predict","bart","","","refused","samplers cannot be re-created without a stored state; call storeState() before serializing (see the Saving section of ?`dbartsSampler-class`)"
"rds","hetero.nc2u","method:predict.bart","predict","forest","","","refused","type = ""forest"" is only available on a fit with per-forest reporting (an amplitude-coupled multi-forest fit); this fit has none"
"rds","hetero.nc2u","method:predict.bart","predict","zzz-bad-type","","","refused","type must be in 'ev', 'ppd', 'bart', 'forest'"
"rds","hetero.nc2u","method:extract.bart","extract","ev","train","","accepted","matrix/array 12x40"
"rds","hetero.nc2u","method:extract.bart","extract","ev","test","","accepted","matrix/array 12x12"
"rds","hetero.nc2u","method:extract.bart","extract","ev","zzz-bad-sample","","refused","sample must be in 'train', 'test'"
"rds","hetero.nc2u","method:extract.bart","extract","ppd","train","","accepted","matrix/array 12x40"
"rds","hetero.nc2u","method:extract.bart","extract","ppd","test","","accepted","matrix/array 12x12"
"rds","hetero.nc2u","method:extract.bart","extract","ppd","zzz-bad-sample","","refused","sample must be in 'train', 'test'"
"rds","hetero.nc2u","method:extract.bart","extract","bart","train","","accepted","matrix/array 12x40"
"rds","hetero.nc2u","method:extract.bart","extract","bart","test","","accepted","matrix/array 12x12"
"rds","hetero.nc2u","method:extract.bart","extract","bart","zzz-bad-sample","","refused","sample must be in 'train', 'test'"
"rds","hetero.nc2u","method:extract.bart","extract","loglik","train","","accepted","matrix/array 12x40"
"rds","hetero.nc2u","method:extract.bart","extract","loglik","test","","refused","cannot extract a test sample log-likelihood; no test response exists"
"rds","hetero.nc2u","method:extract.bart","extract","loglik","zzz-bad-sample","","refused","sample must be in 'train', 'test'"
"rds","hetero.nc2u","method:extract.bart","extract","trees","train","","error-without-reason","missing value where TRUE/FALSE needed"
"rds","hetero.nc2u","method:extract.bart","extract","trees","test","","error-without-reason","missing value where TRUE/FALSE needed"
"rds","hetero.nc2u","method:extract.bart","extract","trees","zzz-bad-sample","","error-without-reason","missing value where TRUE/FALSE needed"
"rds","hetero.nc2u","method:extract.bart","extract","forest","train","","refused","type = ""forest"" is only available on a fit with per-forest reporting (an amplitude-coupled multi-forest fit); this fit has none"
"rds","hetero.nc2u","method:extract.bart","extract","forest","test","","refused","type = ""forest"" is only available on a fit with per-forest reporting (an amplitude-coupled multi-forest fit); this fit has none"
"rds","hetero.nc2u","method:extract.bart","extract","forest","zzz-bad-sample","","refused","sample must be in 'train', 'test'"
"rds","hetero.nc2u","method:extract.bart","extract","zzz-bad-type","train","","refused","type must be in 'ev', 'ppd', 'bart', 'loglik', 'trees', 'forest'"
"rds","hetero.nc2u","method:extract.bart","extract","zzz-bad-type","test","","refused","type must be in 'ev', 'ppd', 'bart', 'loglik', 'trees', 'forest'"
"rds","hetero.nc2u","method:extract.bart","extract","zzz-bad-type","zzz-bad-sample","","refused","type must be in 'ev', 'ppd', 'bart', 'loglik', 'trees', 'forest'"
"rds","hetero.nc2u","method:fitted.bart","fitted","ev","train","","accepted","numeric len40"
"rds","hetero.nc2u","method:fitted.bart","fitted","ev","test","","accepted","numeric len12"
"rds","hetero.nc2u","method:fitted.bart","fitted","ev","zzz-bad-sample","","refused","sample must be in 'train', 'test'"
"rds","hetero.nc2u","method:fitted.bart","fitted","ppd","train","","accepted","numeric len40"
"rds","hetero.nc2u","method:fitted.bart","fitted","ppd","test","","accepted","numeric len12"
"rds","hetero.nc2u","method:fitted.bart","fitted","ppd","zzz-bad-sample","","refused","sample must be in 'train', 'test'"
"rds","hetero.nc2u","method:fitted.bart","fitted","bart","train","","accepted","numeric len40"
"rds","hetero.nc2u","method:fitted.bart","fitted","bart","test","","accepted","numeric len12"
"rds","hetero.nc2u","method:fitted.bart","fitted","bart","zzz-bad-sample","","refused","sample must be in 'train', 'test'"
"rds","hetero.nc2u","method:fitted.bart","fitted","zzz-bad-type","train","","refused","type must be in 'ev', 'ppd', 'bart'"
"rds","hetero.nc2u","method:fitted.bart","fitted","zzz-bad-type","test","","refused","type must be in 'ev', 'ppd', 'bart'"
"rds","hetero.nc2u","method:fitted.bart","fitted","zzz-bad-type","zzz-bad-sample","","refused","type must be in 'ev', 'ppd', 'bart'"
"rds","hetero.nc2u","method:residuals.bart","residuals","ev","","","accepted","numeric len40"
"rds","hetero.nc2u","method:residuals.bart","residuals","zzz-bad-type","","","refused","type must be in 'ev', 'ppd', 'bart'"
"rds","hetero.nc2u","method:summary.bart","summary","","","","accepted","summary.bart len3"
"rds","hetero.nc2u","method:print.bart","print","","","","accepted","bart len15"
"rds","hetero.nc2u","method:plot.bart","plot","","","","accepted","NULL"
"rds","hetero.nc2u","method:plotTree.bart","plotTree","","","","refused","chainNum required if more than one chain in sampler"
"rds","hetero.nc2u","method:survivalProbabilities.bart","survivalProbabilities","","","","refused","survivalProbabilities requires an aft (survival) fit"
"rds","hetero.nc2u","method:as_draws_array.bart","as_draws_array","","","","accepted","draws_array/draws/array 6x2x1 dn=[{1,2,3,...},{1,2},{mean.s}]"
"rds","hetero.nc2u","method:as_draws_df.bart","as_draws_df","","","","accepted","draws_df/draws/tbl_df/tbl/data.frame 12x4 dn=[{1,2,3,...},{mean.s,.chain,.iteration,...}]"
"rds","student.base","reload","","","","","reloaded","class=bart"
"rds","student.base","fields","documented-present","","","","info","call;yhat.train;yhat.test;yhat.train.mean;yhat.test.mean;sigma;first.sigma;varcount;sigest;resid.dist;y;fit;family"
"rds","student.base","fields","documented-absent","","","","info","n.chains"
"rds","student.base","fields","all-names","","","","info","call;family;resid.dist;first.sigma;sigma;sigest;yhat.train;yhat.train.mean;yhat.test;yhat.test.mean;s.train;s.test;varcount;y;resid.df;fit"
"rds","student.base","method:predict.bart","predict","ev","","","refused","samplers cannot be re-created without a stored state; call storeState() before serializing (see the Saving section of ?`dbartsSampler-class`)"
"rds","student.base","method:predict.bart","predict","ppd","","","refused","samplers cannot be re-created without a stored state; call storeState() before serializing (see the Saving section of ?`dbartsSampler-class`)"
"rds","student.base","method:predict.bart","predict","bart","","","refused","samplers cannot be re-created without a stored state; call storeState() before serializing (see the Saving section of ?`dbartsSampler-class`)"
"rds","student.base","method:predict.bart","predict","forest","","","refused","type = ""forest"" is only available on a fit with per-forest reporting (an amplitude-coupled multi-forest fit); this fit has none"
"rds","student.base","method:predict.bart","predict","zzz-bad-type","","","refused","type must be in 'ev', 'ppd', 'bart', 'forest'"
"rds","student.base","method:extract.bart","extract","ev","train","","accepted","matrix/array 6x40"
"rds","student.base","method:extract.bart","extract","ev","test","","accepted","matrix/array 6x12"
"rds","student.base","method:extract.bart","extract","ev","zzz-bad-sample","","refused","sample must be in 'train', 'test'"
"rds","student.base","method:extract.bart","extract","ppd","train","","refused","posterior predictive sampling does not support student residuals"
"rds","student.base","method:extract.bart","extract","ppd","test","","refused","posterior predictive sampling does not support student residuals"
"rds","student.base","method:extract.bart","extract","ppd","zzz-bad-sample","","refused","sample must be in 'train', 'test'"
"rds","student.base","method:extract.bart","extract","bart","train","","accepted","matrix/array 6x40"
"rds","student.base","method:extract.bart","extract","bart","test","","accepted","matrix/array 6x12"
"rds","student.base","method:extract.bart","extract","bart","zzz-bad-sample","","refused","sample must be in 'train', 'test'"
"rds","student.base","method:extract.bart","extract","loglik","train","","accepted","matrix/array 6x40"
"rds","student.base","method:extract.bart","extract","loglik","test","","refused","cannot extract a test sample log-likelihood; no test response exists"
"rds","student.base","method:extract.bart","extract","loglik","zzz-bad-sample","","refused","sample must be in 'train', 'test'"
"rds","student.base","method:extract.bart","extract","trees","train","","error-without-reason","missing value where TRUE/FALSE needed"
"rds","student.base","method:extract.bart","extract","trees","test","","error-without-reason","missing value where TRUE/FALSE needed"
"rds","student.base","method:extract.bart","extract","trees","zzz-bad-sample","","error-without-reason","missing value where TRUE/FALSE needed"
"rds","student.base","method:extract.bart","extract","forest","train","","refused","type = ""forest"" is only available on a fit with per-forest reporting (an amplitude-coupled multi-forest fit); this fit has none"
"rds","student.base","method:extract.bart","extract","forest","test","","refused","type = ""forest"" is only available on a fit with per-forest reporting (an amplitude-coupled multi-forest fit); this fit has none"
"rds","student.base","method:extract.bart","extract","forest","zzz-bad-sample","","refused","sample must be in 'train', 'test'"
"rds","student.base","method:extract.bart","extract","zzz-bad-type","train","","refused","type must be in 'ev', 'ppd', 'bart', 'loglik', 'trees', 'forest'"
"rds","student.base","method:extract.bart","extract","zzz-bad-type","test","","refused","type must be in 'ev', 'ppd', 'bart', 'loglik', 'trees', 'forest'"
"rds","student.base","method:extract.bart","extract","zzz-bad-type","zzz-bad-sample","","refused","type must be in 'ev', 'ppd', 'bart', 'loglik', 'trees', 'forest'"
"rds","student.base","method:fitted.bart","fitted","ev","train","","accepted","numeric len40"
"rds","student.base","method:fitted.bart","fitted","ev","test","","accepted","numeric len12"
"rds","student.base","method:fitted.bart","fitted","ev","zzz-bad-sample","","refused","sample must be in 'train', 'test'"
"rds","student.base","method:fitted.bart","fitted","ppd","train","","refused","posterior predictive sampling does not support student residuals"
"rds","student.base","method:fitted.bart","fitted","ppd","test","","refused","posterior predictive sampling does not support student residuals"
"rds","student.base","method:fitted.bart","fitted","ppd","zzz-bad-sample","","refused","sample must be in 'train', 'test'"
"rds","student.base","method:fitted.bart","fitted","bart","train","","accepted","numeric len40"
"rds","student.base","method:fitted.bart","fitted","bart","test","","accepted","numeric len12"
"rds","student.base","method:fitted.bart","fitted","bart","zzz-bad-sample","","refused","sample must be in 'train', 'test'"
"rds","student.base","method:fitted.bart","fitted","zzz-bad-type","train","","refused","type must be in 'ev', 'ppd', 'bart'"
"rds","student.base","method:fitted.bart","fitted","zzz-bad-type","test","","refused","type must be in 'ev', 'ppd', 'bart'"
"rds","student.base","method:fitted.bart","fitted","zzz-bad-type","zzz-bad-sample","","refused","type must be in 'ev', 'ppd', 'bart'"
"rds","student.base","method:residuals.bart","residuals","ev","","","accepted","numeric len40"
"rds","student.base","method:residuals.bart","residuals","zzz-bad-type","","","refused","type must be in 'ev', 'ppd', 'bart'"
"rds","student.base","method:summary.bart","summary","","","","accepted","summary.bart len3"
"rds","student.base","method:print.bart","print","","","","accepted","bart len16"
"rds","student.base","method:plot.bart","plot","","","","accepted","NULL"
"rds","student.base","method:plotTree.bart","plotTree","","","","refused","samplers cannot be re-created without a stored state; call storeState() before serializing (see the Saving section of ?`dbartsSampler-class`)"
"rds","student.base","method:survivalProbabilities.bart","survivalProbabilities","","","","refused","survivalProbabilities requires an aft (survival) fit"
"rds","student.base","method:as_draws_array.bart","as_draws_array","","","","accepted","draws_array/draws/array 6x1x1 dn=[{1,2,3,...},{1},{sigma}]"
"rds","student.base","method:as_draws_df.bart","as_draws_df","","","","accepted","draws_df/draws/tbl_df/tbl/data.frame 6x4 dn=[{1,2,3,...},{sigma,.chain,.iteration,...}]"
"rds","amplitude.base","reload","","","","","reloaded","class=bart"
"rds","amplitude.base","fields","documented-present","","","","info","call;yhat.train;yhat.train.mean;sigma;first.sigma;varcount;sigest;resid.dist;y;fit;family"
"rds","amplitude.base","fields","documented-absent","","","","info","yhat.test;yhat.test.mean;n.chains"
"rds","amplitude.base","fields","all-names","","","","info","call;family;resid.dist;first.sigma;sigma;sigest;yhat.train;yhat.train.mean;yhat.test;yhat.test.mean;s.train;s.test;varcount;y;n.forests;forestFits;glue;bases;basis.terms;fit"
"rds","amplitude.base","method:predict.bart","predict","ev","","","refused","samplers cannot be re-created without a stored state; call storeState() before serializing (see the Saving section of ?`dbartsSampler-class`)"
"rds","amplitude.base","method:predict.bart","predict","ppd","","","refused","samplers cannot be re-created without a stored state; call storeState() before serializing (see the Saving section of ?`dbartsSampler-class`)"
"rds","amplitude.base","method:predict.bart","predict","bart","","","refused","samplers cannot be re-created without a stored state; call storeState() before serializing (see the Saving section of ?`dbartsSampler-class`)"
"rds","amplitude.base","method:predict.bart","predict","forest","","","refused","samplers cannot be re-created without a stored state; call storeState() before serializing (see the Saving section of ?`dbartsSampler-class`)"
"rds","amplitude.base","method:predict.bart","predict","zzz-bad-type","","","refused","type must be in 'ev', 'ppd', 'bart', 'forest'"
"rds","amplitude.base","method:extract.bart","extract","ev","train","","accepted","matrix/array 6x40"
"rds","amplitude.base","method:extract.bart","extract","ev","test","","refused","cannot extract test sample predictions if no test data exists; use 'predict' instead"
"rds","amplitude.base","method:extract.bart","extract","ev","zzz-bad-sample","","refused","sample must be in 'train', 'test'"
"rds","amplitude.base","method:extract.bart","extract","ppd","train","","accepted","matrix/array 6x40"
"rds","amplitude.base","method:extract.bart","extract","ppd","test","","refused","cannot extract test sample predictions if no test data exists; use 'predict' instead"
"rds","amplitude.base","method:extract.bart","extract","ppd","zzz-bad-sample","","refused","sample must be in 'train', 'test'"
"rds","amplitude.base","method:extract.bart","extract","bart","train","","accepted","matrix/array 6x40"
"rds","amplitude.base","method:extract.bart","extract","bart","test","","refused","cannot extract test sample predictions if no test data exists; use 'predict' instead"
"rds","amplitude.base","method:extract.bart","extract","bart","zzz-bad-sample","","refused","sample must be in 'train', 'test'"
"rds","amplitude.base","method:extract.bart","extract","loglik","train","","accepted","matrix/array 6x40"
"rds","amplitude.base","method:extract.bart","extract","loglik","test","","refused","cannot extract a test sample log-likelihood; no test response exists"
"rds","amplitude.base","method:extract.bart","extract","loglik","zzz-bad-sample","","refused","sample must be in 'train', 'test'"
"rds","amplitude.base","method:extract.bart","extract","trees","train","","error-without-reason","missing value where TRUE/FALSE needed"
"rds","amplitude.base","method:extract.bart","extract","trees","test","","error-without-reason","missing value where TRUE/FALSE needed"
"rds","amplitude.base","method:extract.bart","extract","trees","zzz-bad-sample","","error-without-reason","missing value where TRUE/FALSE needed"
"rds","amplitude.base","method:extract.bart","extract","forest","train","","accepted","array 6x40x2 dn=[NULL,NULL,{forest1,forest2}]"
"rds","amplitude.base","method:extract.bart","extract","forest","test","","refused","type = ""forest"" does not support sample = ""test"": no test-sample per-forest channel is stored, since an amplitude-coupled fit takes no test predictors; predict(type = ""forest"") replays the forests at new rows instead"
"rds","amplitude.base","method:extract.bart","extract","forest","zzz-bad-sample","","refused","sample must be in 'train', 'test'"
"rds","amplitude.base","method:extract.bart","extract","zzz-bad-type","train","","refused","type must be in 'ev', 'ppd', 'bart', 'loglik', 'trees', 'forest'"
"rds","amplitude.base","method:extract.bart","extract","zzz-bad-type","test","","refused","type must be in 'ev', 'ppd', 'bart', 'loglik', 'trees', 'forest'"
"rds","amplitude.base","method:extract.bart","extract","zzz-bad-type","zzz-bad-sample","","refused","type must be in 'ev', 'ppd', 'bart', 'loglik', 'trees', 'forest'"
"rds","amplitude.base","method:fitted.bart","fitted","ev","train","","accepted","numeric len40"
"rds","amplitude.base","method:fitted.bart","fitted","ev","test","","refused","cannot extract test sample predictions if no test data exists; use 'predict' instead"
"rds","amplitude.base","method:fitted.bart","fitted","ev","zzz-bad-sample","","refused","sample must be in 'train', 'test'"
"rds","amplitude.base","method:fitted.bart","fitted","ppd","train","","accepted","numeric len40"
"rds","amplitude.base","method:fitted.bart","fitted","ppd","test","","refused","cannot extract test sample predictions if no test data exists; use 'predict' instead"
"rds","amplitude.base","method:fitted.bart","fitted","ppd","zzz-bad-sample","","refused","sample must be in 'train', 'test'"
"rds","amplitude.base","method:fitted.bart","fitted","bart","train","","accepted","numeric len40"
"rds","amplitude.base","method:fitted.bart","fitted","bart","test","","refused","cannot extract test sample predictions if no test data exists; use 'predict' instead"
"rds","amplitude.base","method:fitted.bart","fitted","bart","zzz-bad-sample","","refused","sample must be in 'train', 'test'"
"rds","amplitude.base","method:fitted.bart","fitted","zzz-bad-type","train","","refused","type must be in 'ev', 'ppd', 'bart'"
"rds","amplitude.base","method:fitted.bart","fitted","zzz-bad-type","test","","refused","type must be in 'ev', 'ppd', 'bart'"
"rds","amplitude.base","method:fitted.bart","fitted","zzz-bad-type","zzz-bad-sample","","refused","type must be in 'ev', 'ppd', 'bart'"
"rds","amplitude.base","method:residuals.bart","residuals","ev","","","accepted","numeric len40"
"rds","amplitude.base","method:residuals.bart","residuals","zzz-bad-type","","","refused","type must be in 'ev', 'ppd', 'bart'"
"rds","amplitude.base","method:summary.bart","summary","","","","accepted","summary.bart len3"
"rds","amplitude.base","method:print.bart","print","","","","accepted","bart len20"
"rds","amplitude.base","method:plot.bart","plot","","","","accepted","NULL"
"rds","amplitude.base","method:plotTree.bart","plotTree","","","","refused","samplers cannot be re-created without a stored state; call storeState() before serializing (see the Saving section of ?`dbartsSampler-class`)"
"rds","amplitude.base","method:survivalProbabilities.bart","survivalProbabilities","","","","refused","survivalProbabilities requires an aft (survival) fit"
"rds","amplitude.base","method:as_draws_array.bart","as_draws_array","","","","accepted","draws_array/draws/array 6x1x1 dn=[{1,2,3,...},{1},{sigma}]"
"rds","amplitude.base","method:as_draws_df.bart","as_draws_df","","","","accepted","draws_df/draws/tbl_df/tbl/data.frame 6x4 dn=[{1,2,3,...},{sigma,.chain,.iteration,...}]"
"rds","amplitude.kT0","reload","","","","","reloaded","class=bart"
"rds","amplitude.kT0","fields","documented-present","","","","info","call;yhat.train;yhat.train.mean;sigma;first.sigma;varcount;sigest;resid.dist;y;n.chains;family"
"rds","amplitude.kT0","fields","documented-absent","","","","info","yhat.test;yhat.test.mean;fit"
"rds","amplitude.kT0","fields","all-names","","","","info","call;family;resid.dist;first.sigma;sigma;sigest;yhat.train;yhat.train.mean;yhat.test;yhat.test.mean;s.train;s.test;varcount;y;n.forests;forestFits;glue;bases;basis.terms;n.chains"
"rds","amplitude.kT0","method:predict.bart","predict","ev","","","refused","predict requires bart2 to be called with 'keepTrees' == TRUE"
"rds","amplitude.kT0","method:predict.bart","predict","ppd","","","refused","predict requires bart2 to be called with 'keepTrees' == TRUE"
"rds","amplitude.kT0","method:predict.bart","predict","bart","","","refused","predict requires bart2 to be called with 'keepTrees' == TRUE"
"rds","amplitude.kT0","method:predict.bart","predict","forest","","","refused","predict requires bart2 to be called with 'keepTrees' == TRUE"
"rds","amplitude.kT0","method:predict.bart","predict","zzz-bad-type","","","refused","predict requires bart2 to be called with 'keepTrees' == TRUE"
"rds","amplitude.kT0","method:extract.bart","extract","ev","train","","accepted","matrix/array 6x40"
"rds","amplitude.kT0","method:extract.bart","extract","ev","test","","refused","cannot extract test sample predictions if no test data exists; use 'predict' instead"
"rds","amplitude.kT0","method:extract.bart","extract","ev","zzz-bad-sample","","refused","sample must be in 'train', 'test'"
"rds","amplitude.kT0","method:extract.bart","extract","ppd","train","","accepted","matrix/array 6x40"
"rds","amplitude.kT0","method:extract.bart","extract","ppd","test","","refused","cannot extract test sample predictions if no test data exists; use 'predict' instead"
"rds","amplitude.kT0","method:extract.bart","extract","ppd","zzz-bad-sample","","refused","sample must be in 'train', 'test'"
"rds","amplitude.kT0","method:extract.bart","extract","bart","train","","accepted","matrix/array 6x40"
"rds","amplitude.kT0","method:extract.bart","extract","bart","test","","refused","cannot extract test sample predictions if no test data exists; use 'predict' instead"
"rds","amplitude.kT0","method:extract.bart","extract","bart","zzz-bad-sample","","refused","sample must be in 'train', 'test'"
"rds","amplitude.kT0","method:extract.bart","extract","loglik","train","","accepted","matrix/array 6x40"
"rds","amplitude.kT0","method:extract.bart","extract","loglik","test","","refused","cannot extract a test sample log-likelihood; no test response exists"
"rds","amplitude.kT0","method:extract.bart","extract","loglik","zzz-bad-sample","","refused","sample must be in 'train', 'test'"
"rds","amplitude.kT0","method:extract.bart","extract","trees","train","","refused","extracting trees requires bart2 to be called with 'keepTrees' == TRUE"
"rds","amplitude.kT0","method:extract.bart","extract","trees","test","","refused","extracting trees requires bart2 to be called with 'keepTrees' == TRUE"
"rds","amplitude.kT0","method:extract.bart","extract","trees","zzz-bad-sample","","refused","extracting trees requires bart2 to be called with 'keepTrees' == TRUE"
"rds","amplitude.kT0","method:extract.bart","extract","forest","train","","accepted","array 6x40x2 dn=[NULL,NULL,{forest1,forest2}]"
"rds","amplitude.kT0","method:extract.bart","extract","forest","test","","refused","type = ""forest"" does not support sample = ""test"": no test-sample per-forest channel is stored, since an amplitude-coupled fit takes no test predictors; predict(type = ""forest"") replays the forests at new rows instead"
"rds","amplitude.kT0","method:extract.bart","extract","forest","zzz-bad-sample","","refused","sample must be in 'train', 'test'"
"rds","amplitude.kT0","method:extract.bart","extract","zzz-bad-type","train","","refused","type must be in 'ev', 'ppd', 'bart', 'loglik', 'trees', 'forest'"
"rds","amplitude.kT0","method:extract.bart","extract","zzz-bad-type","test","","refused","type must be in 'ev', 'ppd', 'bart', 'loglik', 'trees', 'forest'"
"rds","amplitude.kT0","method:extract.bart","extract","zzz-bad-type","zzz-bad-sample","","refused","type must be in 'ev', 'ppd', 'bart', 'loglik', 'trees', 'forest'"
"rds","amplitude.kT0","method:fitted.bart","fitted","ev","train","","accepted","numeric len40"
"rds","amplitude.kT0","method:fitted.bart","fitted","ev","test","","refused","cannot extract test sample predictions if no test data exists; use 'predict' instead"
"rds","amplitude.kT0","method:fitted.bart","fitted","ev","zzz-bad-sample","","refused","sample must be in 'train', 'test'"
"rds","amplitude.kT0","method:fitted.bart","fitted","ppd","train","","accepted","numeric len40"
"rds","amplitude.kT0","method:fitted.bart","fitted","ppd","test","","refused","cannot extract test sample predictions if no test data exists; use 'predict' instead"
"rds","amplitude.kT0","method:fitted.bart","fitted","ppd","zzz-bad-sample","","refused","sample must be in 'train', 'test'"
"rds","amplitude.kT0","method:fitted.bart","fitted","bart","train","","accepted","numeric len40"
"rds","amplitude.kT0","method:fitted.bart","fitted","bart","test","","refused","cannot extract test sample predictions if no test data exists; use 'predict' instead"
"rds","amplitude.kT0","method:fitted.bart","fitted","bart","zzz-bad-sample","","refused","sample must be in 'train', 'test'"
"rds","amplitude.kT0","method:fitted.bart","fitted","zzz-bad-type","train","","refused","type must be in 'ev', 'ppd', 'bart'"
"rds","amplitude.kT0","method:fitted.bart","fitted","zzz-bad-type","test","","refused","type must be in 'ev', 'ppd', 'bart'"
"rds","amplitude.kT0","method:fitted.bart","fitted","zzz-bad-type","zzz-bad-sample","","refused","type must be in 'ev', 'ppd', 'bart'"
"rds","amplitude.kT0","method:residuals.bart","residuals","ev","","","accepted","numeric len40"
"rds","amplitude.kT0","method:residuals.bart","residuals","zzz-bad-type","","","refused","type must be in 'ev', 'ppd', 'bart'"
"rds","amplitude.kT0","method:summary.bart","summary","","","","accepted","summary.bart len3"
"rds","amplitude.kT0","method:print.bart","print","","","","accepted","bart len20"
"rds","amplitude.kT0","method:plot.bart","plot","","","","accepted","NULL"
"rds","amplitude.kT0","method:plotTree.bart","plotTree","","","","refused","plotTree requires the trees to be kept: fit with keeptrees/keepTrees = TRUE"
"rds","amplitude.kT0","method:survivalProbabilities.bart","survivalProbabilities","","","","refused","survivalProbabilities requires an aft (survival) fit"
"rds","amplitude.kT0","method:as_draws_array.bart","as_draws_array","","","","accepted","draws_array/draws/array 6x1x1 dn=[{1,2,3,...},{1},{sigma}]"
"rds","amplitude.kT0","method:as_draws_df.bart","as_draws_df","","","","accepted","draws_df/draws/tbl_df/tbl/data.frame 6x4 dn=[{1,2,3,...},{sigma,.chain,.iteration,...}]"
"rds","amplitude.nc2u","reload","","","","","reloaded","class=bart"
"rds","amplitude.nc2u","fields","documented-present","","","","info","call;yhat.train;yhat.train.mean;sigma;first.sigma;varcount;sigest;resid.dist;y;fit;family"
"rds","amplitude.nc2u","fields","documented-absent","","","","info","yhat.test;yhat.test.mean;n.chains"
"rds","amplitude.nc2u","fields","all-names","","","","info","call;family;resid.dist;first.sigma;sigma;sigest;yhat.train;yhat.train.mean;yhat.test;yhat.test.mean;s.train;s.test;varcount;y;n.forests;forestFits;glue;bases;basis.terms;fit"
"rds","amplitude.nc2u","method:predict.bart","predict","ev","","","refused","samplers cannot be re-created without a stored state; call storeState() before serializing (see the Saving section of ?`dbartsSampler-class`)"
"rds","amplitude.nc2u","method:predict.bart","predict","ppd","","","refused","samplers cannot be re-created without a stored state; call storeState() before serializing (see the Saving section of ?`dbartsSampler-class`)"
"rds","amplitude.nc2u","method:predict.bart","predict","bart","","","refused","samplers cannot be re-created without a stored state; call storeState() before serializing (see the Saving section of ?`dbartsSampler-class`)"
"rds","amplitude.nc2u","method:predict.bart","predict","forest","","","refused","samplers cannot be re-created without a stored state; call storeState() before serializing (see the Saving section of ?`dbartsSampler-class`)"
"rds","amplitude.nc2u","method:predict.bart","predict","zzz-bad-type","","","refused","type must be in 'ev', 'ppd', 'bart', 'forest'"
"rds","amplitude.nc2u","method:extract.bart","extract","ev","train","","accepted","matrix/array 12x40"
"rds","amplitude.nc2u","method:extract.bart","extract","ev","test","","refused","cannot extract test sample predictions if no test data exists; use 'predict' instead"
"rds","amplitude.nc2u","method:extract.bart","extract","ev","zzz-bad-sample","","refused","sample must be in 'train', 'test'"
"rds","amplitude.nc2u","method:extract.bart","extract","ppd","train","","accepted","matrix/array 12x40"
"rds","amplitude.nc2u","method:extract.bart","extract","ppd","test","","refused","cannot extract test sample predictions if no test data exists; use 'predict' instead"
"rds","amplitude.nc2u","method:extract.bart","extract","ppd","zzz-bad-sample","","refused","sample must be in 'train', 'test'"
"rds","amplitude.nc2u","method:extract.bart","extract","bart","train","","accepted","matrix/array 12x40"
"rds","amplitude.nc2u","method:extract.bart","extract","bart","test","","refused","cannot extract test sample predictions if no test data exists; use 'predict' instead"
"rds","amplitude.nc2u","method:extract.bart","extract","bart","zzz-bad-sample","","refused","sample must be in 'train', 'test'"
"rds","amplitude.nc2u","method:extract.bart","extract","loglik","train","","accepted","matrix/array 12x40"
"rds","amplitude.nc2u","method:extract.bart","extract","loglik","test","","refused","cannot extract a test sample log-likelihood; no test response exists"
"rds","amplitude.nc2u","method:extract.bart","extract","loglik","zzz-bad-sample","","refused","sample must be in 'train', 'test'"
"rds","amplitude.nc2u","method:extract.bart","extract","trees","train","","error-without-reason","missing value where TRUE/FALSE needed"
"rds","amplitude.nc2u","method:extract.bart","extract","trees","test","","error-without-reason","missing value where TRUE/FALSE needed"
"rds","amplitude.nc2u","method:extract.bart","extract","trees","zzz-bad-sample","","error-without-reason","missing value where TRUE/FALSE needed"
"rds","amplitude.nc2u","method:extract.bart","extract","forest","train","","accepted","array 12x40x2 dn=[NULL,NULL,{forest1,forest2}]"
"rds","amplitude.nc2u","method:extract.bart","extract","forest","test","","refused","type = ""forest"" does not support sample = ""test"": no test-sample per-forest channel is stored, since an amplitude-coupled fit takes no test predictors; predict(type = ""forest"") replays the forests at new rows instead"
"rds","amplitude.nc2u","method:extract.bart","extract","forest","zzz-bad-sample","","refused","sample must be in 'train', 'test'"
"rds","amplitude.nc2u","method:extract.bart","extract","zzz-bad-type","train","","refused","type must be in 'ev', 'ppd', 'bart', 'loglik', 'trees', 'forest'"
"rds","amplitude.nc2u","method:extract.bart","extract","zzz-bad-type","test","","refused","type must be in 'ev', 'ppd', 'bart', 'loglik', 'trees', 'forest'"
"rds","amplitude.nc2u","method:extract.bart","extract","zzz-bad-type","zzz-bad-sample","","refused","type must be in 'ev', 'ppd', 'bart', 'loglik', 'trees', 'forest'"
"rds","amplitude.nc2u","method:fitted.bart","fitted","ev","train","","accepted","numeric len40"
"rds","amplitude.nc2u","method:fitted.bart","fitted","ev","test","","refused","cannot extract test sample predictions if no test data exists; use 'predict' instead"
"rds","amplitude.nc2u","method:fitted.bart","fitted","ev","zzz-bad-sample","","refused","sample must be in 'train', 'test'"
"rds","amplitude.nc2u","method:fitted.bart","fitted","ppd","train","","accepted","numeric len40"
"rds","amplitude.nc2u","method:fitted.bart","fitted","ppd","test","","refused","cannot extract test sample predictions if no test data exists; use 'predict' instead"
"rds","amplitude.nc2u","method:fitted.bart","fitted","ppd","zzz-bad-sample","","refused","sample must be in 'train', 'test'"
"rds","amplitude.nc2u","method:fitted.bart","fitted","bart","train","","accepted","numeric len40"
"rds","amplitude.nc2u","method:fitted.bart","fitted","bart","test","","refused","cannot extract test sample predictions if no test data exists; use 'predict' instead"
"rds","amplitude.nc2u","method:fitted.bart","fitted","bart","zzz-bad-sample","","refused","sample must be in 'train', 'test'"
"rds","amplitude.nc2u","method:fitted.bart","fitted","zzz-bad-type","train","","refused","type must be in 'ev', 'ppd', 'bart'"
"rds","amplitude.nc2u","method:fitted.bart","fitted","zzz-bad-type","test","","refused","type must be in 'ev', 'ppd', 'bart'"
"rds","amplitude.nc2u","method:fitted.bart","fitted","zzz-bad-type","zzz-bad-sample","","refused","type must be in 'ev', 'ppd', 'bart'"
"rds","amplitude.nc2u","method:residuals.bart","residuals","ev","","","accepted","numeric len40"
"rds","amplitude.nc2u","method:residuals.bart","residuals","zzz-bad-type","","","refused","type must be in 'ev', 'ppd', 'bart'"
"rds","amplitude.nc2u","method:summary.bart","summary","","","","accepted","summary.bart len3"
"rds","amplitude.nc2u","method:print.bart","print","","","","accepted","bart len20"
"rds","amplitude.nc2u","method:plot.bart","plot","","","","accepted","NULL"
"rds","amplitude.nc2u","method:plotTree.bart","plotTree","","","","refused","chainNum required if more than one chain in sampler"
"rds","amplitude.nc2u","method:survivalProbabilities.bart","survivalProbabilities","","","","refused","survivalProbabilities requires an aft (survival) fit"
"rds","amplitude.nc2u","method:as_draws_array.bart","as_draws_array","","","","accepted","draws_array/draws/array 6x2x1 dn=[{1,2,3,...},{1,2},{sigma}]"
"rds","amplitude.nc2u","method:as_draws_df.bart","as_draws_df","","","","accepted","draws_df/draws/tbl_df/tbl/data.frame 12x4 dn=[{1,2,3,...},{sigma,.chain,.iteration,...}]"
"rds","multinomial.base","reload","","","","","reloaded","class=bartMultinomial"
"rds","multinomial.base","fields","documented-present","","","","info","call;yhat.train;yhat.test;varcount;y;fit;n.chains;family"
"rds","multinomial.base","fields","documented-absent","","","","info","yhat.train.mean;yhat.test.mean;sigma;first.sigma;sigest;resid.dist"
"rds","multinomial.base","fields","all-names","","","","info","call;family;levels;K;n.chains;n.trees;y;yhat.train;varcount;yhat.test;fit"
"rds","multinomial.base","method:predict.bartMultinomial","predict","ev","","","refused","samplers cannot be re-created without a stored state; call storeState() before serializing (see the Saving section of ?`dbartsSampler-class`)"
"rds","multinomial.base","method:predict.bartMultinomial","predict","ppd","","","refused","samplers cannot be re-created without a stored state; call storeState() before serializing (see the Saving section of ?`dbartsSampler-class`)"
"rds","multinomial.base","method:predict.bartMultinomial","predict","bart","","","refused","multinomial fits do not support type = ""bart"": the run records only the identified softmax probabilities; the raw per-category latent fits are non-identified and unrecorded"
"rds","multinomial.base","method:predict.bartMultinomial","predict","forest","","","refused","multinomial fits do not support type = ""forest"": a category's forest is a latent whose level is reproducibly structured yet not identified, so a raw replay reads as signal; the identified content is the log-ratio of the probabilities predict() reports"
"rds","multinomial.base","method:predict.bartMultinomial","predict","zzz-bad-type","","","refused","type must be in 'ev', 'ppd', 'bart', 'forest'"
"rds","multinomial.base","method:extract.bartMultinomial","extract","ev","train","","accepted","array 6x40x3 dn=[NULL,NULL,{a,b,c}]"
"rds","multinomial.base","method:extract.bartMultinomial","extract","ev","test","","accepted","array 6x12x3 dn=[NULL,NULL,{a,b,c}]"
"rds","multinomial.base","method:extract.bartMultinomial","extract","ev","zzz-bad-sample","","error-without-reason","'arg' should be one of “train”, “test”"
"rds","multinomial.base","method:extract.bartMultinomial","extract","ppd","train","","accepted","matrix/array 6x40"
"rds","multinomial.base","method:extract.bartMultinomial","extract","ppd","test","","accepted","matrix/array 6x12"
"rds","multinomial.base","method:extract.bartMultinomial","extract","ppd","zzz-bad-sample","","error-without-reason","'arg' should be one of “train”, “test”"
"rds","multinomial.base","method:extract.bartMultinomial","extract","bart","train","","refused","multinomial fits do not support type = ""bart"": the run records only the identified softmax probabilities; the raw per-category latent fits are non-identified and unrecorded"
"rds","multinomial.base","method:extract.bartMultinomial","extract","bart","test","","refused","multinomial fits do not support type = ""bart"": the run records only the identified softmax probabilities; the raw per-category latent fits are non-identified and unrecorded"
"rds","multinomial.base","method:extract.bartMultinomial","extract","bart","zzz-bad-sample","","error-without-reason","'arg' should be one of “train”, “test”"
"rds","multinomial.base","method:extract.bartMultinomial","extract","forest","train","","refused","multinomial fits do not support type = ""forest"": a category's forest is a latent whose level is reproducibly structured yet not identified, so a raw replay reads as signal; the identified content is the log-ratio of the probabilities predict() reports"
"rds","multinomial.base","method:extract.bartMultinomial","extract","forest","test","","refused","multinomial fits do not support type = ""forest"": a category's forest is a latent whose level is reproducibly structured yet not identified, so a raw replay reads as signal; the identified content is the log-ratio of the probabilities predict() reports"
"rds","multinomial.base","method:extract.bartMultinomial","extract","forest","zzz-bad-sample","","error-without-reason","'arg' should be one of “train”, “test”"
"rds","multinomial.base","method:extract.bartMultinomial","extract","zzz-bad-type","train","","refused","type must be in 'ev', 'ppd', 'bart', 'forest'"
"rds","multinomial.base","method:extract.bartMultinomial","extract","zzz-bad-type","test","","refused","type must be in 'ev', 'ppd', 'bart', 'forest'"
"rds","multinomial.base","method:extract.bartMultinomial","extract","zzz-bad-type","zzz-bad-sample","","refused","type must be in 'ev', 'ppd', 'bart', 'forest'"
"rds","multinomial.base","method:fitted.bartMultinomial","fitted","ev","","","accepted","matrix/array 40x3 dn=[NULL,{a,b,c}]"
"rds","multinomial.base","method:fitted.bartMultinomial","fitted","class","","","accepted","factor len40  attrs=[levels]"
"rds","multinomial.base","method:fitted.bartMultinomial","fitted","bart","","","refused","multinomial fits do not support type = ""bart"": the run records only the identified softmax probabilities; the raw per-category latent fits are non-identified and unrecorded"
"rds","multinomial.base","method:fitted.bartMultinomial","fitted","zzz-bad-type","","","refused","type must be in 'ev', 'class', 'bart'"
"rds","multinomial.base","method:residuals.bartMultinomial","residuals","","","","accepted","matrix/array 40x3 dn=[NULL,{a,b,c}]"
"rds","multinomial.base","method:summary.bartMultinomial","summary","","","","accepted","summary.bart len3"
"rds","multinomial.base","method:print.bartMultinomial","print","","","","accepted","bartMultinomial len11"
"rds","multinomial.base","method:plot.bartMultinomial","plot","","","","accepted","bartMultinomial len11"
"rds","multinomial.base","DEFAULT","plotTree","","","","error-without-reason","no applicable method for 'plotTree' applied to an object of class ""bartMultinomial"""
"rds","multinomial.base","DEFAULT","survivalProbabilities","","","","error-without-reason","no applicable method for 'survivalProbabilities' applied to an object of class ""bartMultinomial"""
"rds","multinomial.base","DEFAULT","as_draws_array","","","","refused","All list elements must be lists themselves."
"rds","multinomial.base","DEFAULT","as_draws_df","","","","refused","All list elements must be lists themselves."
"rds","multinomial.kT0","reload","","","","","reloaded","class=bartMultinomial"
"rds","multinomial.kT0","fields","documented-present","","","","info","call;yhat.train;yhat.test;varcount;y;n.chains;family"
"rds","multinomial.kT0","fields","documented-absent","","","","info","yhat.train.mean;yhat.test.mean;sigma;first.sigma;sigest;resid.dist;fit"
"rds","multinomial.kT0","fields","all-names","","","","info","call;family;levels;K;n.chains;n.trees;y;yhat.train;varcount;yhat.test"
"rds","multinomial.kT0","method:predict.bartMultinomial","predict","ev","","","refused","predict requires bart2(family = ""multinomial"") to be called with 'keepTrees' == TRUE"
"rds","multinomial.kT0","method:predict.bartMultinomial","predict","ppd","","","refused","predict requires bart2(family = ""multinomial"") to be called with 'keepTrees' == TRUE"
"rds","multinomial.kT0","method:predict.bartMultinomial","predict","bart","","","refused","multinomial fits do not support type = ""bart"": the run records only the identified softmax probabilities; the raw per-category latent fits are non-identified and unrecorded"
"rds","multinomial.kT0","method:predict.bartMultinomial","predict","forest","","","refused","multinomial fits do not support type = ""forest"": a category's forest is a latent whose level is reproducibly structured yet not identified, so a raw replay reads as signal; the identified content is the log-ratio of the probabilities predict() reports"
"rds","multinomial.kT0","method:predict.bartMultinomial","predict","zzz-bad-type","","","refused","type must be in 'ev', 'ppd', 'bart', 'forest'"
"rds","multinomial.kT0","method:extract.bartMultinomial","extract","ev","train","","accepted","array 6x40x3 dn=[NULL,NULL,{a,b,c}]"
"rds","multinomial.kT0","method:extract.bartMultinomial","extract","ev","test","","accepted","array 6x12x3 dn=[NULL,NULL,{a,b,c}]"
"rds","multinomial.kT0","method:extract.bartMultinomial","extract","ev","zzz-bad-sample","","error-without-reason","'arg' should be one of “train”, “test”"
"rds","multinomial.kT0","method:extract.bartMultinomial","extract","ppd","train","","accepted","matrix/array 6x40"
"rds","multinomial.kT0","method:extract.bartMultinomial","extract","ppd","test","","accepted","matrix/array 6x12"
"rds","multinomial.kT0","method:extract.bartMultinomial","extract","ppd","zzz-bad-sample","","error-without-reason","'arg' should be one of “train”, “test”"
"rds","multinomial.kT0","method:extract.bartMultinomial","extract","bart","train","","refused","multinomial fits do not support type = ""bart"": the run records only the identified softmax probabilities; the raw per-category latent fits are non-identified and unrecorded"
"rds","multinomial.kT0","method:extract.bartMultinomial","extract","bart","test","","refused","multinomial fits do not support type = ""bart"": the run records only the identified softmax probabilities; the raw per-category latent fits are non-identified and unrecorded"
"rds","multinomial.kT0","method:extract.bartMultinomial","extract","bart","zzz-bad-sample","","error-without-reason","'arg' should be one of “train”, “test”"
"rds","multinomial.kT0","method:extract.bartMultinomial","extract","forest","train","","refused","multinomial fits do not support type = ""forest"": a category's forest is a latent whose level is reproducibly structured yet not identified, so a raw replay reads as signal; the identified content is the log-ratio of the probabilities predict() reports"
"rds","multinomial.kT0","method:extract.bartMultinomial","extract","forest","test","","refused","multinomial fits do not support type = ""forest"": a category's forest is a latent whose level is reproducibly structured yet not identified, so a raw replay reads as signal; the identified content is the log-ratio of the probabilities predict() reports"
"rds","multinomial.kT0","method:extract.bartMultinomial","extract","forest","zzz-bad-sample","","error-without-reason","'arg' should be one of “train”, “test”"
"rds","multinomial.kT0","method:extract.bartMultinomial","extract","zzz-bad-type","train","","refused","type must be in 'ev', 'ppd', 'bart', 'forest'"
"rds","multinomial.kT0","method:extract.bartMultinomial","extract","zzz-bad-type","test","","refused","type must be in 'ev', 'ppd', 'bart', 'forest'"
"rds","multinomial.kT0","method:extract.bartMultinomial","extract","zzz-bad-type","zzz-bad-sample","","refused","type must be in 'ev', 'ppd', 'bart', 'forest'"
"rds","multinomial.kT0","method:fitted.bartMultinomial","fitted","ev","","","accepted","matrix/array 40x3 dn=[NULL,{a,b,c}]"
"rds","multinomial.kT0","method:fitted.bartMultinomial","fitted","class","","","accepted","factor len40  attrs=[levels]"
"rds","multinomial.kT0","method:fitted.bartMultinomial","fitted","bart","","","refused","multinomial fits do not support type = ""bart"": the run records only the identified softmax probabilities; the raw per-category latent fits are non-identified and unrecorded"
"rds","multinomial.kT0","method:fitted.bartMultinomial","fitted","zzz-bad-type","","","refused","type must be in 'ev', 'class', 'bart'"
"rds","multinomial.kT0","method:residuals.bartMultinomial","residuals","","","","accepted","matrix/array 40x3 dn=[NULL,{a,b,c}]"
"rds","multinomial.kT0","method:summary.bartMultinomial","summary","","","","accepted","summary.bart len3"
"rds","multinomial.kT0","method:print.bartMultinomial","print","","","","accepted","bartMultinomial len10"
"rds","multinomial.kT0","method:plot.bartMultinomial","plot","","","","accepted","bartMultinomial len10"
"rds","multinomial.kT0","DEFAULT","plotTree","","","","error-without-reason","no applicable method for 'plotTree' applied to an object of class ""bartMultinomial"""
"rds","multinomial.kT0","DEFAULT","survivalProbabilities","","","","error-without-reason","no applicable method for 'survivalProbabilities' applied to an object of class ""bartMultinomial"""
"rds","multinomial.kT0","DEFAULT","as_draws_array","","","","refused","All list elements must be lists themselves."
"rds","multinomial.kT0","DEFAULT","as_draws_df","","","","refused","All list elements must be lists themselves."
"rds","multinomial.nc2","reload","","","","","reloaded","class=bartMultinomial"
"rds","multinomial.nc2","fields","documented-present","","","","info","call;yhat.train;yhat.test;varcount;y;fit;n.chains;family"
"rds","multinomial.nc2","fields","documented-absent","","","","info","yhat.train.mean;yhat.test.mean;sigma;first.sigma;sigest;resid.dist"
"rds","multinomial.nc2","fields","all-names","","","","info","call;family;levels;K;n.chains;n.trees;y;yhat.train;varcount;yhat.test;fit"
"rds","multinomial.nc2","method:predict.bartMultinomial","predict","ev","","","refused","samplers cannot be re-created without a stored state; call storeState() before serializing (see the Saving section of ?`dbartsSampler-class`)"
"rds","multinomial.nc2","method:predict.bartMultinomial","predict","ppd","","","refused","samplers cannot be re-created without a stored state; call storeState() before serializing (see the Saving section of ?`dbartsSampler-class`)"
"rds","multinomial.nc2","method:predict.bartMultinomial","predict","bart","","","refused","multinomial fits do not support type = ""bart"": the run records only the identified softmax probabilities; the raw per-category latent fits are non-identified and unrecorded"
"rds","multinomial.nc2","method:predict.bartMultinomial","predict","forest","","","refused","multinomial fits do not support type = ""forest"": a category's forest is a latent whose level is reproducibly structured yet not identified, so a raw replay reads as signal; the identified content is the log-ratio of the probabilities predict() reports"
"rds","multinomial.nc2","method:predict.bartMultinomial","predict","zzz-bad-type","","","refused","type must be in 'ev', 'ppd', 'bart', 'forest'"
"rds","multinomial.nc2","method:extract.bartMultinomial","extract","ev","train","","accepted","array 12x40x3 dn=[NULL,NULL,{a,b,c}]"
"rds","multinomial.nc2","method:extract.bartMultinomial","extract","ev","test","","accepted","array 12x12x3 dn=[NULL,NULL,{a,b,c}]"
"rds","multinomial.nc2","method:extract.bartMultinomial","extract","ev","zzz-bad-sample","","error-without-reason","'arg' should be one of “train”, “test”"
"rds","multinomial.nc2","method:extract.bartMultinomial","extract","ppd","train","","accepted","matrix/array 12x40"
"rds","multinomial.nc2","method:extract.bartMultinomial","extract","ppd","test","","accepted","matrix/array 12x12"
"rds","multinomial.nc2","method:extract.bartMultinomial","extract","ppd","zzz-bad-sample","","error-without-reason","'arg' should be one of “train”, “test”"
"rds","multinomial.nc2","method:extract.bartMultinomial","extract","bart","train","","refused","multinomial fits do not support type = ""bart"": the run records only the identified softmax probabilities; the raw per-category latent fits are non-identified and unrecorded"
"rds","multinomial.nc2","method:extract.bartMultinomial","extract","bart","test","","refused","multinomial fits do not support type = ""bart"": the run records only the identified softmax probabilities; the raw per-category latent fits are non-identified and unrecorded"
"rds","multinomial.nc2","method:extract.bartMultinomial","extract","bart","zzz-bad-sample","","error-without-reason","'arg' should be one of “train”, “test”"
"rds","multinomial.nc2","method:extract.bartMultinomial","extract","forest","train","","refused","multinomial fits do not support type = ""forest"": a category's forest is a latent whose level is reproducibly structured yet not identified, so a raw replay reads as signal; the identified content is the log-ratio of the probabilities predict() reports"
"rds","multinomial.nc2","method:extract.bartMultinomial","extract","forest","test","","refused","multinomial fits do not support type = ""forest"": a category's forest is a latent whose level is reproducibly structured yet not identified, so a raw replay reads as signal; the identified content is the log-ratio of the probabilities predict() reports"
"rds","multinomial.nc2","method:extract.bartMultinomial","extract","forest","zzz-bad-sample","","error-without-reason","'arg' should be one of “train”, “test”"
"rds","multinomial.nc2","method:extract.bartMultinomial","extract","zzz-bad-type","train","","refused","type must be in 'ev', 'ppd', 'bart', 'forest'"
"rds","multinomial.nc2","method:extract.bartMultinomial","extract","zzz-bad-type","test","","refused","type must be in 'ev', 'ppd', 'bart', 'forest'"
"rds","multinomial.nc2","method:extract.bartMultinomial","extract","zzz-bad-type","zzz-bad-sample","","refused","type must be in 'ev', 'ppd', 'bart', 'forest'"
"rds","multinomial.nc2","method:fitted.bartMultinomial","fitted","ev","","","accepted","matrix/array 40x3 dn=[NULL,{a,b,c}]"
"rds","multinomial.nc2","method:fitted.bartMultinomial","fitted","class","","","accepted","factor len40  attrs=[levels]"
"rds","multinomial.nc2","method:fitted.bartMultinomial","fitted","bart","","","refused","multinomial fits do not support type = ""bart"": the run records only the identified softmax probabilities; the raw per-category latent fits are non-identified and unrecorded"
"rds","multinomial.nc2","method:fitted.bartMultinomial","fitted","zzz-bad-type","","","refused","type must be in 'ev', 'class', 'bart'"
"rds","multinomial.nc2","method:residuals.bartMultinomial","residuals","","","","accepted","matrix/array 40x3 dn=[NULL,{a,b,c}]"
"rds","multinomial.nc2","method:summary.bartMultinomial","summary","","","","accepted","summary.bart len3"
"rds","multinomial.nc2","method:print.bartMultinomial","print","","","","accepted","bartMultinomial len11"
"rds","multinomial.nc2","method:plot.bartMultinomial","plot","","","","accepted","bartMultinomial len11"
"rds","multinomial.nc2","DEFAULT","plotTree","","","","error-without-reason","no applicable method for 'plotTree' applied to an object of class ""bartMultinomial"""
"rds","multinomial.nc2","DEFAULT","survivalProbabilities","","","","error-without-reason","no applicable method for 'survivalProbabilities' applied to an object of class ""bartMultinomial"""
"rds","multinomial.nc2","DEFAULT","as_draws_array","","","","refused","All list elements must be lists themselves."
"rds","multinomial.nc2","DEFAULT","as_draws_df","","","","refused","All list elements must be lists themselves."
"rds","multinomial.nc2u","reload","","","","","reloaded","class=bartMultinomial"
"rds","multinomial.nc2u","fields","documented-present","","","","info","call;yhat.train;yhat.test;varcount;y;fit;n.chains;family"
"rds","multinomial.nc2u","fields","documented-absent","","","","info","yhat.train.mean;yhat.test.mean;sigma;first.sigma;sigest;resid.dist"
"rds","multinomial.nc2u","fields","all-names","","","","info","call;family;levels;K;n.chains;n.trees;y;yhat.train;varcount;yhat.test;fit"
"rds","multinomial.nc2u","method:predict.bartMultinomial","predict","ev","","","refused","samplers cannot be re-created without a stored state; call storeState() before serializing (see the Saving section of ?`dbartsSampler-class`)"
"rds","multinomial.nc2u","method:predict.bartMultinomial","predict","ppd","","","refused","samplers cannot be re-created without a stored state; call storeState() before serializing (see the Saving section of ?`dbartsSampler-class`)"
"rds","multinomial.nc2u","method:predict.bartMultinomial","predict","bart","","","refused","multinomial fits do not support type = ""bart"": the run records only the identified softmax probabilities; the raw per-category latent fits are non-identified and unrecorded"
"rds","multinomial.nc2u","method:predict.bartMultinomial","predict","forest","","","refused","multinomial fits do not support type = ""forest"": a category's forest is a latent whose level is reproducibly structured yet not identified, so a raw replay reads as signal; the identified content is the log-ratio of the probabilities predict() reports"
"rds","multinomial.nc2u","method:predict.bartMultinomial","predict","zzz-bad-type","","","refused","type must be in 'ev', 'ppd', 'bart', 'forest'"
"rds","multinomial.nc2u","method:extract.bartMultinomial","extract","ev","train","","accepted","array 2x6x40x3 dn=[NULL,NULL,NULL,{a,b,c}]"
"rds","multinomial.nc2u","method:extract.bartMultinomial","extract","ev","test","","accepted","array 2x6x12x3 dn=[NULL,NULL,NULL,{a,b,c}]"
"rds","multinomial.nc2u","method:extract.bartMultinomial","extract","ev","zzz-bad-sample","","error-without-reason","'arg' should be one of “train”, “test”"
"rds","multinomial.nc2u","method:extract.bartMultinomial","extract","ppd","train","","accepted","array 2x6x40"
"rds","multinomial.nc2u","method:extract.bartMultinomial","extract","ppd","test","","accepted","array 2x6x12"
"rds","multinomial.nc2u","method:extract.bartMultinomial","extract","ppd","zzz-bad-sample","","error-without-reason","'arg' should be one of “train”, “test”"
"rds","multinomial.nc2u","method:extract.bartMultinomial","extract","bart","train","","refused","multinomial fits do not support type = ""bart"": the run records only the identified softmax probabilities; the raw per-category latent fits are non-identified and unrecorded"
"rds","multinomial.nc2u","method:extract.bartMultinomial","extract","bart","test","","refused","multinomial fits do not support type = ""bart"": the run records only the identified softmax probabilities; the raw per-category latent fits are non-identified and unrecorded"
"rds","multinomial.nc2u","method:extract.bartMultinomial","extract","bart","zzz-bad-sample","","error-without-reason","'arg' should be one of “train”, “test”"
"rds","multinomial.nc2u","method:extract.bartMultinomial","extract","forest","train","","refused","multinomial fits do not support type = ""forest"": a category's forest is a latent whose level is reproducibly structured yet not identified, so a raw replay reads as signal; the identified content is the log-ratio of the probabilities predict() reports"
"rds","multinomial.nc2u","method:extract.bartMultinomial","extract","forest","test","","refused","multinomial fits do not support type = ""forest"": a category's forest is a latent whose level is reproducibly structured yet not identified, so a raw replay reads as signal; the identified content is the log-ratio of the probabilities predict() reports"
"rds","multinomial.nc2u","method:extract.bartMultinomial","extract","forest","zzz-bad-sample","","error-without-reason","'arg' should be one of “train”, “test”"
"rds","multinomial.nc2u","method:extract.bartMultinomial","extract","zzz-bad-type","train","","refused","type must be in 'ev', 'ppd', 'bart', 'forest'"
"rds","multinomial.nc2u","method:extract.bartMultinomial","extract","zzz-bad-type","test","","refused","type must be in 'ev', 'ppd', 'bart', 'forest'"
"rds","multinomial.nc2u","method:extract.bartMultinomial","extract","zzz-bad-type","zzz-bad-sample","","refused","type must be in 'ev', 'ppd', 'bart', 'forest'"
"rds","multinomial.nc2u","method:fitted.bartMultinomial","fitted","ev","","","accepted","matrix/array 40x3 dn=[NULL,{a,b,c}]"
"rds","multinomial.nc2u","method:fitted.bartMultinomial","fitted","class","","","accepted","factor len40  attrs=[levels]"
"rds","multinomial.nc2u","method:fitted.bartMultinomial","fitted","bart","","","refused","multinomial fits do not support type = ""bart"": the run records only the identified softmax probabilities; the raw per-category latent fits are non-identified and unrecorded"
"rds","multinomial.nc2u","method:fitted.bartMultinomial","fitted","zzz-bad-type","","","refused","type must be in 'ev', 'class', 'bart'"
"rds","multinomial.nc2u","method:residuals.bartMultinomial","residuals","","","","accepted","matrix/array 40x3 dn=[NULL,{a,b,c}]"
"rds","multinomial.nc2u","method:summary.bartMultinomial","summary","","","","accepted","summary.bart len3"
"rds","multinomial.nc2u","method:print.bartMultinomial","print","","","","accepted","bartMultinomial len11"
"rds","multinomial.nc2u","method:plot.bartMultinomial","plot","","","","accepted","bartMultinomial len11"
"rds","multinomial.nc2u","DEFAULT","plotTree","","","","error-without-reason","no applicable method for 'plotTree' applied to an object of class ""bartMultinomial"""
"rds","multinomial.nc2u","DEFAULT","survivalProbabilities","","","","error-without-reason","no applicable method for 'survivalProbabilities' applied to an object of class ""bartMultinomial"""
"rds","multinomial.nc2u","DEFAULT","as_draws_array","","","","refused","All list elements must be lists themselves."
"rds","multinomial.nc2u","DEFAULT","as_draws_df","","","","refused","All list elements must be lists themselves."
"rds","ordinal.base","reload","","","","","reloaded","class=bartOrdinal"
"rds","ordinal.base","fields","documented-present","","","","info","call;yhat.train;yhat.test;varcount;y;fit;n.chains;family"
"rds","ordinal.base","fields","documented-absent","","","","info","yhat.train.mean;yhat.test.mean;sigma;first.sigma;sigest;resid.dist"
"rds","ordinal.base","fields","all-names","","","","info","call;family;levels;K;n.chains;n.trees;y;cutpoints;yhat.train;latent.train;varcount;yhat.test;latent.test;cutpoints.raw;fit"
"rds","ordinal.base","method:predict.bartOrdinal","predict","ev","","","refused","samplers cannot be re-created without a stored state; call storeState() before serializing (see the Saving section of ?`dbartsSampler-class`)"
"rds","ordinal.base","method:predict.bartOrdinal","predict","ppd","","","refused","samplers cannot be re-created without a stored state; call storeState() before serializing (see the Saving section of ?`dbartsSampler-class`)"
"rds","ordinal.base","method:predict.bartOrdinal","predict","bart","","","refused","samplers cannot be re-created without a stored state; call storeState() before serializing (see the Saving section of ?`dbartsSampler-class`)"
"rds","ordinal.base","method:predict.bartOrdinal","predict","zzz-bad-type","","","refused","type must be in 'ev', 'ppd', 'bart'"
"rds","ordinal.base","method:extract.bartOrdinal","extract","ev","train","","accepted","array 6x40x3 dn=[NULL,NULL,{lo,mid,hi}]"
"rds","ordinal.base","method:extract.bartOrdinal","extract","ev","test","","accepted","array 6x12x3 dn=[NULL,NULL,{lo,mid,hi}]"
"rds","ordinal.base","method:extract.bartOrdinal","extract","ev","zzz-bad-sample","","error-without-reason","'arg' should be one of “train”, “test”"
"rds","ordinal.base","method:extract.bartOrdinal","extract","ppd","train","","accepted","matrix/array 6x40"
"rds","ordinal.base","method:extract.bartOrdinal","extract","ppd","test","","accepted","matrix/array 6x12"
"rds","ordinal.base","method:extract.bartOrdinal","extract","ppd","zzz-bad-sample","","error-without-reason","'arg' should be one of “train”, “test”"
"rds","ordinal.base","method:extract.bartOrdinal","extract","bart","train","","accepted","matrix/array 6x40"
"rds","ordinal.base","method:extract.bartOrdinal","extract","bart","test","","accepted","matrix/array 6x12"
"rds","ordinal.base","method:extract.bartOrdinal","extract","bart","zzz-bad-sample","","error-without-reason","'arg' should be one of “train”, “test”"
"rds","ordinal.base","method:extract.bartOrdinal","extract","zzz-bad-type","train","","refused","type must be in 'ev', 'ppd', 'bart'"
"rds","ordinal.base","method:extract.bartOrdinal","extract","zzz-bad-type","test","","refused","type must be in 'ev', 'ppd', 'bart'"
"rds","ordinal.base","method:extract.bartOrdinal","extract","zzz-bad-type","zzz-bad-sample","","refused","type must be in 'ev', 'ppd', 'bart'"
"rds","ordinal.base","method:fitted.bartOrdinal","fitted","ev","","","accepted","matrix/array 40x3 dn=[NULL,{lo,mid,hi}]"
"rds","ordinal.base","method:fitted.bartOrdinal","fitted","class","","","accepted","ordered/factor len40  attrs=[levels]"
"rds","ordinal.base","method:fitted.bartOrdinal","fitted","bart","","","accepted","numeric len40"
"rds","ordinal.base","method:fitted.bartOrdinal","fitted","zzz-bad-type","","","refused","type must be in 'ev', 'class', 'bart'"
"rds","ordinal.base","method:residuals.bartOrdinal","residuals","","","","accepted","matrix/array 40x3 dn=[NULL,{lo,mid,hi}]"
"rds","ordinal.base","method:summary.bartOrdinal","summary","","","","accepted","summary.bart len3"
"rds","ordinal.base","method:print.bartOrdinal","print","","","","accepted","bartOrdinal len15"
"rds","ordinal.base","DEFAULT","plot","","","","refused","'x' is a list, but does not have components 'x' and 'y'"
"rds","ordinal.base","DEFAULT","plotTree","","","","error-without-reason","no applicable method for 'plotTree' applied to an object of class ""bartOrdinal"""
"rds","ordinal.base","DEFAULT","survivalProbabilities","","","","error-without-reason","no applicable method for 'survivalProbabilities' applied to an object of class ""bartOrdinal"""
"rds","ordinal.base","DEFAULT","as_draws_array","","","","refused","All list elements must be lists themselves."
"rds","ordinal.base","DEFAULT","as_draws_df","","","","refused","All list elements must be lists themselves."
"rds","ordinal.kT0","reload","","","","","reloaded","class=bartOrdinal"
"rds","ordinal.kT0","fields","documented-present","","","","info","call;yhat.train;yhat.test;varcount;y;n.chains;family"
"rds","ordinal.kT0","fields","documented-absent","","","","info","yhat.train.mean;yhat.test.mean;sigma;first.sigma;sigest;resid.dist;fit"
"rds","ordinal.kT0","fields","all-names","","","","info","call;family;levels;K;n.chains;n.trees;y;cutpoints;yhat.train;latent.train;varcount;yhat.test;latent.test"
"rds","ordinal.kT0","method:predict.bartOrdinal","predict","ev","","","refused","predict requires bart2(family = ""ordinal"") to be called with 'keepTrees' == TRUE"
"rds","ordinal.kT0","method:predict.bartOrdinal","predict","ppd","","","refused","predict requires bart2(family = ""ordinal"") to be called with 'keepTrees' == TRUE"
"rds","ordinal.kT0","method:predict.bartOrdinal","predict","bart","","","refused","predict requires bart2(family = ""ordinal"") to be called with 'keepTrees' == TRUE"
"rds","ordinal.kT0","method:predict.bartOrdinal","predict","zzz-bad-type","","","refused","type must be in 'ev', 'ppd', 'bart'"
"rds","ordinal.kT0","method:extract.bartOrdinal","extract","ev","train","","accepted","array 6x40x3 dn=[NULL,NULL,{lo,mid,hi}]"
"rds","ordinal.kT0","method:extract.bartOrdinal","extract","ev","test","","accepted","array 6x12x3 dn=[NULL,NULL,{lo,mid,hi}]"
"rds","ordinal.kT0","method:extract.bartOrdinal","extract","ev","zzz-bad-sample","","error-without-reason","'arg' should be one of “train”, “test”"
"rds","ordinal.kT0","method:extract.bartOrdinal","extract","ppd","train","","accepted","matrix/array 6x40"
"rds","ordinal.kT0","method:extract.bartOrdinal","extract","ppd","test","","accepted","matrix/array 6x12"
"rds","ordinal.kT0","method:extract.bartOrdinal","extract","ppd","zzz-bad-sample","","error-without-reason","'arg' should be one of “train”, “test”"
"rds","ordinal.kT0","method:extract.bartOrdinal","extract","bart","train","","accepted","matrix/array 6x40"
"rds","ordinal.kT0","method:extract.bartOrdinal","extract","bart","test","","accepted","matrix/array 6x12"
"rds","ordinal.kT0","method:extract.bartOrdinal","extract","bart","zzz-bad-sample","","error-without-reason","'arg' should be one of “train”, “test”"
"rds","ordinal.kT0","method:extract.bartOrdinal","extract","zzz-bad-type","train","","refused","type must be in 'ev', 'ppd', 'bart'"
"rds","ordinal.kT0","method:extract.bartOrdinal","extract","zzz-bad-type","test","","refused","type must be in 'ev', 'ppd', 'bart'"
"rds","ordinal.kT0","method:extract.bartOrdinal","extract","zzz-bad-type","zzz-bad-sample","","refused","type must be in 'ev', 'ppd', 'bart'"
"rds","ordinal.kT0","method:fitted.bartOrdinal","fitted","ev","","","accepted","matrix/array 40x3 dn=[NULL,{lo,mid,hi}]"
"rds","ordinal.kT0","method:fitted.bartOrdinal","fitted","class","","","accepted","ordered/factor len40  attrs=[levels]"
"rds","ordinal.kT0","method:fitted.bartOrdinal","fitted","bart","","","accepted","numeric len40"
"rds","ordinal.kT0","method:fitted.bartOrdinal","fitted","zzz-bad-type","","","refused","type must be in 'ev', 'class', 'bart'"
"rds","ordinal.kT0","method:residuals.bartOrdinal","residuals","","","","accepted","matrix/array 40x3 dn=[NULL,{lo,mid,hi}]"
"rds","ordinal.kT0","method:summary.bartOrdinal","summary","","","","accepted","summary.bart len3"
"rds","ordinal.kT0","method:print.bartOrdinal","print","","","","accepted","bartOrdinal len13"
"rds","ordinal.kT0","DEFAULT","plot","","","","refused","'x' is a list, but does not have components 'x' and 'y'"
"rds","ordinal.kT0","DEFAULT","plotTree","","","","error-without-reason","no applicable method for 'plotTree' applied to an object of class ""bartOrdinal"""
"rds","ordinal.kT0","DEFAULT","survivalProbabilities","","","","error-without-reason","no applicable method for 'survivalProbabilities' applied to an object of class ""bartOrdinal"""
"rds","ordinal.kT0","DEFAULT","as_draws_array","","","","refused","All list elements must be lists themselves."
"rds","ordinal.kT0","DEFAULT","as_draws_df","","","","refused","All list elements must be lists themselves."
"rds","ordinal.nc2u","reload","","","","","reloaded","class=bartOrdinal"
"rds","ordinal.nc2u","fields","documented-present","","","","info","call;yhat.train;yhat.test;varcount;y;fit;n.chains;family"
"rds","ordinal.nc2u","fields","documented-absent","","","","info","yhat.train.mean;yhat.test.mean;sigma;first.sigma;sigest;resid.dist"
"rds","ordinal.nc2u","fields","all-names","","","","info","call;family;levels;K;n.chains;n.trees;y;cutpoints;yhat.train;latent.train;varcount;yhat.test;latent.test;cutpoints.raw;fit"
"rds","ordinal.nc2u","method:predict.bartOrdinal","predict","ev","","","refused","samplers cannot be re-created without a stored state; call storeState() before serializing (see the Saving section of ?`dbartsSampler-class`)"
"rds","ordinal.nc2u","method:predict.bartOrdinal","predict","ppd","","","refused","samplers cannot be re-created without a stored state; call storeState() before serializing (see the Saving section of ?`dbartsSampler-class`)"
"rds","ordinal.nc2u","method:predict.bartOrdinal","predict","bart","","","refused","samplers cannot be re-created without a stored state; call storeState() before serializing (see the Saving section of ?`dbartsSampler-class`)"
"rds","ordinal.nc2u","method:predict.bartOrdinal","predict","zzz-bad-type","","","refused","type must be in 'ev', 'ppd', 'bart'"
"rds","ordinal.nc2u","method:extract.bartOrdinal","extract","ev","train","","accepted","array 2x6x40x3 dn=[NULL,NULL,NULL,{lo,mid,hi}]"
"rds","ordinal.nc2u","method:extract.bartOrdinal","extract","ev","test","","accepted","array 2x6x12x3 dn=[NULL,NULL,NULL,{lo,mid,hi}]"
"rds","ordinal.nc2u","method:extract.bartOrdinal","extract","ev","zzz-bad-sample","","error-without-reason","'arg' should be one of “train”, “test”"
"rds","ordinal.nc2u","method:extract.bartOrdinal","extract","ppd","train","","accepted","array 2x6x40"
"rds","ordinal.nc2u","method:extract.bartOrdinal","extract","ppd","test","","accepted","array 2x6x12"
"rds","ordinal.nc2u","method:extract.bartOrdinal","extract","ppd","zzz-bad-sample","","error-without-reason","'arg' should be one of “train”, “test”"
"rds","ordinal.nc2u","method:extract.bartOrdinal","extract","bart","train","","accepted","array 2x6x40"
"rds","ordinal.nc2u","method:extract.bartOrdinal","extract","bart","test","","accepted","array 2x6x12"
"rds","ordinal.nc2u","method:extract.bartOrdinal","extract","bart","zzz-bad-sample","","error-without-reason","'arg' should be one of “train”, “test”"
"rds","ordinal.nc2u","method:extract.bartOrdinal","extract","zzz-bad-type","train","","refused","type must be in 'ev', 'ppd', 'bart'"
"rds","ordinal.nc2u","method:extract.bartOrdinal","extract","zzz-bad-type","test","","refused","type must be in 'ev', 'ppd', 'bart'"
"rds","ordinal.nc2u","method:extract.bartOrdinal","extract","zzz-bad-type","zzz-bad-sample","","refused","type must be in 'ev', 'ppd', 'bart'"
"rds","ordinal.nc2u","method:fitted.bartOrdinal","fitted","ev","","","accepted","matrix/array 40x3 dn=[NULL,{lo,mid,hi}]"
"rds","ordinal.nc2u","method:fitted.bartOrdinal","fitted","class","","","accepted","ordered/factor len40  attrs=[levels]"
"rds","ordinal.nc2u","method:fitted.bartOrdinal","fitted","bart","","","accepted","numeric len40"
"rds","ordinal.nc2u","method:fitted.bartOrdinal","fitted","zzz-bad-type","","","refused","type must be in 'ev', 'class', 'bart'"
"rds","ordinal.nc2u","method:residuals.bartOrdinal","residuals","","","","accepted","matrix/array 40x3 dn=[NULL,{lo,mid,hi}]"
"rds","ordinal.nc2u","method:summary.bartOrdinal","summary","","","","accepted","summary.bart len3"
"rds","ordinal.nc2u","method:print.bartOrdinal","print","","","","accepted","bartOrdinal len15"
"rds","ordinal.nc2u","DEFAULT","plot","","","","refused","'x' is a list, but does not have components 'x' and 'y'"
"rds","ordinal.nc2u","DEFAULT","plotTree","","","","error-without-reason","no applicable method for 'plotTree' applied to an object of class ""bartOrdinal"""
"rds","ordinal.nc2u","DEFAULT","survivalProbabilities","","","","error-without-reason","no applicable method for 'survivalProbabilities' applied to an object of class ""bartOrdinal"""
"rds","ordinal.nc2u","DEFAULT","as_draws_array","","","","refused","All list elements must be lists themselves."
"rds","ordinal.nc2u","DEFAULT","as_draws_df","","","","refused","All list elements must be lists themselves."
"rds","nbinom.base","reload","","","","","reloaded","class=bartNegbin"
"rds","nbinom.base","fields","documented-present","","","","info","call;yhat.train;yhat.test;varcount;y;fit;n.chains;family"
"rds","nbinom.base","fields","documented-absent","","","","info","yhat.train.mean;yhat.test.mean;sigma;first.sigma;sigest;resid.dist"
"rds","nbinom.base","fields","all-names","","","","info","call;family;n.chains;n.trees;y;dispersion;yhat.train;latent.train;varcount;yhat.test;latent.test;dispersion.raw;fit"
"rds","nbinom.base","method:predict.bartNegbin","predict","ev","","","refused","samplers cannot be re-created without a stored state; call storeState() before serializing (see the Saving section of ?`dbartsSampler-class`)"
"rds","nbinom.base","method:predict.bartNegbin","predict","ppd","","","refused","samplers cannot be re-created without a stored state; call storeState() before serializing (see the Saving section of ?`dbartsSampler-class`)"
"rds","nbinom.base","method:predict.bartNegbin","predict","bart","","","refused","samplers cannot be re-created without a stored state; call storeState() before serializing (see the Saving section of ?`dbartsSampler-class`)"
"rds","nbinom.base","method:predict.bartNegbin","predict","zzz-bad-type","","","refused","type must be in 'ev', 'ppd', 'bart'"
"rds","nbinom.base","method:extract.bartNegbin","extract","ev","train","","accepted","matrix/array 6x40"
"rds","nbinom.base","method:extract.bartNegbin","extract","ev","test","","accepted","matrix/array 6x12"
"rds","nbinom.base","method:extract.bartNegbin","extract","ev","zzz-bad-sample","","error-without-reason","'arg' should be one of “train”, “test”"
"rds","nbinom.base","method:extract.bartNegbin","extract","ppd","train","","accepted","matrix/array 6x40"
"rds","nbinom.base","method:extract.bartNegbin","extract","ppd","test","","accepted","matrix/array 6x12"
"rds","nbinom.base","method:extract.bartNegbin","extract","ppd","zzz-bad-sample","","error-without-reason","'arg' should be one of “train”, “test”"
"rds","nbinom.base","method:extract.bartNegbin","extract","bart","train","","accepted","matrix/array 6x40"
"rds","nbinom.base","method:extract.bartNegbin","extract","bart","test","","accepted","matrix/array 6x12"
"rds","nbinom.base","method:extract.bartNegbin","extract","bart","zzz-bad-sample","","error-without-reason","'arg' should be one of “train”, “test”"
"rds","nbinom.base","method:extract.bartNegbin","extract","zzz-bad-type","train","","refused","type must be in 'ev', 'ppd', 'bart'"
"rds","nbinom.base","method:extract.bartNegbin","extract","zzz-bad-type","test","","refused","type must be in 'ev', 'ppd', 'bart'"
"rds","nbinom.base","method:extract.bartNegbin","extract","zzz-bad-type","zzz-bad-sample","","refused","type must be in 'ev', 'ppd', 'bart'"
"rds","nbinom.base","method:fitted.bartNegbin","fitted","ev","","","accepted","numeric len40"
"rds","nbinom.base","method:fitted.bartNegbin","fitted","bart","","","accepted","numeric len40"
"rds","nbinom.base","method:fitted.bartNegbin","fitted","zzz-bad-type","","","refused","type must be in 'ev', 'bart'"
"rds","nbinom.base","method:residuals.bartNegbin","residuals","","","","accepted","numeric len40"
"rds","nbinom.base","method:summary.bartNegbin","summary","","","","accepted","summary.bart len3"
"rds","nbinom.base","method:print.bartNegbin","print","","","","accepted","bartNegbin len13"
"rds","nbinom.base","DEFAULT","plot","","","","refused","'x' is a list, but does not have components 'x' and 'y'"
"rds","nbinom.base","DEFAULT","plotTree","","","","error-without-reason","no applicable method for 'plotTree' applied to an object of class ""bartNegbin"""
"rds","nbinom.base","DEFAULT","survivalProbabilities","","","","error-without-reason","no applicable method for 'survivalProbabilities' applied to an object of class ""bartNegbin"""
"rds","nbinom.base","DEFAULT","as_draws_array","","","","refused","All list elements must be lists themselves."
"rds","nbinom.base","DEFAULT","as_draws_df","","","","refused","All list elements must be lists themselves."
"rds","nbinom.kT0","reload","","","","","reloaded","class=bartNegbin"
"rds","nbinom.kT0","fields","documented-present","","","","info","call;yhat.train;yhat.test;varcount;y;n.chains;family"
"rds","nbinom.kT0","fields","documented-absent","","","","info","yhat.train.mean;yhat.test.mean;sigma;first.sigma;sigest;resid.dist;fit"
"rds","nbinom.kT0","fields","all-names","","","","info","call;family;n.chains;n.trees;y;dispersion;yhat.train;latent.train;varcount;yhat.test;latent.test"
"rds","nbinom.kT0","method:predict.bartNegbin","predict","ev","","","refused","predict requires bart2(family = ""nbinom"") to be called with 'keepTrees' == TRUE"
"rds","nbinom.kT0","method:predict.bartNegbin","predict","ppd","","","refused","predict requires bart2(family = ""nbinom"") to be called with 'keepTrees' == TRUE"
"rds","nbinom.kT0","method:predict.bartNegbin","predict","bart","","","refused","predict requires bart2(family = ""nbinom"") to be called with 'keepTrees' == TRUE"
"rds","nbinom.kT0","method:predict.bartNegbin","predict","zzz-bad-type","","","refused","type must be in 'ev', 'ppd', 'bart'"
"rds","nbinom.kT0","method:extract.bartNegbin","extract","ev","train","","accepted","matrix/array 6x40"
"rds","nbinom.kT0","method:extract.bartNegbin","extract","ev","test","","accepted","matrix/array 6x12"
"rds","nbinom.kT0","method:extract.bartNegbin","extract","ev","zzz-bad-sample","","error-without-reason","'arg' should be one of “train”, “test”"
"rds","nbinom.kT0","method:extract.bartNegbin","extract","ppd","train","","accepted","matrix/array 6x40"
"rds","nbinom.kT0","method:extract.bartNegbin","extract","ppd","test","","accepted","matrix/array 6x12"
"rds","nbinom.kT0","method:extract.bartNegbin","extract","ppd","zzz-bad-sample","","error-without-reason","'arg' should be one of “train”, “test”"
"rds","nbinom.kT0","method:extract.bartNegbin","extract","bart","train","","accepted","matrix/array 6x40"
"rds","nbinom.kT0","method:extract.bartNegbin","extract","bart","test","","accepted","matrix/array 6x12"
"rds","nbinom.kT0","method:extract.bartNegbin","extract","bart","zzz-bad-sample","","error-without-reason","'arg' should be one of “train”, “test”"
"rds","nbinom.kT0","method:extract.bartNegbin","extract","zzz-bad-type","train","","refused","type must be in 'ev', 'ppd', 'bart'"
"rds","nbinom.kT0","method:extract.bartNegbin","extract","zzz-bad-type","test","","refused","type must be in 'ev', 'ppd', 'bart'"
"rds","nbinom.kT0","method:extract.bartNegbin","extract","zzz-bad-type","zzz-bad-sample","","refused","type must be in 'ev', 'ppd', 'bart'"
"rds","nbinom.kT0","method:fitted.bartNegbin","fitted","ev","","","accepted","numeric len40"
"rds","nbinom.kT0","method:fitted.bartNegbin","fitted","bart","","","accepted","numeric len40"
"rds","nbinom.kT0","method:fitted.bartNegbin","fitted","zzz-bad-type","","","refused","type must be in 'ev', 'bart'"
"rds","nbinom.kT0","method:residuals.bartNegbin","residuals","","","","accepted","numeric len40"
"rds","nbinom.kT0","method:summary.bartNegbin","summary","","","","accepted","summary.bart len3"
"rds","nbinom.kT0","method:print.bartNegbin","print","","","","accepted","bartNegbin len11"
"rds","nbinom.kT0","DEFAULT","plot","","","","refused","'x' is a list, but does not have components 'x' and 'y'"
"rds","nbinom.kT0","DEFAULT","plotTree","","","","error-without-reason","no applicable method for 'plotTree' applied to an object of class ""bartNegbin"""
"rds","nbinom.kT0","DEFAULT","survivalProbabilities","","","","error-without-reason","no applicable method for 'survivalProbabilities' applied to an object of class ""bartNegbin"""
"rds","nbinom.kT0","DEFAULT","as_draws_array","","","","refused","All list elements must be lists themselves."
"rds","nbinom.kT0","DEFAULT","as_draws_df","","","","refused","All list elements must be lists themselves."
"rds","nbinom.nc2u","reload","","","","","reloaded","class=bartNegbin"
"rds","nbinom.nc2u","fields","documented-present","","","","info","call;yhat.train;yhat.test;varcount;y;fit;n.chains;family"
"rds","nbinom.nc2u","fields","documented-absent","","","","info","yhat.train.mean;yhat.test.mean;sigma;first.sigma;sigest;resid.dist"
"rds","nbinom.nc2u","fields","all-names","","","","info","call;family;n.chains;n.trees;y;dispersion;yhat.train;latent.train;varcount;yhat.test;latent.test;dispersion.raw;fit"
"rds","nbinom.nc2u","method:predict.bartNegbin","predict","ev","","","refused","samplers cannot be re-created without a stored state; call storeState() before serializing (see the Saving section of ?`dbartsSampler-class`)"
"rds","nbinom.nc2u","method:predict.bartNegbin","predict","ppd","","","refused","samplers cannot be re-created without a stored state; call storeState() before serializing (see the Saving section of ?`dbartsSampler-class`)"
"rds","nbinom.nc2u","method:predict.bartNegbin","predict","bart","","","refused","samplers cannot be re-created without a stored state; call storeState() before serializing (see the Saving section of ?`dbartsSampler-class`)"
"rds","nbinom.nc2u","method:predict.bartNegbin","predict","zzz-bad-type","","","refused","type must be in 'ev', 'ppd', 'bart'"
"rds","nbinom.nc2u","method:extract.bartNegbin","extract","ev","train","","accepted","array 2x6x40"
"rds","nbinom.nc2u","method:extract.bartNegbin","extract","ev","test","","accepted","array 2x6x12"
"rds","nbinom.nc2u","method:extract.bartNegbin","extract","ev","zzz-bad-sample","","error-without-reason","'arg' should be one of “train”, “test”"
"rds","nbinom.nc2u","method:extract.bartNegbin","extract","ppd","train","","accepted","array 2x6x40"
"rds","nbinom.nc2u","method:extract.bartNegbin","extract","ppd","test","","accepted","array 2x6x12"
"rds","nbinom.nc2u","method:extract.bartNegbin","extract","ppd","zzz-bad-sample","","error-without-reason","'arg' should be one of “train”, “test”"
"rds","nbinom.nc2u","method:extract.bartNegbin","extract","bart","train","","accepted","array 2x6x40"
"rds","nbinom.nc2u","method:extract.bartNegbin","extract","bart","test","","accepted","array 2x6x12"
"rds","nbinom.nc2u","method:extract.bartNegbin","extract","bart","zzz-bad-sample","","error-without-reason","'arg' should be one of “train”, “test”"
"rds","nbinom.nc2u","method:extract.bartNegbin","extract","zzz-bad-type","train","","refused","type must be in 'ev', 'ppd', 'bart'"
"rds","nbinom.nc2u","method:extract.bartNegbin","extract","zzz-bad-type","test","","refused","type must be in 'ev', 'ppd', 'bart'"
"rds","nbinom.nc2u","method:extract.bartNegbin","extract","zzz-bad-type","zzz-bad-sample","","refused","type must be in 'ev', 'ppd', 'bart'"
"rds","nbinom.nc2u","method:fitted.bartNegbin","fitted","ev","","","accepted","numeric len40"
"rds","nbinom.nc2u","method:fitted.bartNegbin","fitted","bart","","","accepted","numeric len40"
"rds","nbinom.nc2u","method:fitted.bartNegbin","fitted","zzz-bad-type","","","refused","type must be in 'ev', 'bart'"
"rds","nbinom.nc2u","method:residuals.bartNegbin","residuals","","","","accepted","numeric len40"
"rds","nbinom.nc2u","method:summary.bartNegbin","summary","","","","accepted","summary.bart len3"
"rds","nbinom.nc2u","method:print.bartNegbin","print","","","","accepted","bartNegbin len13"
"rds","nbinom.nc2u","DEFAULT","plot","","","","refused","'x' is a list, but does not have components 'x' and 'y'"
"rds","nbinom.nc2u","DEFAULT","plotTree","","","","error-without-reason","no applicable method for 'plotTree' applied to an object of class ""bartNegbin"""
"rds","nbinom.nc2u","DEFAULT","survivalProbabilities","","","","error-without-reason","no applicable method for 'survivalProbabilities' applied to an object of class ""bartNegbin"""
"rds","nbinom.nc2u","DEFAULT","as_draws_array","","","","refused","All list elements must be lists themselves."
"rds","nbinom.nc2u","DEFAULT","as_draws_df","","","","refused","All list elements must be lists themselves."
"rds","hurdle.base","reload","","","","","reloaded","class=bartHurdle"
"rds","hurdle.base","fields","documented-present","","","","info","call;y;family"
"rds","hurdle.base","fields","documented-absent","","","","info","yhat.train;yhat.test;yhat.train.mean;yhat.test.mean;sigma;first.sigma;varcount;sigest;resid.dist;fit;n.chains"
"rds","hurdle.base","fields","all-names","","","","info","call;family;y;occupancy;positive"
"rds","hurdle.base","method:predict.bartHurdle","predict","ev","","","refused","samplers cannot be re-created without a stored state; call storeState() before serializing (see the Saving section of ?`dbartsSampler-class`)"
"rds","hurdle.base","method:predict.bartHurdle","predict","ppd","","","refused","samplers cannot be re-created without a stored state; call storeState() before serializing (see the Saving section of ?`dbartsSampler-class`)"
"rds","hurdle.base","method:predict.bartHurdle","predict","prob","","","refused","samplers cannot be re-created without a stored state; call storeState() before serializing (see the Saving section of ?`dbartsSampler-class`)"
"rds","hurdle.base","method:predict.bartHurdle","predict","bart","","","refused","samplers cannot be re-created without a stored state; call storeState() before serializing (see the Saving section of ?`dbartsSampler-class`)"
"rds","hurdle.base","method:predict.bartHurdle","predict","zzz-bad-type","","","refused","type must be in 'ev', 'ppd', 'prob', 'bart'"
"rds","hurdle.base","method:extract.bartHurdle","extract","ev","train","","accepted","matrix/array 6x40"
"rds","hurdle.base","method:extract.bartHurdle","extract","ev","test","","refused","this hurdle fit carries no separate test channel; call predict on newdata for out-of-sample combined draws"
"rds","hurdle.base","method:extract.bartHurdle","extract","ev","zzz-bad-sample","","error-without-reason","'arg' should be one of “train”, “test”"
"rds","hurdle.base","method:extract.bartHurdle","extract","ppd","train","","accepted","matrix/array 6x40"
"rds","hurdle.base","method:extract.bartHurdle","extract","ppd","test","","refused","this hurdle fit carries no separate test channel; call predict on newdata for out-of-sample combined draws"
"rds","hurdle.base","method:extract.bartHurdle","extract","ppd","zzz-bad-sample","","error-without-reason","'arg' should be one of “train”, “test”"
"rds","hurdle.base","method:extract.bartHurdle","extract","prob","train","","accepted","matrix/array 6x40"
"rds","hurdle.base","method:extract.bartHurdle","extract","prob","test","","refused","this hurdle fit carries no separate test channel; call predict on newdata for out-of-sample combined draws"
"rds","hurdle.base","method:extract.bartHurdle","extract","prob","zzz-bad-sample","","error-without-reason","'arg' should be one of “train”, “test”"
"rds","hurdle.base","method:extract.bartHurdle","extract","bart","train","","accepted","matrix/array 6x40"
"rds","hurdle.base","method:extract.bartHurdle","extract","bart","test","","refused","this hurdle fit carries no separate test channel; call predict on newdata for out-of-sample combined draws"
"rds","hurdle.base","method:extract.bartHurdle","extract","bart","zzz-bad-sample","","error-without-reason","'arg' should be one of “train”, “test”"
"rds","hurdle.base","method:extract.bartHurdle","extract","zzz-bad-type","train","","refused","type must be in 'ev', 'ppd', 'prob', 'bart'"
"rds","hurdle.base","method:extract.bartHurdle","extract","zzz-bad-type","test","","refused","type must be in 'ev', 'ppd', 'prob', 'bart'"
"rds","hurdle.base","method:extract.bartHurdle","extract","zzz-bad-type","zzz-bad-sample","","refused","type must be in 'ev', 'ppd', 'prob', 'bart'"
"rds","hurdle.base","method:fitted.bartHurdle","fitted","ev","train","","accepted","numeric len40"
"rds","hurdle.base","method:fitted.bartHurdle","fitted","ev","zzz-bad-sample","","error-without-reason","'arg' should be one of “train”, “test”"
"rds","hurdle.base","method:fitted.bartHurdle","fitted","prob","train","","accepted","numeric len40"
"rds","hurdle.base","method:fitted.bartHurdle","fitted","prob","zzz-bad-sample","","error-without-reason","'arg' should be one of “train”, “test”"
"rds","hurdle.base","method:fitted.bartHurdle","fitted","bart","train","","accepted","numeric len40"
"rds","hurdle.base","method:fitted.bartHurdle","fitted","bart","zzz-bad-sample","","error-without-reason","'arg' should be one of “train”, “test”"
"rds","hurdle.base","method:fitted.bartHurdle","fitted","zzz-bad-type","train","","refused","type must be in 'ev', 'prob', 'bart'"
"rds","hurdle.base","method:fitted.bartHurdle","fitted","zzz-bad-type","zzz-bad-sample","","refused","type must be in 'ev', 'prob', 'bart'"
"rds","hurdle.base","method:residuals.bartHurdle","residuals","ev","","","accepted","numeric len40"
"rds","hurdle.base","method:residuals.bartHurdle","residuals","zzz-bad-type","","","refused","type must be in 'ev', 'prob', 'bart'"
"rds","hurdle.base","method:summary.bartHurdle","summary","","","","accepted","summary.bartHurdle len3"
"rds","hurdle.base","method:print.bartHurdle","print","","","","accepted","bartHurdle len5"
"rds","hurdle.base","DEFAULT","plot","","","","refused","'x' is a list, but does not have components 'x' and 'y'"
"rds","hurdle.base","DEFAULT","plotTree","","","","error-without-reason","no applicable method for 'plotTree' applied to an object of class ""bartHurdle"""
"rds","hurdle.base","DEFAULT","survivalProbabilities","","","","error-without-reason","no applicable method for 'survivalProbabilities' applied to an object of class ""bartHurdle"""
"rds","hurdle.base","DEFAULT","as_draws_array","","","","refused","All list elements must be lists themselves."
"rds","hurdle.base","DEFAULT","as_draws_df","","","","refused","All list elements must be lists themselves."
"rds","hurdle.kT0","reload","","","","","reloaded","class=bartHurdle"
"rds","hurdle.kT0","fields","documented-present","","","","info","call;y;family"
"rds","hurdle.kT0","fields","documented-absent","","","","info","yhat.train;yhat.test;yhat.train.mean;yhat.test.mean;sigma;first.sigma;varcount;sigest;resid.dist;fit;n.chains"
"rds","hurdle.kT0","fields","all-names","","","","info","call;family;y;occupancy;positive"
"rds","hurdle.kT0","method:predict.bartHurdle","predict","ev","","","refused","predict requires bart2(family = ""hurdle.lognormal"") to be called with 'keepTrees' == TRUE"
"rds","hurdle.kT0","method:predict.bartHurdle","predict","ppd","","","refused","predict requires bart2(family = ""hurdle.lognormal"") to be called with 'keepTrees' == TRUE"
"rds","hurdle.kT0","method:predict.bartHurdle","predict","prob","","","refused","predict requires bart2(family = ""hurdle.lognormal"") to be called with 'keepTrees' == TRUE"
"rds","hurdle.kT0","method:predict.bartHurdle","predict","bart","","","refused","predict requires bart2(family = ""hurdle.lognormal"") to be called with 'keepTrees' == TRUE"
"rds","hurdle.kT0","method:predict.bartHurdle","predict","zzz-bad-type","","","refused","type must be in 'ev', 'ppd', 'prob', 'bart'"
"rds","hurdle.kT0","method:extract.bartHurdle","extract","ev","train","","accepted","matrix/array 6x40"
"rds","hurdle.kT0","method:extract.bartHurdle","extract","ev","test","","refused","this hurdle fit carries no separate test channel; call predict on newdata for out-of-sample combined draws"
"rds","hurdle.kT0","method:extract.bartHurdle","extract","ev","zzz-bad-sample","","error-without-reason","'arg' should be one of “train”, “test”"
"rds","hurdle.kT0","method:extract.bartHurdle","extract","ppd","train","","accepted","matrix/array 6x40"
"rds","hurdle.kT0","method:extract.bartHurdle","extract","ppd","test","","refused","this hurdle fit carries no separate test channel; call predict on newdata for out-of-sample combined draws"
"rds","hurdle.kT0","method:extract.bartHurdle","extract","ppd","zzz-bad-sample","","error-without-reason","'arg' should be one of “train”, “test”"
"rds","hurdle.kT0","method:extract.bartHurdle","extract","prob","train","","accepted","matrix/array 6x40"
"rds","hurdle.kT0","method:extract.bartHurdle","extract","prob","test","","refused","this hurdle fit carries no separate test channel; call predict on newdata for out-of-sample combined draws"
"rds","hurdle.kT0","method:extract.bartHurdle","extract","prob","zzz-bad-sample","","error-without-reason","'arg' should be one of “train”, “test”"
"rds","hurdle.kT0","method:extract.bartHurdle","extract","bart","train","","accepted","matrix/array 6x40"
"rds","hurdle.kT0","method:extract.bartHurdle","extract","bart","test","","refused","this hurdle fit carries no separate test channel; call predict on newdata for out-of-sample combined draws"
"rds","hurdle.kT0","method:extract.bartHurdle","extract","bart","zzz-bad-sample","","error-without-reason","'arg' should be one of “train”, “test”"
"rds","hurdle.kT0","method:extract.bartHurdle","extract","zzz-bad-type","train","","refused","type must be in 'ev', 'ppd', 'prob', 'bart'"
"rds","hurdle.kT0","method:extract.bartHurdle","extract","zzz-bad-type","test","","refused","type must be in 'ev', 'ppd', 'prob', 'bart'"
"rds","hurdle.kT0","method:extract.bartHurdle","extract","zzz-bad-type","zzz-bad-sample","","refused","type must be in 'ev', 'ppd', 'prob', 'bart'"
"rds","hurdle.kT0","method:fitted.bartHurdle","fitted","ev","train","","accepted","numeric len40"
"rds","hurdle.kT0","method:fitted.bartHurdle","fitted","ev","zzz-bad-sample","","error-without-reason","'arg' should be one of “train”, “test”"
"rds","hurdle.kT0","method:fitted.bartHurdle","fitted","prob","train","","accepted","numeric len40"
"rds","hurdle.kT0","method:fitted.bartHurdle","fitted","prob","zzz-bad-sample","","error-without-reason","'arg' should be one of “train”, “test”"
"rds","hurdle.kT0","method:fitted.bartHurdle","fitted","bart","train","","accepted","numeric len40"
"rds","hurdle.kT0","method:fitted.bartHurdle","fitted","bart","zzz-bad-sample","","error-without-reason","'arg' should be one of “train”, “test”"
"rds","hurdle.kT0","method:fitted.bartHurdle","fitted","zzz-bad-type","train","","refused","type must be in 'ev', 'prob', 'bart'"
"rds","hurdle.kT0","method:fitted.bartHurdle","fitted","zzz-bad-type","zzz-bad-sample","","refused","type must be in 'ev', 'prob', 'bart'"
"rds","hurdle.kT0","method:residuals.bartHurdle","residuals","ev","","","accepted","numeric len40"
"rds","hurdle.kT0","method:residuals.bartHurdle","residuals","zzz-bad-type","","","refused","type must be in 'ev', 'prob', 'bart'"
"rds","hurdle.kT0","method:summary.bartHurdle","summary","","","","accepted","summary.bartHurdle len3"
"rds","hurdle.kT0","method:print.bartHurdle","print","","","","accepted","bartHurdle len5"
"rds","hurdle.kT0","DEFAULT","plot","","","","refused","'x' is a list, but does not have components 'x' and 'y'"
"rds","hurdle.kT0","DEFAULT","plotTree","","","","error-without-reason","no applicable method for 'plotTree' applied to an object of class ""bartHurdle"""
"rds","hurdle.kT0","DEFAULT","survivalProbabilities","","","","error-without-reason","no applicable method for 'survivalProbabilities' applied to an object of class ""bartHurdle"""
"rds","hurdle.kT0","DEFAULT","as_draws_array","","","","refused","All list elements must be lists themselves."
"rds","hurdle.kT0","DEFAULT","as_draws_df","","","","refused","All list elements must be lists themselves."
"rds","hurdle.nc2u","reload","","","","","reloaded","class=bartHurdle"
"rds","hurdle.nc2u","fields","documented-present","","","","info","call;y;family"
"rds","hurdle.nc2u","fields","documented-absent","","","","info","yhat.train;yhat.test;yhat.train.mean;yhat.test.mean;sigma;first.sigma;varcount;sigest;resid.dist;fit;n.chains"
"rds","hurdle.nc2u","fields","all-names","","","","info","call;family;y;occupancy;positive"
"rds","hurdle.nc2u","method:predict.bartHurdle","predict","ev","","","refused","samplers cannot be re-created without a stored state; call storeState() before serializing (see the Saving section of ?`dbartsSampler-class`)"
"rds","hurdle.nc2u","method:predict.bartHurdle","predict","ppd","","","refused","samplers cannot be re-created without a stored state; call storeState() before serializing (see the Saving section of ?`dbartsSampler-class`)"
"rds","hurdle.nc2u","method:predict.bartHurdle","predict","prob","","","refused","samplers cannot be re-created without a stored state; call storeState() before serializing (see the Saving section of ?`dbartsSampler-class`)"
"rds","hurdle.nc2u","method:predict.bartHurdle","predict","bart","","","refused","samplers cannot be re-created without a stored state; call storeState() before serializing (see the Saving section of ?`dbartsSampler-class`)"
"rds","hurdle.nc2u","method:predict.bartHurdle","predict","zzz-bad-type","","","refused","type must be in 'ev', 'ppd', 'prob', 'bart'"
"rds","hurdle.nc2u","method:extract.bartHurdle","extract","ev","train","","accepted","matrix/array 12x40"
"rds","hurdle.nc2u","method:extract.bartHurdle","extract","ev","test","","refused","this hurdle fit carries no separate test channel; call predict on newdata for out-of-sample combined draws"
"rds","hurdle.nc2u","method:extract.bartHurdle","extract","ev","zzz-bad-sample","","error-without-reason","'arg' should be one of “train”, “test”"
"rds","hurdle.nc2u","method:extract.bartHurdle","extract","ppd","train","","accepted","matrix/array 12x40"
"rds","hurdle.nc2u","method:extract.bartHurdle","extract","ppd","test","","refused","this hurdle fit carries no separate test channel; call predict on newdata for out-of-sample combined draws"
"rds","hurdle.nc2u","method:extract.bartHurdle","extract","ppd","zzz-bad-sample","","error-without-reason","'arg' should be one of “train”, “test”"
"rds","hurdle.nc2u","method:extract.bartHurdle","extract","prob","train","","accepted","matrix/array 12x40"
"rds","hurdle.nc2u","method:extract.bartHurdle","extract","prob","test","","refused","this hurdle fit carries no separate test channel; call predict on newdata for out-of-sample combined draws"
"rds","hurdle.nc2u","method:extract.bartHurdle","extract","prob","zzz-bad-sample","","error-without-reason","'arg' should be one of “train”, “test”"
"rds","hurdle.nc2u","method:extract.bartHurdle","extract","bart","train","","accepted","matrix/array 12x40"
"rds","hurdle.nc2u","method:extract.bartHurdle","extract","bart","test","","refused","this hurdle fit carries no separate test channel; call predict on newdata for out-of-sample combined draws"
"rds","hurdle.nc2u","method:extract.bartHurdle","extract","bart","zzz-bad-sample","","error-without-reason","'arg' should be one of “train”, “test”"
"rds","hurdle.nc2u","method:extract.bartHurdle","extract","zzz-bad-type","train","","refused","type must be in 'ev', 'ppd', 'prob', 'bart'"
"rds","hurdle.nc2u","method:extract.bartHurdle","extract","zzz-bad-type","test","","refused","type must be in 'ev', 'ppd', 'prob', 'bart'"
"rds","hurdle.nc2u","method:extract.bartHurdle","extract","zzz-bad-type","zzz-bad-sample","","refused","type must be in 'ev', 'ppd', 'prob', 'bart'"
"rds","hurdle.nc2u","method:fitted.bartHurdle","fitted","ev","train","","accepted","numeric len40"
"rds","hurdle.nc2u","method:fitted.bartHurdle","fitted","ev","zzz-bad-sample","","error-without-reason","'arg' should be one of “train”, “test”"
"rds","hurdle.nc2u","method:fitted.bartHurdle","fitted","prob","train","","accepted","numeric len40"
"rds","hurdle.nc2u","method:fitted.bartHurdle","fitted","prob","zzz-bad-sample","","error-without-reason","'arg' should be one of “train”, “test”"
"rds","hurdle.nc2u","method:fitted.bartHurdle","fitted","bart","train","","accepted","numeric len40"
"rds","hurdle.nc2u","method:fitted.bartHurdle","fitted","bart","zzz-bad-sample","","error-without-reason","'arg' should be one of “train”, “test”"
"rds","hurdle.nc2u","method:fitted.bartHurdle","fitted","zzz-bad-type","train","","refused","type must be in 'ev', 'prob', 'bart'"
"rds","hurdle.nc2u","method:fitted.bartHurdle","fitted","zzz-bad-type","zzz-bad-sample","","refused","type must be in 'ev', 'prob', 'bart'"
"rds","hurdle.nc2u","method:residuals.bartHurdle","residuals","ev","","","accepted","numeric len40"
"rds","hurdle.nc2u","method:residuals.bartHurdle","residuals","zzz-bad-type","","","refused","type must be in 'ev', 'prob', 'bart'"
"rds","hurdle.nc2u","method:summary.bartHurdle","summary","","","","accepted","summary.bartHurdle len3"
"rds","hurdle.nc2u","method:print.bartHurdle","print","","","","accepted","bartHurdle len5"
"rds","hurdle.nc2u","DEFAULT","plot","","","","refused","'x' is a list, but does not have components 'x' and 'y'"
"rds","hurdle.nc2u","DEFAULT","plotTree","","","","error-without-reason","no applicable method for 'plotTree' applied to an object of class ""bartHurdle"""
"rds","hurdle.nc2u","DEFAULT","survivalProbabilities","","","","error-without-reason","no applicable method for 'survivalProbabilities' applied to an object of class ""bartHurdle"""
"rds","hurdle.nc2u","DEFAULT","as_draws_array","","","","refused","All list elements must be lists themselves."
"rds","hurdle.nc2u","DEFAULT","as_draws_df","","","","refused","All list elements must be lists themselves."
"rds","rbart.base","reload","","","","","reloaded","class=rbart"
"rds","rbart.base","fields","documented-present","","","","info","call;yhat.train;yhat.test;yhat.train.mean;yhat.test.mean;sigma;varcount;sigest;y;fit;n.chains;family"
"rds","rbart.base","fields","documented-absent","","","","info","first.sigma;resid.dist"
"rds","rbart.base","fields","all-names","","","","info","call;y;group.by;family;sigest;group.by.test;ranef;sigma;tau;yhat.train;yhat.test;varcount;ranef.mean;yhat.train.mean;yhat.test.mean;n.chains;seed;fit"
"rds","rbart.base","method:predict.rbart","predict","ev","","","accepted","matrix/array 1x12"
"rds","rbart.base","method:predict.rbart","predict","ppd","","","accepted","matrix/array 1x12"
"rds","rbart.base","method:predict.rbart","predict","bart","","","accepted","matrix/array 1x12"
"rds","rbart.base","method:predict.rbart","predict","ranef","","","accepted","matrix/array 1x4 dn=[NULL,{a,b,c,...}]"
"rds","rbart.base","method:predict.rbart","predict","zzz-bad-type","","","refused","type must be in 'ev', 'ppd', 'bart', 'ranef'"
"rds","rbart.base","method:extract.rbart","extract","ev","train","","accepted","matrix/array 1x40"
"rds","rbart.base","method:extract.rbart","extract","ev","test","","accepted","matrix/array 1x12"
"rds","rbart.base","method:extract.rbart","extract","ev","zzz-bad-sample","","refused","sample must be in 'train', 'test'"
"rds","rbart.base","method:extract.rbart","extract","ppd","train","","accepted","matrix/array 1x40"
"rds","rbart.base","method:extract.rbart","extract","ppd","test","","accepted","matrix/array 1x12"
"rds","rbart.base","method:extract.rbart","extract","ppd","zzz-bad-sample","","refused","sample must be in 'train', 'test'"
"rds","rbart.base","method:extract.rbart","extract","bart","train","","accepted","matrix/array 1x40"
"rds","rbart.base","method:extract.rbart","extract","bart","test","","accepted","matrix/array 1x12"
"rds","rbart.base","method:extract.rbart","extract","bart","zzz-bad-sample","","refused","sample must be in 'train', 'test'"
"rds","rbart.base","method:extract.rbart","extract","loglik","train","","accepted","matrix/array 1x40"
"rds","rbart.base","method:extract.rbart","extract","loglik","test","","refused","cannot extract a test sample log-likelihood; no test response exists"
"rds","rbart.base","method:extract.rbart","extract","loglik","zzz-bad-sample","","refused","sample must be in 'train', 'test'"
"rds","rbart.base","method:extract.rbart","extract","ranef","train","","accepted","matrix/array 1x4 dn=[NULL,{a,b,c,...}]"
"rds","rbart.base","method:extract.rbart","extract","ranef","test","","accepted","matrix/array 1x4 dn=[NULL,{a,b,c,...}]"
"rds","rbart.base","method:extract.rbart","extract","ranef","zzz-bad-sample","","refused","sample must be in 'train', 'test'"
"rds","rbart.base","method:extract.rbart","extract","trees","train","","error-without-reason","missing value where TRUE/FALSE needed"
"rds","rbart.base","method:extract.rbart","extract","trees","test","","error-without-reason","missing value where TRUE/FALSE needed"
"rds","rbart.base","method:extract.rbart","extract","trees","zzz-bad-sample","","error-without-reason","missing value where TRUE/FALSE needed"
"rds","rbart.base","method:extract.rbart","extract","zzz-bad-type","train","","refused","type must be in 'ev', 'ppd', 'bart', 'loglik', 'ranef', 'trees'"
"rds","rbart.base","method:extract.rbart","extract","zzz-bad-type","test","","refused","type must be in 'ev', 'ppd', 'bart', 'loglik', 'ranef', 'trees'"
"rds","rbart.base","method:extract.rbart","extract","zzz-bad-type","zzz-bad-sample","","refused","type must be in 'ev', 'ppd', 'bart', 'loglik', 'ranef', 'trees'"
"rds","rbart.base","method:fitted.rbart","fitted","ev","train","","accepted","numeric len40"
"rds","rbart.base","method:fitted.rbart","fitted","ev","test","","accepted","numeric len12"
"rds","rbart.base","method:fitted.rbart","fitted","ev","zzz-bad-sample","","refused","sample must be in 'train', 'test'"
"rds","rbart.base","method:fitted.rbart","fitted","ppd","train","","accepted","numeric len40"
"rds","rbart.base","method:fitted.rbart","fitted","ppd","test","","accepted","numeric len12"
"rds","rbart.base","method:fitted.rbart","fitted","ppd","zzz-bad-sample","","refused","sample must be in 'train', 'test'"
"rds","rbart.base","method:fitted.rbart","fitted","bart","train","","accepted","numeric len40"
"rds","rbart.base","method:fitted.rbart","fitted","bart","test","","accepted","numeric len12"
"rds","rbart.base","method:fitted.rbart","fitted","bart","zzz-bad-sample","","refused","sample must be in 'train', 'test'"
"rds","rbart.base","method:fitted.rbart","fitted","ranef","train","","accepted","numeric len4"
"rds","rbart.base","method:fitted.rbart","fitted","ranef","test","","accepted","numeric len4"
"rds","rbart.base","method:fitted.rbart","fitted","ranef","zzz-bad-sample","","refused","sample must be in 'train', 'test'"
"rds","rbart.base","method:fitted.rbart","fitted","zzz-bad-type","train","","refused","type must be in 'ev', 'ppd', 'bart', 'ranef'"
"rds","rbart.base","method:fitted.rbart","fitted","zzz-bad-type","test","","refused","type must be in 'ev', 'ppd', 'bart', 'ranef'"
"rds","rbart.base","method:fitted.rbart","fitted","zzz-bad-type","zzz-bad-sample","","refused","type must be in 'ev', 'ppd', 'bart', 'ranef'"
"rds","rbart.base","method:residuals.rbart","residuals","ev","","","accepted","numeric len40"
"rds","rbart.base","method:residuals.rbart","residuals","zzz-bad-type","","","refused","type must be in 'ev', 'ppd', 'bart', 'ranef'"
"rds","rbart.base","method:summary.rbart","summary","","","","accepted","summary.bart len3"
"rds","rbart.base","method:print.rbart","print","","","","accepted","rbart len18"
"rds","rbart.base","method:plot.rbart","plot","","","","accepted","NULL"
"rds","rbart.base","method:plotTree.rbart","plotTree","","","","accepted","NULL"
"rds","rbart.base","method:survivalProbabilities.rbart","survivalProbabilities","","","","refused","survivalProbabilities requires an aft (survival) rbart fit"
"rds","rbart.base","method:as_draws_array.rbart","as_draws_array","","","","accepted","draws_array/draws/array 1x1x2 dn=[{1},{1},{sigma,tau}]"
"rds","rbart.base","method:as_draws_df.rbart","as_draws_df","","","","accepted","draws_df/draws/tbl_df/tbl/data.frame 1x5 dn=[{1},{sigma,tau,.chain,...}]"
"rds","rbart.kT0","reload","","","","","reloaded","class=rbart"
"rds","rbart.kT0","fields","documented-present","","","","info","call;yhat.train;yhat.test;yhat.train.mean;yhat.test.mean;sigma;varcount;sigest;y;n.chains;family"
"rds","rbart.kT0","fields","documented-absent","","","","info","first.sigma;resid.dist;fit"
"rds","rbart.kT0","fields","all-names","","","","info","call;y;group.by;family;sigest;group.by.test;ranef;sigma;tau;yhat.train;yhat.test;varcount;ranef.mean;yhat.train.mean;yhat.test.mean;n.chains;seed"
"rds","rbart.kT0","method:predict.rbart","predict","ev","","","refused","predict requires rbart to be called with 'keepTrees' == TRUE"
"rds","rbart.kT0","method:predict.rbart","predict","ppd","","","refused","predict requires rbart to be called with 'keepTrees' == TRUE"
"rds","rbart.kT0","method:predict.rbart","predict","bart","","","refused","predict requires rbart to be called with 'keepTrees' == TRUE"
"rds","rbart.kT0","method:predict.rbart","predict","ranef","","","refused","predict requires rbart to be called with 'keepTrees' == TRUE"
"rds","rbart.kT0","method:predict.rbart","predict","zzz-bad-type","","","refused","predict requires rbart to be called with 'keepTrees' == TRUE"
"rds","rbart.kT0","method:extract.rbart","extract","ev","train","","accepted","matrix/array 1x40"
"rds","rbart.kT0","method:extract.rbart","extract","ev","test","","accepted","matrix/array 1x12"
"rds","rbart.kT0","method:extract.rbart","extract","ev","zzz-bad-sample","","refused","sample must be in 'train', 'test'"
"rds","rbart.kT0","method:extract.rbart","extract","ppd","train","","accepted","matrix/array 1x40"
"rds","rbart.kT0","method:extract.rbart","extract","ppd","test","","accepted","matrix/array 1x12"
"rds","rbart.kT0","method:extract.rbart","extract","ppd","zzz-bad-sample","","refused","sample must be in 'train', 'test'"
"rds","rbart.kT0","method:extract.rbart","extract","bart","train","","accepted","matrix/array 1x40"
"rds","rbart.kT0","method:extract.rbart","extract","bart","test","","accepted","matrix/array 1x12"
"rds","rbart.kT0","method:extract.rbart","extract","bart","zzz-bad-sample","","refused","sample must be in 'train', 'test'"
"rds","rbart.kT0","method:extract.rbart","extract","loglik","train","","accepted","matrix/array 1x40"
"rds","rbart.kT0","method:extract.rbart","extract","loglik","test","","refused","cannot extract a test sample log-likelihood; no test response exists"
"rds","rbart.kT0","method:extract.rbart","extract","loglik","zzz-bad-sample","","refused","sample must be in 'train', 'test'"
"rds","rbart.kT0","method:extract.rbart","extract","ranef","train","","accepted","matrix/array 1x4 dn=[NULL,{a,b,c,...}]"
"rds","rbart.kT0","method:extract.rbart","extract","ranef","test","","accepted","matrix/array 1x4 dn=[NULL,{a,b,c,...}]"
"rds","rbart.kT0","method:extract.rbart","extract","ranef","zzz-bad-sample","","refused","sample must be in 'train', 'test'"
"rds","rbart.kT0","method:extract.rbart","extract","trees","train","","refused","extracting trees requires rbart to be called with 'keepTrees' == TRUE"
"rds","rbart.kT0","method:extract.rbart","extract","trees","test","","refused","extracting trees requires rbart to be called with 'keepTrees' == TRUE"
"rds","rbart.kT0","method:extract.rbart","extract","trees","zzz-bad-sample","","refused","extracting trees requires rbart to be called with 'keepTrees' == TRUE"
"rds","rbart.kT0","method:extract.rbart","extract","zzz-bad-type","train","","refused","type must be in 'ev', 'ppd', 'bart', 'loglik', 'ranef', 'trees'"
"rds","rbart.kT0","method:extract.rbart","extract","zzz-bad-type","test","","refused","type must be in 'ev', 'ppd', 'bart', 'loglik', 'ranef', 'trees'"
"rds","rbart.kT0","method:extract.rbart","extract","zzz-bad-type","zzz-bad-sample","","refused","type must be in 'ev', 'ppd', 'bart', 'loglik', 'ranef', 'trees'"
"rds","rbart.kT0","method:fitted.rbart","fitted","ev","train","","accepted","numeric len40"
"rds","rbart.kT0","method:fitted.rbart","fitted","ev","test","","accepted","numeric len12"
"rds","rbart.kT0","method:fitted.rbart","fitted","ev","zzz-bad-sample","","refused","sample must be in 'train', 'test'"
"rds","rbart.kT0","method:fitted.rbart","fitted","ppd","train","","accepted","numeric len40"
"rds","rbart.kT0","method:fitted.rbart","fitted","ppd","test","","accepted","numeric len12"
"rds","rbart.kT0","method:fitted.rbart","fitted","ppd","zzz-bad-sample","","refused","sample must be in 'train', 'test'"
"rds","rbart.kT0","method:fitted.rbart","fitted","bart","train","","accepted","numeric len40"
"rds","rbart.kT0","method:fitted.rbart","fitted","bart","test","","accepted","numeric len12"
"rds","rbart.kT0","method:fitted.rbart","fitted","bart","zzz-bad-sample","","refused","sample must be in 'train', 'test'"
"rds","rbart.kT0","method:fitted.rbart","fitted","ranef","train","","accepted","numeric len4"
"rds","rbart.kT0","method:fitted.rbart","fitted","ranef","test","","accepted","numeric len4"
"rds","rbart.kT0","method:fitted.rbart","fitted","ranef","zzz-bad-sample","","refused","sample must be in 'train', 'test'"
"rds","rbart.kT0","method:fitted.rbart","fitted","zzz-bad-type","train","","refused","type must be in 'ev', 'ppd', 'bart', 'ranef'"
"rds","rbart.kT0","method:fitted.rbart","fitted","zzz-bad-type","test","","refused","type must be in 'ev', 'ppd', 'bart', 'ranef'"
"rds","rbart.kT0","method:fitted.rbart","fitted","zzz-bad-type","zzz-bad-sample","","refused","type must be in 'ev', 'ppd', 'bart', 'ranef'"
"rds","rbart.kT0","method:residuals.rbart","residuals","ev","","","accepted","numeric len40"
"rds","rbart.kT0","method:residuals.rbart","residuals","zzz-bad-type","","","refused","type must be in 'ev', 'ppd', 'bart', 'ranef'"
"rds","rbart.kT0","method:summary.rbart","summary","","","","accepted","summary.bart len3"
"rds","rbart.kT0","method:print.rbart","print","","","","accepted","rbart len17"
"rds","rbart.kT0","method:plot.rbart","plot","","","","accepted","NULL"
"rds","rbart.kT0","method:plotTree.rbart","plotTree","","","","refused","plotTree requires the trees to be kept: fit rbart_vi with keepTrees = TRUE"
"rds","rbart.kT0","method:survivalProbabilities.rbart","survivalProbabilities","","","","refused","survivalProbabilities requires an aft (survival) rbart fit"
"rds","rbart.kT0","method:as_draws_array.rbart","as_draws_array","","","","accepted","draws_array/draws/array 1x1x2 dn=[{1},{1},{sigma,tau}]"
"rds","rbart.kT0","method:as_draws_df.rbart","as_draws_df","","","","accepted","draws_df/draws/tbl_df/tbl/data.frame 1x5 dn=[{1},{sigma,tau,.chain,...}]"
"rds","rbart.nc2","reload","","","","","reloaded","class=rbart"
"rds","rbart.nc2","fields","documented-present","","","","info","call;yhat.train;yhat.test;yhat.train.mean;yhat.test.mean;sigma;first.sigma;varcount;sigest;y;fit;n.chains;family"
"rds","rbart.nc2","fields","documented-absent","","","","info","resid.dist"
"rds","rbart.nc2","fields","all-names","","","","info","call;y;group.by;family;sigest;group.by.test;ranef;first.tau;first.sigma;sigma;tau;yhat.train;yhat.test;varcount;ranef.mean;yhat.train.mean;yhat.test.mean;n.chains;seed;fit"
"rds","rbart.nc2","method:predict.rbart","predict","ev","","","accepted","matrix/array 2x12"
"rds","rbart.nc2","method:predict.rbart","predict","ppd","","","accepted","matrix/array 2x12"
"rds","rbart.nc2","method:predict.rbart","predict","bart","","","accepted","matrix/array 2x12"
"rds","rbart.nc2","method:predict.rbart","predict","ranef","","","accepted","matrix/array 2x4 dn=[NULL,{a,b,c,...}]"
"rds","rbart.nc2","method:predict.rbart","predict","zzz-bad-type","","","refused","type must be in 'ev', 'ppd', 'bart', 'ranef'"
"rds","rbart.nc2","method:extract.rbart","extract","ev","train","","accepted","matrix/array 2x40"
"rds","rbart.nc2","method:extract.rbart","extract","ev","test","","accepted","matrix/array 2x12"
"rds","rbart.nc2","method:extract.rbart","extract","ev","zzz-bad-sample","","refused","sample must be in 'train', 'test'"
"rds","rbart.nc2","method:extract.rbart","extract","ppd","train","","accepted","matrix/array 2x40"
"rds","rbart.nc2","method:extract.rbart","extract","ppd","test","","accepted","matrix/array 2x12"
"rds","rbart.nc2","method:extract.rbart","extract","ppd","zzz-bad-sample","","refused","sample must be in 'train', 'test'"
"rds","rbart.nc2","method:extract.rbart","extract","bart","train","","accepted","matrix/array 2x40"
"rds","rbart.nc2","method:extract.rbart","extract","bart","test","","accepted","matrix/array 2x12"
"rds","rbart.nc2","method:extract.rbart","extract","bart","zzz-bad-sample","","refused","sample must be in 'train', 'test'"
"rds","rbart.nc2","method:extract.rbart","extract","loglik","train","","accepted","matrix/array 2x40"
"rds","rbart.nc2","method:extract.rbart","extract","loglik","test","","refused","cannot extract a test sample log-likelihood; no test response exists"
"rds","rbart.nc2","method:extract.rbart","extract","loglik","zzz-bad-sample","","refused","sample must be in 'train', 'test'"
"rds","rbart.nc2","method:extract.rbart","extract","ranef","train","","accepted","matrix/array 2x4 dn=[NULL,{a,b,c,...}]"
"rds","rbart.nc2","method:extract.rbart","extract","ranef","test","","accepted","matrix/array 2x4 dn=[NULL,{a,b,c,...}]"
"rds","rbart.nc2","method:extract.rbart","extract","ranef","zzz-bad-sample","","refused","sample must be in 'train', 'test'"
"rds","rbart.nc2","method:extract.rbart","extract","trees","train","","error-without-reason","missing value where TRUE/FALSE needed"
"rds","rbart.nc2","method:extract.rbart","extract","trees","test","","error-without-reason","missing value where TRUE/FALSE needed"
"rds","rbart.nc2","method:extract.rbart","extract","trees","zzz-bad-sample","","error-without-reason","missing value where TRUE/FALSE needed"
"rds","rbart.nc2","method:extract.rbart","extract","zzz-bad-type","train","","refused","type must be in 'ev', 'ppd', 'bart', 'loglik', 'ranef', 'trees'"
"rds","rbart.nc2","method:extract.rbart","extract","zzz-bad-type","test","","refused","type must be in 'ev', 'ppd', 'bart', 'loglik', 'ranef', 'trees'"
"rds","rbart.nc2","method:extract.rbart","extract","zzz-bad-type","zzz-bad-sample","","refused","type must be in 'ev', 'ppd', 'bart', 'loglik', 'ranef', 'trees'"
"rds","rbart.nc2","method:fitted.rbart","fitted","ev","train","","accepted","numeric len40"
"rds","rbart.nc2","method:fitted.rbart","fitted","ev","test","","accepted","numeric len12"
"rds","rbart.nc2","method:fitted.rbart","fitted","ev","zzz-bad-sample","","refused","sample must be in 'train', 'test'"
"rds","rbart.nc2","method:fitted.rbart","fitted","ppd","train","","accepted","numeric len40"
"rds","rbart.nc2","method:fitted.rbart","fitted","ppd","test","","accepted","numeric len12"
"rds","rbart.nc2","method:fitted.rbart","fitted","ppd","zzz-bad-sample","","refused","sample must be in 'train', 'test'"
"rds","rbart.nc2","method:fitted.rbart","fitted","bart","train","","accepted","numeric len40"
"rds","rbart.nc2","method:fitted.rbart","fitted","bart","test","","accepted","numeric len12"
"rds","rbart.nc2","method:fitted.rbart","fitted","bart","zzz-bad-sample","","refused","sample must be in 'train', 'test'"
"rds","rbart.nc2","method:fitted.rbart","fitted","ranef","train","","accepted","numeric len4"
"rds","rbart.nc2","method:fitted.rbart","fitted","ranef","test","","accepted","numeric len4"
"rds","rbart.nc2","method:fitted.rbart","fitted","ranef","zzz-bad-sample","","refused","sample must be in 'train', 'test'"
"rds","rbart.nc2","method:fitted.rbart","fitted","zzz-bad-type","train","","refused","type must be in 'ev', 'ppd', 'bart', 'ranef'"
"rds","rbart.nc2","method:fitted.rbart","fitted","zzz-bad-type","test","","refused","type must be in 'ev', 'ppd', 'bart', 'ranef'"
"rds","rbart.nc2","method:fitted.rbart","fitted","zzz-bad-type","zzz-bad-sample","","refused","type must be in 'ev', 'ppd', 'bart', 'ranef'"
"rds","rbart.nc2","method:residuals.rbart","residuals","ev","","","accepted","numeric len40"
"rds","rbart.nc2","method:residuals.rbart","residuals","zzz-bad-type","","","refused","type must be in 'ev', 'ppd', 'bart', 'ranef'"
"rds","rbart.nc2","method:summary.rbart","summary","","","","accepted","summary.bart len3"
"rds","rbart.nc2","method:print.rbart","print","","","","accepted","rbart len20"
"rds","rbart.nc2","method:plot.rbart","plot","","","","refused","'x' is a list, but does not have components 'x' and 'y'"
"rds","rbart.nc2","method:plotTree.rbart","plotTree","","","","accepted","NULL"
"rds","rbart.nc2","method:survivalProbabilities.rbart","survivalProbabilities","","","","refused","survivalProbabilities requires an aft (survival) rbart fit"
"rds","rbart.nc2","method:as_draws_array.rbart","as_draws_array","","","","accepted","draws_array/draws/array 1x2x2 dn=[{1},{1,2},{sigma,tau}]"
"rds","rbart.nc2","method:as_draws_df.rbart","as_draws_df","","","","accepted","draws_df/draws/tbl_df/tbl/data.frame 2x5 dn=[{1,2},{sigma,tau,.chain,...}]"
"rds","rbart.nc2u","reload","","","","","reloaded","class=rbart"
"rds","rbart.nc2u","fields","documented-present","","","","info","call;yhat.train;yhat.test;yhat.train.mean;yhat.test.mean;sigma;first.sigma;varcount;sigest;y;fit;n.chains;family"
"rds","rbart.nc2u","fields","documented-absent","","","","info","resid.dist"
"rds","rbart.nc2u","fields","all-names","","","","info","call;y;group.by;family;sigest;group.by.test;ranef;first.tau;first.sigma;sigma;tau;yhat.train;yhat.test;varcount;ranef.mean;yhat.train.mean;yhat.test.mean;n.chains;seed;fit"
"rds","rbart.nc2u","method:predict.rbart","predict","ev","","","accepted","matrix/array 2x12"
"rds","rbart.nc2u","method:predict.rbart","predict","ppd","","","accepted","matrix/array 2x12"
"rds","rbart.nc2u","method:predict.rbart","predict","bart","","","accepted","matrix/array 2x12"
"rds","rbart.nc2u","method:predict.rbart","predict","ranef","","","accepted","matrix/array 2x4 dn=[NULL,{a,b,c,...}]"
"rds","rbart.nc2u","method:predict.rbart","predict","zzz-bad-type","","","refused","type must be in 'ev', 'ppd', 'bart', 'ranef'"
"rds","rbart.nc2u","method:extract.rbart","extract","ev","train","","accepted","matrix/array 2x40"
"rds","rbart.nc2u","method:extract.rbart","extract","ev","test","","accepted","matrix/array 2x12"
"rds","rbart.nc2u","method:extract.rbart","extract","ev","zzz-bad-sample","","refused","sample must be in 'train', 'test'"
"rds","rbart.nc2u","method:extract.rbart","extract","ppd","train","","accepted","matrix/array 2x40"
"rds","rbart.nc2u","method:extract.rbart","extract","ppd","test","","accepted","matrix/array 2x12"
"rds","rbart.nc2u","method:extract.rbart","extract","ppd","zzz-bad-sample","","refused","sample must be in 'train', 'test'"
"rds","rbart.nc2u","method:extract.rbart","extract","bart","train","","accepted","matrix/array 2x40"
"rds","rbart.nc2u","method:extract.rbart","extract","bart","test","","accepted","matrix/array 2x12"
"rds","rbart.nc2u","method:extract.rbart","extract","bart","zzz-bad-sample","","refused","sample must be in 'train', 'test'"
"rds","rbart.nc2u","method:extract.rbart","extract","loglik","train","","accepted","matrix/array 2x40"
"rds","rbart.nc2u","method:extract.rbart","extract","loglik","test","","refused","cannot extract a test sample log-likelihood; no test response exists"
"rds","rbart.nc2u","method:extract.rbart","extract","loglik","zzz-bad-sample","","refused","sample must be in 'train', 'test'"
"rds","rbart.nc2u","method:extract.rbart","extract","ranef","train","","accepted","matrix/array 2x4 dn=[NULL,{a,b,c,...}]"
"rds","rbart.nc2u","method:extract.rbart","extract","ranef","test","","accepted","matrix/array 2x4 dn=[NULL,{a,b,c,...}]"
"rds","rbart.nc2u","method:extract.rbart","extract","ranef","zzz-bad-sample","","refused","sample must be in 'train', 'test'"
"rds","rbart.nc2u","method:extract.rbart","extract","trees","train","","error-without-reason","missing value where TRUE/FALSE needed"
"rds","rbart.nc2u","method:extract.rbart","extract","trees","test","","error-without-reason","missing value where TRUE/FALSE needed"
"rds","rbart.nc2u","method:extract.rbart","extract","trees","zzz-bad-sample","","error-without-reason","missing value where TRUE/FALSE needed"
"rds","rbart.nc2u","method:extract.rbart","extract","zzz-bad-type","train","","refused","type must be in 'ev', 'ppd', 'bart', 'loglik', 'ranef', 'trees'"
"rds","rbart.nc2u","method:extract.rbart","extract","zzz-bad-type","test","","refused","type must be in 'ev', 'ppd', 'bart', 'loglik', 'ranef', 'trees'"
"rds","rbart.nc2u","method:extract.rbart","extract","zzz-bad-type","zzz-bad-sample","","refused","type must be in 'ev', 'ppd', 'bart', 'loglik', 'ranef', 'trees'"
"rds","rbart.nc2u","method:fitted.rbart","fitted","ev","train","","accepted","numeric len40"
"rds","rbart.nc2u","method:fitted.rbart","fitted","ev","test","","accepted","numeric len12"
"rds","rbart.nc2u","method:fitted.rbart","fitted","ev","zzz-bad-sample","","refused","sample must be in 'train', 'test'"
"rds","rbart.nc2u","method:fitted.rbart","fitted","ppd","train","","accepted","numeric len40"
"rds","rbart.nc2u","method:fitted.rbart","fitted","ppd","test","","accepted","numeric len12"
"rds","rbart.nc2u","method:fitted.rbart","fitted","ppd","zzz-bad-sample","","refused","sample must be in 'train', 'test'"
"rds","rbart.nc2u","method:fitted.rbart","fitted","bart","train","","accepted","numeric len40"
"rds","rbart.nc2u","method:fitted.rbart","fitted","bart","test","","accepted","numeric len12"
"rds","rbart.nc2u","method:fitted.rbart","fitted","bart","zzz-bad-sample","","refused","sample must be in 'train', 'test'"
"rds","rbart.nc2u","method:fitted.rbart","fitted","ranef","train","","accepted","numeric len4"
"rds","rbart.nc2u","method:fitted.rbart","fitted","ranef","test","","accepted","numeric len4"
"rds","rbart.nc2u","method:fitted.rbart","fitted","ranef","zzz-bad-sample","","refused","sample must be in 'train', 'test'"
"rds","rbart.nc2u","method:fitted.rbart","fitted","zzz-bad-type","train","","refused","type must be in 'ev', 'ppd', 'bart', 'ranef'"
"rds","rbart.nc2u","method:fitted.rbart","fitted","zzz-bad-type","test","","refused","type must be in 'ev', 'ppd', 'bart', 'ranef'"
"rds","rbart.nc2u","method:fitted.rbart","fitted","zzz-bad-type","zzz-bad-sample","","refused","type must be in 'ev', 'ppd', 'bart', 'ranef'"
"rds","rbart.nc2u","method:residuals.rbart","residuals","ev","","","accepted","numeric len40"
"rds","rbart.nc2u","method:residuals.rbart","residuals","zzz-bad-type","","","refused","type must be in 'ev', 'ppd', 'bart', 'ranef'"
"rds","rbart.nc2u","method:summary.rbart","summary","","","","accepted","summary.bart len3"
"rds","rbart.nc2u","method:print.rbart","print","","","","accepted","rbart len20"
"rds","rbart.nc2u","method:plot.rbart","plot","","","","refused","'x' is a list, but does not have components 'x' and 'y'"
"rds","rbart.nc2u","method:plotTree.rbart","plotTree","","","","accepted","NULL"
"rds","rbart.nc2u","method:survivalProbabilities.rbart","survivalProbabilities","","","","refused","survivalProbabilities requires an aft (survival) rbart fit"
"rds","rbart.nc2u","method:as_draws_array.rbart","as_draws_array","","","","accepted","draws_array/draws/array 1x2x2 dn=[{1},{1,2},{sigma,tau}]"
"rds","rbart.nc2u","method:as_draws_df.rbart","as_draws_df","","","","accepted","draws_df/draws/tbl_df/tbl/data.frame 2x5 dn=[{1,2},{sigma,tau,.chain,...}]"
"rds","rbart.aft","reload","","","","","reloaded","class=rbart"
"rds","rbart.aft","fields","documented-present","","","","info","call;yhat.train;yhat.train.mean;sigma;varcount;sigest;y;fit;n.chains;family"
"rds","rbart.aft","fields","documented-absent","","","","info","yhat.test;yhat.test.mean;first.sigma;resid.dist"
"rds","rbart.aft","fields","all-names","","","","info","call;y;group.by;family;sigest;ranef;sigma;tau;yhat.train;varcount;ranef.mean;yhat.train.mean;n.chains;seed;fit"
"rds","rbart.aft","method:predict.rbart","predict","ev","","","refused","number of columns in 'test' must be equal to that of 'x'"
"rds","rbart.aft","method:predict.rbart","predict","ppd","","","refused","number of columns in 'test' must be equal to that of 'x'"
"rds","rbart.aft","method:predict.rbart","predict","bart","","","refused","number of columns in 'test' must be equal to that of 'x'"
"rds","rbart.aft","method:predict.rbart","predict","ranef","","","accepted","matrix/array 1x4 dn=[NULL,{a,b,c,...}]"
"rds","rbart.aft","method:predict.rbart","predict","zzz-bad-type","","","refused","type must be in 'ev', 'ppd', 'bart', 'ranef'"
"rds","rbart.aft","method:extract.rbart","extract","ev","train","","accepted","matrix/array 1x40"
"rds","rbart.aft","method:extract.rbart","extract","ev","test","","refused","cannot extract test sample predictions if no test data exists; use 'predict' instead"
"rds","rbart.aft","method:extract.rbart","extract","ev","zzz-bad-sample","","refused","sample must be in 'train', 'test'"
"rds","rbart.aft","method:extract.rbart","extract","ppd","train","","accepted","matrix/array 1x40"
"rds","rbart.aft","method:extract.rbart","extract","ppd","test","","refused","cannot extract test sample predictions if no test data exists; use 'predict' instead"
"rds","rbart.aft","method:extract.rbart","extract","ppd","zzz-bad-sample","","refused","sample must be in 'train', 'test'"
"rds","rbart.aft","method:extract.rbart","extract","bart","train","","accepted","matrix/array 1x40"
"rds","rbart.aft","method:extract.rbart","extract","bart","test","","refused","cannot extract test sample predictions if no test data exists; use 'predict' instead"
"rds","rbart.aft","method:extract.rbart","extract","bart","zzz-bad-sample","","refused","sample must be in 'train', 'test'"
"rds","rbart.aft","method:extract.rbart","extract","loglik","train","","refused","cannot compute the aft log-likelihood; fit does not store the censoring status"
"rds","rbart.aft","method:extract.rbart","extract","loglik","test","","refused","cannot extract a test sample log-likelihood; no test response exists"
"rds","rbart.aft","method:extract.rbart","extract","loglik","zzz-bad-sample","","refused","sample must be in 'train', 'test'"
"rds","rbart.aft","method:extract.rbart","extract","ranef","train","","accepted","matrix/array 1x4 dn=[NULL,{a,b,c,...}]"
"rds","rbart.aft","method:extract.rbart","extract","ranef","test","","refused","cannot extract test sample predictions if no test data exists; use 'predict' instead"
"rds","rbart.aft","method:extract.rbart","extract","ranef","zzz-bad-sample","","refused","sample must be in 'train', 'test'"
"rds","rbart.aft","method:extract.rbart","extract","trees","train","","error-without-reason","missing value where TRUE/FALSE needed"
"rds","rbart.aft","method:extract.rbart","extract","trees","test","","error-without-reason","missing value where TRUE/FALSE needed"
"rds","rbart.aft","method:extract.rbart","extract","trees","zzz-bad-sample","","error-without-reason","missing value where TRUE/FALSE needed"
"rds","rbart.aft","method:extract.rbart","extract","zzz-bad-type","train","","refused","type must be in 'ev', 'ppd', 'bart', 'loglik', 'ranef', 'trees'"
"rds","rbart.aft","method:extract.rbart","extract","zzz-bad-type","test","","refused","type must be in 'ev', 'ppd', 'bart', 'loglik', 'ranef', 'trees'"
"rds","rbart.aft","method:extract.rbart","extract","zzz-bad-type","zzz-bad-sample","","refused","type must be in 'ev', 'ppd', 'bart', 'loglik', 'ranef', 'trees'"
"rds","rbart.aft","method:fitted.rbart","fitted","ev","train","","accepted","numeric len40"
"rds","rbart.aft","method:fitted.rbart","fitted","ev","test","","refused","INTEGER() can only be applied to a 'integer', not a 'NULL'"
"rds","rbart.aft","method:fitted.rbart","fitted","ev","zzz-bad-sample","","refused","sample must be in 'train', 'test'"
"rds","rbart.aft","method:fitted.rbart","fitted","ppd","train","","accepted","numeric len40"
"rds","rbart.aft","method:fitted.rbart","fitted","ppd","test","","refused","cannot extract test sample predictions if no test data exists; use 'predict' instead"
"rds","rbart.aft","method:fitted.rbart","fitted","ppd","zzz-bad-sample","","refused","sample must be in 'train', 'test'"
"rds","rbart.aft","method:fitted.rbart","fitted","bart","train","","accepted","numeric len40"
"rds","rbart.aft","method:fitted.rbart","fitted","bart","test","","refused","cannot extract test sample predictions if no test data exists; use 'predict' instead"
"rds","rbart.aft","method:fitted.rbart","fitted","bart","zzz-bad-sample","","refused","sample must be in 'train', 'test'"
"rds","rbart.aft","method:fitted.rbart","fitted","ranef","train","","accepted","numeric len4"
"rds","rbart.aft","method:fitted.rbart","fitted","ranef","test","","refused","cannot extract test sample predictions if no test data exists; use 'predict' instead"
"rds","rbart.aft","method:fitted.rbart","fitted","ranef","zzz-bad-sample","","refused","sample must be in 'train', 'test'"
"rds","rbart.aft","method:fitted.rbart","fitted","zzz-bad-type","train","","refused","type must be in 'ev', 'ppd', 'bart', 'ranef'"
"rds","rbart.aft","method:fitted.rbart","fitted","zzz-bad-type","test","","refused","type must be in 'ev', 'ppd', 'bart', 'ranef'"
"rds","rbart.aft","method:fitted.rbart","fitted","zzz-bad-type","zzz-bad-sample","","refused","type must be in 'ev', 'ppd', 'bart', 'ranef'"
"rds","rbart.aft","method:residuals.rbart","residuals","ev","","","accepted","numeric len40"
"rds","rbart.aft","method:residuals.rbart","residuals","zzz-bad-type","","","refused","type must be in 'ev', 'ppd', 'bart', 'ranef'"
"rds","rbart.aft","method:summary.rbart","summary","","","","accepted","summary.bart len3"
"rds","rbart.aft","method:print.rbart","print","","","","accepted","rbart len15"
"rds","rbart.aft","method:plot.rbart","plot","","","","accepted","NULL"
"rds","rbart.aft","method:plotTree.rbart","plotTree","","","","accepted","NULL"
"rds","rbart.aft","method:survivalProbabilities.rbart","survivalProbabilities","","","","refused","number of columns in 'test' must be equal to that of 'x'"
"rds","rbart.aft","method:as_draws_array.rbart","as_draws_array","","","","accepted","draws_array/draws/array 1x1x2 dn=[{1},{1},{sigma,tau}]"
"rds","rbart.aft","method:as_draws_df.rbart","as_draws_df","","","","accepted","draws_df/draws/tbl_df/tbl/data.frame 1x5 dn=[{1},{sigma,tau,.chain,...}]"
"rds","xbart.result","reload","","","","","reloaded","class=numeric"
"rds","xbart.result","fields","names","","","","n/a","class=numeric"
"rds","xbart.result","DEFAULT","predict","","","","error-without-reason","no applicable method for 'predict' applied to an object of class ""c('double', 'numeric')"""
"rds","xbart.result","DEFAULT","extract","","","","error-without-reason","no applicable method for 'extract' applied to an object of class ""c('double', 'numeric')"""
"rds","xbart.result","DEFAULT","fitted","","","","error-without-reason","$ operator is invalid for atomic vectors"
"rds","xbart.result","DEFAULT","residuals","","","","error-without-reason","$ operator is invalid for atomic vectors"
"rds","xbart.result","DEFAULT","summary","","","","accepted","summaryDefault/table len6"
"rds","xbart.result","DEFAULT","print","","","","accepted","numeric len2"
"rds","xbart.result","DEFAULT","plot","","","","accepted","NULL"
"rds","xbart.result","DEFAULT","plotTree","","","","error-without-reason","no applicable method for 'plotTree' applied to an object of class ""c('double', 'numeric')"""
"rds","xbart.result","DEFAULT","survivalProbabilities","","","","error-without-reason","no applicable method for 'survivalProbabilities' applied to an object of class ""c('double', 'numeric')"""
"rds","xbart.result","DEFAULT","as_draws_array","","","","refused","Don't know how to transform an object of class 'numeric' to any supported draws format."
"rds","xbart.result","DEFAULT","as_draws_df","","","","refused","Don't know how to transform an object of class 'numeric' to any supported draws format."
