"design","noise","n","trees","rep","arm","position","rmse","coverage","width","log.score","max.fall","share.constrained","share.free","share.noise","splits.per.tree","share.x1","share.x2","share.x3","share.x4","share.x5","share.x6","share.x7","share.x8","share.x9","share.x10","truth.sd","noise.sd","wall.ms.per.sweep","cpu.ms.per.sweep","cpu.s"
"friedman","low",2000,200,1,"joint",1,0.6024,0.9405,2.382,-1.93,0,0.2929,0.1579,0.5493,1.14,0.06651,0.07184,0.1579,0.09436,0.06014,0.08701,0.1168,0.1216,0.108,0.1159,4.538,1.513,22.64,18.57,18.57
"friedman","low",2000,200,1,"joint.mbart",2,0.5604,0.8465,1.654,-1.898,0,0.6334,0.209,0.1577,0.3568,0.1522,0.171,0.209,0.1962,0.1139,0.02783,0.02904,0.03618,0.0259,0.03873,4.538,1.513,22.65,20.53,20.53
"friedman","low",2000,200,1,"free",3,0.5819,0.9715,2.623,-1.93,0.4434,0.5008,0.1248,0.3744,1.307,0.1371,0.138,0.1248,0.1236,0.102,0.07219,0.07798,0.07736,0.0681,0.0788,4.538,1.513,3.277,2.934,2.934
"friedman","low",2000,200,2,"joint.mbart",1,0.5847,0.857,1.731,-1.9,0,0.6274,0.207,0.1656,0.3533,0.1796,0.1399,0.207,0.1816,0.1263,0.02684,0.01925,0.02171,0.05837,0.0394,4.538,1.513,26.8,22.07,22.07
"friedman","low",2000,200,2,"free",2,0.626,0.953,2.601,-1.915,0.4947,0.4988,0.1186,0.3826,1.309,0.1376,0.1273,0.1186,0.1311,0.1028,0.07466,0.07428,0.06459,0.09549,0.07362,4.538,1.513,3.812,3.129,3.129
"friedman","low",2000,200,2,"joint",3,0.6483,0.9325,2.454,-1.915,0,0.2885,0.1567,0.5548,1.16,0.07339,0.06495,0.1567,0.08915,0.06097,0.09794,0.1283,0.1011,0.1222,0.1053,4.538,1.513,17.93,16.88,16.88
"friedman","low",2000,200,3,"free",1,0.6376,0.9505,2.577,-1.939,0.5608,0.4858,0.1247,0.3894,1.298,0.1276,0.1385,0.1247,0.119,0.1008,0.07799,0.07808,0.08239,0.08348,0.06748,4.538,1.513,3.848,3.129,3.129
"friedman","low",2000,200,3,"joint",2,0.6517,0.9275,2.398,-1.925,0,0.2909,0.1641,0.5451,1.16,0.06599,0.0675,0.1641,0.09059,0.06679,0.1148,0.1075,0.1145,0.1112,0.09704,4.538,1.513,22.24,18.36,18.36
"friedman","low",2000,200,3,"joint.mbart",3,0.6194,0.803,1.614,-1.921,0,0.602,0.2225,0.1755,0.3441,0.13,0.1579,0.2225,0.1912,0.1229,0.05915,0.02709,0.025,0.03511,0.02918,4.538,1.513,21.83,20.27,20.27
"friedman","low",2000,200,4,"joint",1,0.6443,0.9315,2.432,-1.907,0,0.2904,0.1534,0.5562,1.164,0.06632,0.07231,0.1534,0.08719,0.06458,0.1199,0.09825,0.1143,0.1253,0.09844,4.538,1.513,22.7,18.73,18.73
"friedman","low",2000,200,4,"joint.mbart",2,0.6086,0.8285,1.664,-1.897,0,0.6271,0.2153,0.1576,0.3467,0.1625,0.1605,0.2153,0.1769,0.1272,0.03101,0.03752,0.02711,0.03375,0.02818,4.538,1.513,22.78,20.86,20.86
"friedman","low",2000,200,4,"free",3,0.6035,0.965,2.647,-1.89,0.3937,0.4858,0.1247,0.3895,1.354,0.1267,0.1392,0.1247,0.1191,0.1009,0.0687,0.08821,0.08121,0.08188,0.06952,4.538,1.513,3.362,2.987,2.987
"friedman","low",2000,200,5,"joint.mbart",1,0.6318,0.8165,1.654,-1.929,0,0.5787,0.192,0.2292,0.3662,0.1569,0.132,0.192,0.169,0.1208,0.02543,0.0739,0.06027,0.04604,0.02357,4.538,1.513,26.54,21.98,21.98
"friedman","low",2000,200,5,"free",2,0.6251,0.965,2.735,-1.94,0.4367,0.4923,0.1184,0.3893,1.373,0.137,0.1265,0.1184,0.1325,0.09637,0.07558,0.08231,0.07043,0.08697,0.07401,4.538,1.513,3.8,3.17,3.17
"friedman","low",2000,200,5,"joint",3,0.6474,0.94,2.525,-1.936,0,0.2823,0.1752,0.5425,1.188,0.0678,0.06154,0.1752,0.0934,0.05959,0.08344,0.1034,0.1163,0.1185,0.1209,4.538,1.513,18.3,17.13,17.13
"friedman","low",2000,200,6,"free",1,0.5973,0.964,2.627,-1.905,0.4193,0.5107,0.1225,0.3668,1.361,0.1324,0.1285,0.1225,0.1341,0.1157,0.07949,0.07168,0.06422,0.08063,0.07079,4.538,1.513,3.878,3.196,3.196
"friedman","low",2000,200,6,"joint",2,0.6366,0.93,2.415,-1.927,0,0.2847,0.1659,0.5494,1.185,0.06948,0.06276,0.1659,0.09034,0.06215,0.105,0.1117,0.1166,0.1206,0.09545,4.538,1.513,22.16,18.29,18.29
"friedman","low",2000,200,6,"joint.mbart",3,0.5337,0.8765,1.72,-1.897,0,0.6422,0.1937,0.1641,0.3652,0.1628,0.1573,0.1937,0.1971,0.125,0.02516,0.03056,0.0451,0.0399,0.02336,4.538,1.513,22.29,20.59,20.59
"friedman","low",2000,200,7,"joint",1,0.6662,0.9125,2.354,-1.911,0,0.277,0.1528,0.5702,1.167,0.0631,0.06727,0.1528,0.08652,0.06011,0.1209,0.09248,0.1139,0.1273,0.1157,4.538,1.513,20.69,17.86,17.86
"friedman","low",2000,200,7,"joint.mbart",2,0.57,0.814,1.512,-1.901,0,0.6248,0.22,0.1553,0.346,0.1726,0.1409,0.22,0.1859,0.1255,0.04188,0.02497,0.02639,0.03237,0.02965,4.538,1.513,24.5,21.38,21.38
"friedman","low",2000,200,7,"free",3,0.6752,0.9305,2.566,-1.908,0.5292,0.4943,0.1175,0.3883,1.335,0.1298,0.1272,0.1175,0.1265,0.1109,0.08944,0.07127,0.07647,0.07282,0.07826,4.538,1.513,4.206,3.142,3.142
"friedman","low",2000,200,8,"joint.mbart",1,0.5618,0.8505,1.634,-1.904,0,0.6484,0.201,0.1506,0.3615,0.1756,0.1642,0.201,0.1841,0.1245,0.03394,0.02655,0.04213,0.02224,0.0257,4.538,1.513,25.11,21.57,21.57
"friedman","low",2000,200,8,"free",2,0.6059,0.962,2.541,-1.92,0.4964,0.5232,0.1228,0.354,1.326,0.1487,0.1511,0.1228,0.1238,0.0996,0.06647,0.07792,0.06981,0.06945,0.07036,4.538,1.513,3.849,3.126,3.126
"friedman","low",2000,200,8,"joint",3,0.6335,0.936,2.376,-1.925,0,0.3093,0.1621,0.5285,1.154,0.07816,0.07364,0.1621,0.09509,0.06245,0.1136,0.1222,0.1008,0.1009,0.09094,4.538,1.513,21.02,18.12,18.12
"friedman","high",2000,200,1,"joint",1,1.259,0.9815,6.093,-2.968,0,0.1923,0.1554,0.6523,1.216,0.04659,0.04426,0.1554,0.05856,0.04287,0.1307,0.13,0.1277,0.1318,0.1321,4.538,4.538,20.22,17.14,17.14
"friedman","high",2000,200,1,"joint.mbart",2,1.019,0.9275,3.709,-2.959,0,0.5001,0.2114,0.2884,0.2645,0.1296,0.1154,0.2114,0.1548,0.1004,0.05952,0.07547,0.05033,0.04984,0.05328,4.538,4.538,23.98,21.19,21.19
"friedman","high",2000,200,1,"free",3,1.201,0.994,6.765,-2.962,1.269,0.4276,0.1063,0.4661,1.407,0.1129,0.1121,0.1063,0.1054,0.09724,0.09678,0.09569,0.09283,0.09465,0.08618,4.538,4.538,4.361,3.235,3.235
"friedman","high",2000,200,2,"joint.mbart",1,1.071,0.9315,4.038,-2.963,0,0.4563,0.145,0.3987,0.2785,0.1137,0.1163,0.145,0.1344,0.09202,0.06735,0.06243,0.05759,0.1058,0.1056,4.538,4.538,25.54,21.69,21.69
"friedman","high",2000,200,2,"free",2,1.25,0.988,6.733,-2.97,0.8528,0.426,0.09943,0.4746,1.407,0.1183,0.1157,0.09943,0.0997,0.09225,0.09817,0.09071,0.08571,0.1037,0.0963,4.538,4.538,4.081,3.194,3.194
"friedman","high",2000,200,2,"joint",3,1.357,0.973,6.072,-2.978,0,0.1928,0.1259,0.6813,1.228,0.05016,0.04794,0.1259,0.05766,0.03708,0.1343,0.1314,0.1357,0.1418,0.1381,4.538,4.538,19.39,16.94,16.94
"friedman","high",2000,200,3,"free",1,1.247,0.992,6.7,-2.963,1.003,0.4311,0.1004,0.4685,1.43,0.1188,0.1154,0.1004,0.09854,0.09847,0.09544,0.08394,0.1078,0.09426,0.08697,4.538,4.538,3.857,3.254,3.254
"friedman","high",2000,200,3,"joint",2,1.304,0.9785,6.05,-2.966,0,0.2025,0.1349,0.6626,1.229,0.04816,0.04724,0.1349,0.06533,0.0418,0.1374,0.1216,0.1476,0.126,0.1299,4.538,4.538,19.85,17.02,17.02
"friedman","high",2000,200,3,"joint.mbart",3,1.016,0.9665,4.371,-2.956,0,0.4333,0.1551,0.4116,0.2965,0.09767,0.1078,0.1551,0.1375,0.09035,0.08148,0.05069,0.1425,0.0717,0.06519,4.538,4.538,24.87,21.29,21.29
"friedman","high",2000,200,4,"joint",1,1.287,0.981,6.153,-2.944,0,0.1969,0.1343,0.6687,1.233,0.04318,0.04704,0.1343,0.06069,0.04604,0.1346,0.1358,0.1367,0.1261,0.1355,4.538,4.538,20.35,17.28,17.28
"friedman","high",2000,200,4,"joint.mbart",2,1.142,0.8995,3.862,-2.93,0,0.4842,0.1713,0.3445,0.2706,0.1043,0.1164,0.1713,0.1519,0.1115,0.07728,0.07266,0.0673,0.06882,0.05847,4.538,4.538,24.33,21.26,21.26
"friedman","high",2000,200,4,"free",3,1.244,0.993,6.775,-2.942,0.9662,0.4389,0.1008,0.4604,1.419,0.1093,0.1179,0.1008,0.1104,0.1012,0.1033,0.09636,0.09369,0.08606,0.08102,4.538,4.538,4.271,3.207,3.207
"friedman","high",2000,200,5,"joint.mbart",1,1.001,0.936,3.793,-2.95,0,0.4854,0.1785,0.336,0.263,0.1069,0.1252,0.1785,0.1628,0.09053,0.073,0.05635,0.07163,0.06388,0.07118,4.538,4.538,25.33,21.4,21.4
"friedman","high",2000,200,5,"free",2,1.153,0.9945,6.45,-2.954,1.098,0.4439,0.1074,0.4487,1.407,0.1135,0.1226,0.1074,0.1171,0.0906,0.09323,0.08657,0.08092,0.09477,0.0932,4.538,4.538,4.365,3.167,3.167
"friedman","high",2000,200,5,"joint",3,1.181,0.9885,5.89,-2.962,0,0.1996,0.1432,0.6573,1.218,0.04355,0.05186,0.1432,0.067,0.03716,0.1338,0.1336,0.1273,0.1363,0.1263,4.538,4.538,19.39,16.99,16.99
"friedman","high",2000,200,6,"free",1,0.9873,0.9995,6.674,-2.956,1.138,0.4224,0.1126,0.465,1.417,0.1128,0.1099,0.1126,0.1086,0.09111,0.08624,0.0991,0.1029,0.08419,0.0926,4.538,4.538,4.26,3.155,3.155
"friedman","high",2000,200,6,"joint",2,1.105,0.996,5.997,-2.962,0,0.1999,0.1492,0.6509,1.22,0.04862,0.04553,0.1492,0.0578,0.04796,0.1151,0.1358,0.1403,0.1299,0.1297,4.538,4.538,20.01,17.34,17.34
"friedman","high",2000,200,6,"joint.mbart",3,0.8763,0.9745,3.834,-2.951,0,0.4761,0.2012,0.3227,0.265,0.1186,0.1148,0.2012,0.139,0.1037,0.05929,0.07284,0.06016,0.06171,0.06869,4.538,4.538,25.31,21.58,21.58
"friedman","high",2000,200,7,"joint",1,1.302,0.97,5.727,-2.96,0,0.2031,0.1434,0.6535,1.223,0.04586,0.05038,0.1434,0.06375,0.0431,0.1234,0.1261,0.1338,0.1409,0.1292,4.538,4.538,21.06,17.47,17.47
"friedman","high",2000,200,7,"joint.mbart",2,1.043,0.9345,3.889,-2.946,0,0.4806,0.161,0.3584,0.281,0.1249,0.1109,0.161,0.1491,0.09577,0.07513,0.08122,0.08018,0.06648,0.05534,4.538,4.538,25.46,21.61,21.61
"friedman","high",2000,200,7,"free",3,1.276,0.9845,6.38,-2.958,0.8215,0.4204,0.1007,0.4788,1.437,0.1121,0.1025,0.1007,0.1061,0.09979,0.0829,0.09733,0.09853,0.1135,0.08659,4.538,4.538,3.758,3.206,3.206
"friedman","high",2000,200,8,"joint.mbart",1,1.06,0.9295,3.923,-2.973,0,0.4773,0.1853,0.3374,0.2821,0.1239,0.107,0.1853,0.1448,0.1016,0.05885,0.05616,0.07892,0.06187,0.08158,4.538,4.538,25.17,21.27,21.27
"friedman","high",2000,200,8,"free",2,1.159,0.996,6.384,-2.981,0.9218,0.4376,0.1029,0.4595,1.391,0.116,0.1168,0.1029,0.105,0.09981,0.09096,0.09358,0.09274,0.08882,0.09338,4.538,4.538,4.235,3.123,3.123
"friedman","high",2000,200,8,"joint",3,1.204,0.987,5.843,-2.98,0,0.2034,0.1397,0.6569,1.206,0.05057,0.04557,0.1397,0.06205,0.04519,0.1364,0.1408,0.1285,0.1267,0.1245,4.538,4.538,19.53,17.17,17.17
"additive","low",2000,200,1,"joint",1,0.1267,0.962,0.5298,-0.4458,0,0.1679,0.1859,0.6462,1.175,0.08175,0.03152,0.05463,0.1859,0.1065,0.1141,0.1126,0.1071,0.1027,0.1031,1.069,0.3562,17.23,14.01,14.01
"additive","low",2000,200,1,"joint.mbart",2,0.1107,0.876,0.3215,-0.4298,0,0.4029,0.3498,0.2473,0.2826,0.2326,0.04845,0.1219,0.3498,0.04038,0.03741,0.04278,0.0499,0.03263,0.04424,1.069,0.3562,19.63,16.58,16.58
"additive","low",2000,200,1,"free",3,0.1374,0.9625,0.5722,-0.4549,0.4734,0.3218,0.1574,0.5208,1.307,0.123,0.09969,0.09912,0.1574,0.07402,0.0867,0.09242,0.08848,0.1035,0.07567,1.069,0.3562,3.594,3.024,3.024
"additive","low",2000,200,2,"joint.mbart",1,0.1115,0.9255,0.3716,-0.4149,0,0.3496,0.3398,0.3105,0.3126,0.1972,0.05119,0.1012,0.3398,0.04696,0.03785,0.08436,0.04111,0.04364,0.05662,1.069,0.3562,20.02,16.73,16.73
"additive","low",2000,200,2,"free",2,0.1315,0.9695,0.5862,-0.4363,0.4101,0.3133,0.158,0.5287,1.276,0.13,0.08149,0.1018,0.158,0.0832,0.085,0.09394,0.1021,0.07964,0.08477,1.069,0.3562,3.647,3.032,3.032
"additive","low",2000,200,2,"joint",3,0.1285,0.965,0.5584,-0.4295,0,0.1548,0.1864,0.6589,1.158,0.07935,0.02768,0.04773,0.1864,0.1211,0.111,0.1173,0.1061,0.1083,0.09502,1.069,0.3562,16.26,13.61,13.61
"additive","low",2000,200,3,"free",1,0.1536,0.945,0.6046,-0.4995,0.4321,0.3251,0.1539,0.5209,1.33,0.1176,0.1017,0.1059,0.1539,0.0833,0.09071,0.08346,0.09743,0.08382,0.08223,1.069,0.3562,3.552,3.042,3.042
"additive","low",2000,200,3,"joint",2,0.1336,0.9635,0.5647,-0.4741,0,0.1574,0.1955,0.6471,1.165,0.07268,0.03191,0.05279,0.1955,0.112,0.1035,0.09881,0.1005,0.1256,0.1067,1.069,0.3562,15.54,13.65,13.65
"additive","low",2000,200,3,"joint.mbart",3,0.1234,0.8375,0.3408,-0.4623,0,0.3682,0.3237,0.308,0.3001,0.1763,0.06216,0.1297,0.3237,0.07875,0.04443,0.04656,0.05809,0.03546,0.04476,1.069,0.3562,18.55,16.41,16.41
"additive","low",2000,200,4,"joint",1,0.1519,0.932,0.5689,-0.4711,0,0.1557,0.1823,0.662,1.194,0.07639,0.02538,0.0539,0.1823,0.1179,0.1002,0.1054,0.09182,0.1279,0.1188,1.069,0.3562,16.14,13.99,13.99
"additive","low",2000,200,4,"joint.mbart",2,0.119,0.857,0.3412,-0.4312,0,0.4125,0.3554,0.2321,0.2786,0.2202,0.05301,0.1394,0.3554,0.03614,0.03837,0.04304,0.04899,0.03173,0.03381,1.069,0.3562,18.53,16.57,16.57
"additive","low",2000,200,4,"free",3,0.143,0.966,0.6229,-0.4609,0.4451,0.3252,0.1707,0.5042,1.301,0.1213,0.1071,0.09677,0.1707,0.08188,0.09039,0.09087,0.07823,0.0849,0.07789,1.069,0.3562,3.569,3.001,3.001
"additive","low",2000,200,5,"joint.mbart",1,0.1155,0.865,0.3283,-0.4309,0,0.3802,0.3588,0.261,0.2651,0.2069,0.06319,0.1101,0.3588,0.0421,0.06553,0.04109,0.0478,0.03709,0.02735,1.069,0.3562,18.35,16.31,16.31
"additive","low",2000,200,5,"free",2,0.134,0.9735,0.5918,-0.4474,0.5793,0.3343,0.1492,0.5164,1.254,0.1255,0.106,0.1028,0.1492,0.09441,0.08363,0.0752,0.08442,0.08438,0.09441,1.069,0.3562,3.39,2.992,2.992
"additive","low",2000,200,5,"joint",3,0.1243,0.9765,0.5527,-0.4423,0,0.1559,0.1877,0.6563,1.134,0.08054,0.02532,0.05009,0.1877,0.1225,0.0982,0.1031,0.1011,0.1116,0.1199,1.069,0.3562,17.26,13.7,13.7
"additive","low",2000,200,6,"free",1,0.143,0.9625,0.5971,-0.4204,0.5462,0.3247,0.1587,0.5166,1.303,0.1206,0.1122,0.09186,0.1587,0.09209,0.08853,0.08941,0.0836,0.08031,0.08263,1.069,0.3562,3.761,3.081,3.081
"additive","low",2000,200,6,"joint",2,0.1346,0.9585,0.5628,-0.4217,0,0.1733,0.1693,0.6574,1.185,0.08019,0.03671,0.05644,0.1693,0.0938,0.1296,0.103,0.1222,0.09961,0.1091,1.069,0.3562,15.03,13.68,13.68
"additive","low",2000,200,6,"joint.mbart",3,0.1102,0.884,0.3355,-0.4054,0,0.4012,0.3326,0.2662,0.29,0.2073,0.05977,0.1341,0.3326,0.03556,0.06484,0.04415,0.05566,0.03959,0.02642,1.069,0.3562,20.94,16.93,16.93
"additive","low",2000,200,7,"joint",1,0.1344,0.9605,0.5599,-0.4505,0,0.1584,0.1787,0.6629,1.184,0.08343,0.0263,0.04872,0.1787,0.1217,0.1148,0.1089,0.1255,0.09802,0.09391,1.069,0.3562,15.68,13.76,13.76
"additive","low",2000,200,7,"joint.mbart",2,0.1086,0.897,0.3419,-0.438,0,0.3816,0.3653,0.2531,0.2982,0.2077,0.06032,0.1135,0.3653,0.03256,0.0385,0.04309,0.07873,0.02609,0.03414,1.069,0.3562,19.31,16.6,16.6
"additive","low",2000,200,7,"free",3,0.1384,0.97,0.5978,-0.4525,0.4858,0.3157,0.1621,0.5222,1.299,0.1215,0.08721,0.107,0.1621,0.07528,0.09638,0.08375,0.1074,0.08107,0.07828,1.069,0.3562,4.574,3.084,3.084
"additive","low",2000,200,8,"joint.mbart",1,0.1143,0.8995,0.3572,-0.4105,0,0.3802,0.367,0.2528,0.2955,0.2133,0.05397,0.1129,0.367,0.05157,0.04162,0.03796,0.0429,0.03468,0.04409,1.069,0.3562,18.11,16.2,16.2
"additive","low",2000,200,8,"free",2,0.1412,0.964,0.5974,-0.4443,0.3775,0.3158,0.1672,0.517,1.285,0.1224,0.09521,0.09819,0.1672,0.1064,0.08218,0.08419,0.07866,0.08917,0.07638,1.069,0.3562,3.548,3.047,3.047
"additive","low",2000,200,8,"joint",3,0.1401,0.9485,0.5346,-0.4413,0,0.1655,0.1927,0.6418,1.156,0.08587,0.02658,0.05308,0.1927,0.1148,0.103,0.09474,0.09725,0.1147,0.1174,1.069,0.3562,17.76,14.04,14.04
"additive","high",2000,200,1,"joint",1,0.2575,0.993,1.38,-1.489,0,0.1299,0.1531,0.717,1.242,0.05687,0.0328,0.04023,0.1531,0.1191,0.1397,0.1117,0.1034,0.127,0.1162,1.069,1.069,17.3,13.6,13.6
"additive","high",2000,200,1,"joint.mbart",2,0.2025,0.968,0.8717,-1.483,0,0.2901,0.2517,0.4582,0.2714,0.1412,0.06876,0.08018,0.2517,0.0944,0.1055,0.06319,0.06238,0.06463,0.06813,1.069,1.069,19.11,16.48,16.48
"additive","high",2000,200,1,"free",3,0.2738,0.992,1.499,-1.493,0.76,0.3107,0.1173,0.5719,1.42,0.1086,0.1107,0.09142,0.1173,0.09079,0.09695,0.09527,0.09044,0.1031,0.09542,1.069,1.069,4.153,3.114,3.114
"additive","high",2000,200,2,"joint.mbart",1,0.2042,0.958,0.8515,-1.525,0,0.289,0.2251,0.4859,0.2588,0.1556,0.05534,0.07811,0.2251,0.09098,0.05836,0.1011,0.07957,0.09016,0.06578,1.069,1.069,20.15,16.33,16.33
"additive","high",2000,200,2,"free",2,0.2812,0.993,1.506,-1.538,0.9518,0.2936,0.1191,0.5873,1.424,0.108,0.09234,0.09329,0.1191,0.09355,0.09213,0.09979,0.09878,0.1028,0.1003,1.069,1.069,3.584,3.129,3.129
"additive","high",2000,200,2,"joint",3,0.2736,0.99,1.396,-1.532,0,0.1183,0.1393,0.7424,1.273,0.05877,0.02619,0.03335,0.1393,0.1229,0.1102,0.1402,0.1297,0.1215,0.1179,1.069,1.069,15.78,13.2,13.2
"additive","high",2000,200,3,"free",1,0.2842,0.9885,1.503,-1.531,0.9018,0.3056,0.1198,0.5746,1.404,0.1076,0.1068,0.09118,0.1198,0.1036,0.09937,0.08171,0.09871,0.09178,0.09936,1.069,1.069,3.736,3.126,3.126
"additive","high",2000,200,3,"joint",2,0.2749,0.9865,1.382,-1.529,0,0.1195,0.1502,0.7302,1.236,0.05664,0.03158,0.03132,0.1502,0.1211,0.1276,0.1137,0.1238,0.1244,0.1196,1.069,1.069,15.58,13.38,13.38
"additive","high",2000,200,3,"joint.mbart",3,0.2182,0.9585,0.8739,-1.522,0,0.2799,0.2264,0.4937,0.2534,0.1513,0.06694,0.06165,0.2264,0.1169,0.07266,0.06224,0.06319,0.0806,0.09808,1.069,1.069,18.54,16.18,16.18
"additive","high",2000,200,4,"joint",1,0.2605,0.991,1.412,-1.538,0,0.1278,0.148,0.7243,1.257,0.05147,0.03778,0.03851,0.148,0.1214,0.1432,0.1084,0.1124,0.1237,0.1152,1.069,1.069,15.73,13.64,13.64
"additive","high",2000,200,4,"joint.mbart",2,0.1931,0.976,0.8383,-1.52,0,0.3273,0.2655,0.4073,0.2482,0.1455,0.08543,0.09631,0.2655,0.08463,0.06827,0.0642,0.06955,0.06573,0.05489,1.069,1.069,19.72,16.85,16.85
"additive","high",2000,200,4,"free",3,0.2651,0.9955,1.5,-1.539,0.9059,0.3066,0.1245,0.5689,1.375,0.108,0.1041,0.09461,0.1245,0.1064,0.1012,0.08412,0.08924,0.1014,0.0865,1.069,1.069,3.385,3.052,3.052
"additive","high",2000,200,5,"joint.mbart",1,0.2007,0.955,0.8126,-1.517,0,0.2613,0.2777,0.461,0.2357,0.1278,0.04965,0.08385,0.2777,0.07227,0.05593,0.07689,0.08466,0.09073,0.08054,1.069,1.069,18.89,16.15,16.15
"additive","high",2000,200,5,"free",2,0.2824,0.9895,1.55,-1.528,0.8724,0.3019,0.1266,0.5714,1.386,0.1087,0.0959,0.09734,0.1266,0.1001,0.08219,0.08939,0.08953,0.1064,0.1039,1.069,1.069,3.768,3.134,3.134
"additive","high",2000,200,5,"joint",3,0.2719,0.9875,1.429,-1.528,0,0.1114,0.1562,0.7324,1.227,0.05134,0.0242,0.03589,0.1562,0.1281,0.1047,0.1193,0.1234,0.124,0.1328,1.069,1.069,14.56,12.75,12.75
"additive","high",2000,200,6,"free",1,0.3155,0.986,1.565,-1.538,1.018,0.2989,0.1219,0.5791,1.349,0.1045,0.09951,0.09496,0.1219,0.09839,0.09639,0.0925,0.09158,0.09954,0.1007,1.069,1.069,3.644,3.085,3.085
"additive","high",2000,200,6,"joint",2,0.295,0.9815,1.451,-1.536,0,0.116,0.1383,0.7457,1.218,0.0563,0.02814,0.03157,0.1383,0.1194,0.1175,0.1309,0.09691,0.1481,0.1328,1.069,1.069,15.38,13.17,13.17
"additive","high",2000,200,6,"joint.mbart",3,0.2129,0.9665,0.9287,-1.516,0,0.2704,0.2336,0.496,0.2521,0.1477,0.04704,0.07568,0.2336,0.08707,0.07477,0.06279,0.07457,0.09484,0.1019,1.069,1.069,18.67,16.18,16.18
"additive","high",2000,200,7,"joint",1,0.2837,0.985,1.49,-1.51,0,0.1121,0.1446,0.7433,1.252,0.04631,0.02636,0.0394,0.1446,0.1251,0.1093,0.1285,0.1329,0.1233,0.1242,1.069,1.069,15.11,12.8,12.8
"additive","high",2000,200,7,"joint.mbart",2,0.1869,0.9825,0.8938,-1.494,0,0.3021,0.279,0.4189,0.2511,0.1418,0.05503,0.1053,0.279,0.08171,0.0581,0.07705,0.09222,0.05435,0.05543,1.069,1.069,17.88,15.96,15.96
"additive","high",2000,200,7,"free",3,0.2994,0.9915,1.63,-1.52,0.8714,0.314,0.1146,0.5714,1.394,0.1037,0.1084,0.1019,0.1146,0.09748,0.08513,0.1031,0.0929,0.09269,0.1001,1.069,1.069,3.75,3.165,3.165
"additive","high",2000,200,8,"joint.mbart",1,0.2079,0.966,0.8651,-1.517,0,0.3056,0.2472,0.4471,0.2605,0.1591,0.05581,0.09073,0.2472,0.06847,0.1003,0.06751,0.06751,0.07028,0.07304,1.069,1.069,19.11,16.38,16.38
"additive","high",2000,200,8,"free",2,0.2596,0.993,1.513,-1.524,0.8373,0.3156,0.1217,0.5627,1.374,0.1089,0.1089,0.09775,0.1217,0.08659,0.09726,0.09967,0.09622,0.09635,0.08663,1.069,1.069,3.324,3.004,3.004
"additive","high",2000,200,8,"joint",3,0.2572,0.99,1.417,-1.525,0,0.1234,0.1537,0.7229,1.257,0.06073,0.0257,0.03694,0.1537,0.1147,0.1214,0.1199,0.1323,0.1283,0.1064,1.069,1.069,15.66,13.37,13.37
"interaction","low",2000,200,1,"joint",1,0.1511,0.9205,0.5559,-0.5096,0,0.1427,0.5042,0.3532,1.299,0.1427,0.2957,0.2085,0.1693,0.1839,NA,NA,NA,NA,NA,1.165,0.3884,12.8,10.6,10.6
"interaction","low",2000,200,1,"joint.mbart",2,0.1443,0.8395,0.4086,-0.5186,0,0.2999,0.5057,0.1944,0.4229,0.2999,0.3724,0.1333,0.0967,0.09767,NA,NA,NA,NA,NA,1.165,0.3884,13.37,11.53,11.53
"interaction","low",2000,200,1,"free",3,0.1454,0.949,0.5948,-0.506,0.4716,0.268,0.4249,0.3071,1.397,0.268,0.266,0.1589,0.1503,0.1568,NA,NA,NA,NA,NA,1.165,0.3884,3.536,2.995,2.995
"interaction","low",2000,200,2,"joint.mbart",1,0.1304,0.8815,0.4237,-0.5335,0,0.3122,0.5494,0.1384,0.4022,0.3122,0.3949,0.1545,0.06022,0.07817,NA,NA,NA,NA,NA,1.165,0.3884,13.99,11.57,11.57
"interaction","low",2000,200,2,"free",2,0.1405,0.9655,0.6244,-0.5436,0.4466,0.2532,0.4368,0.3101,1.374,0.2532,0.2526,0.1841,0.152,0.1581,NA,NA,NA,NA,NA,1.165,0.3884,3.125,2.815,2.815
"interaction","low",2000,200,2,"joint",3,0.141,0.963,0.603,-0.5263,0,0.1387,0.4873,0.374,1.329,0.1387,0.2856,0.2018,0.1764,0.1976,NA,NA,NA,NA,NA,1.165,0.3884,12.79,10.85,10.85
"interaction","low",2000,200,3,"free",1,0.1449,0.9565,0.6159,-0.5543,0.4236,0.2632,0.4217,0.3152,1.384,0.2632,0.2536,0.1681,0.1589,0.1563,NA,NA,NA,NA,NA,1.165,0.3884,4.538,2.988,2.988
"interaction","low",2000,200,3,"joint",2,0.1469,0.945,0.5872,-0.5499,0,0.1264,0.5165,0.3572,1.309,0.1264,0.3081,0.2084,0.1851,0.172,NA,NA,NA,NA,NA,1.165,0.3884,11.09,10.03,10.03
"interaction","low",2000,200,3,"joint.mbart",3,0.1394,0.8505,0.413,-0.5444,0,0.2939,0.5483,0.1578,0.3889,0.2939,0.3883,0.16,0.07819,0.0796,NA,NA,NA,NA,NA,1.165,0.3884,14.08,11.83,11.83
"interaction","low",2000,200,4,"joint",1,0.1461,0.952,0.5852,-0.5548,0,0.1288,0.5132,0.358,1.315,0.1288,0.2816,0.2316,0.148,0.21,NA,NA,NA,NA,NA,1.165,0.3884,12.28,10.27,10.27
"interaction","low",2000,200,4,"joint.mbart",2,0.1347,0.8435,0.3815,-0.554,0,0.302,0.5736,0.1244,0.385,0.302,0.418,0.1556,0.05694,0.06746,NA,NA,NA,NA,NA,1.165,0.3884,13.9,11.81,11.81
"interaction","low",2000,200,4,"free",3,0.1351,0.978,0.615,-0.5429,0.362,0.239,0.4356,0.3253,1.377,0.239,0.2544,0.1812,0.1653,0.16,NA,NA,NA,NA,NA,1.165,0.3884,3.325,2.903,2.903
"interaction","low",2000,200,5,"joint.mbart",1,0.1445,0.8175,0.3903,-0.5354,0,0.296,0.5584,0.1456,0.3649,0.296,0.4113,0.1471,0.05911,0.08651,NA,NA,NA,NA,NA,1.165,0.3884,13.6,11.96,11.96
"interaction","low",2000,200,5,"free",2,0.1442,0.951,0.6061,-0.5389,0.5668,0.2541,0.4294,0.3166,1.385,0.2541,0.2626,0.1668,0.1719,0.1446,NA,NA,NA,NA,NA,1.165,0.3884,3.244,2.877,2.877
"interaction","low",2000,200,5,"joint",3,0.1543,0.9225,0.5662,-0.5468,0,0.1345,0.5179,0.3476,1.272,0.1345,0.3044,0.2135,0.1692,0.1783,NA,NA,NA,NA,NA,1.165,0.3884,11.29,10.36,10.36
"interaction","low",2000,200,6,"free",1,0.1519,0.9495,0.6073,-0.5476,0.4864,0.2502,0.4367,0.313,1.391,0.2502,0.2636,0.1731,0.1617,0.1513,NA,NA,NA,NA,NA,1.165,0.3884,3.543,2.967,2.967
"interaction","low",2000,200,6,"joint",2,0.1529,0.935,0.5819,-0.5437,0,0.1336,0.4978,0.3686,1.303,0.1336,0.294,0.2037,0.1811,0.1875,NA,NA,NA,NA,NA,1.165,0.3884,11.69,10.45,10.45
"interaction","low",2000,200,6,"joint.mbart",3,0.1357,0.87,0.4227,-0.5259,0,0.2801,0.5631,0.1568,0.4158,0.2801,0.4137,0.1494,0.06322,0.09357,NA,NA,NA,NA,NA,1.165,0.3884,12.42,11.45,11.45
"interaction","low",2000,200,7,"joint",1,0.1445,0.958,0.5822,-0.5311,0,0.1251,0.5167,0.3582,1.295,0.1251,0.3059,0.2108,0.1633,0.1949,NA,NA,NA,NA,NA,1.165,0.3884,11.57,10.08,10.08
"interaction","low",2000,200,7,"joint.mbart",2,0.1305,0.8745,0.4039,-0.5241,0,0.3038,0.5254,0.1708,0.3676,0.3038,0.3807,0.1447,0.08786,0.08291,NA,NA,NA,NA,NA,1.165,0.3884,13.07,11.8,11.8
"interaction","low",2000,200,7,"free",3,0.1445,0.955,0.6232,-0.5218,0.4234,0.2588,0.4311,0.3101,1.427,0.2588,0.2646,0.1665,0.1411,0.169,NA,NA,NA,NA,NA,1.165,0.3884,3,2.829,2.829
"interaction","low",2000,200,8,"joint.mbart",1,0.1386,0.8655,0.404,-0.5144,0,0.2963,0.5774,0.1263,0.3858,0.2963,0.4161,0.1613,0.04119,0.0851,NA,NA,NA,NA,NA,1.165,0.3884,13.48,11.84,11.84
"interaction","low",2000,200,8,"free",2,0.1335,0.9765,0.6191,-0.5104,0.4916,0.254,0.4581,0.2878,1.424,0.254,0.2758,0.1823,0.1494,0.1384,NA,NA,NA,NA,NA,1.165,0.3884,3.096,2.835,2.835
"interaction","low",2000,200,8,"joint",3,0.1533,0.945,0.5994,-0.5317,0,0.1376,0.4816,0.3808,1.324,0.1376,0.2681,0.2135,0.1968,0.184,NA,NA,NA,NA,NA,1.165,0.3884,11.35,10.31,10.31
"interaction","high",2000,200,1,"joint",1,0.2898,0.978,1.402,-1.584,0,0.08506,0.4888,0.4261,1.346,0.08506,0.2464,0.2425,0.2143,0.2118,NA,NA,NA,NA,NA,1.165,1.165,11.27,9.896,9.896
"interaction","high",2000,200,1,"joint.mbart",2,0.2538,0.9155,0.9083,-1.574,0,0.2148,0.5317,0.2535,0.3092,0.2148,0.3406,0.1911,0.1261,0.1274,NA,NA,NA,NA,NA,1.165,1.165,12.87,11.69,11.69
"interaction","high",2000,200,1,"free",3,0.294,0.9835,1.482,-1.582,1.01,0.2065,0.4171,0.3764,1.432,0.2065,0.2083,0.2088,0.1868,0.1895,NA,NA,NA,NA,NA,1.165,1.165,3.216,2.934,2.934
"interaction","high",2000,200,2,"joint.mbart",1,0.2622,0.9315,0.9312,-1.577,0,0.2156,0.5127,0.2718,0.2979,0.2156,0.3408,0.1719,0.1272,0.1446,NA,NA,NA,NA,NA,1.165,1.165,13.61,11.9,11.9
"interaction","high",2000,200,2,"free",2,0.302,0.989,1.516,-1.58,1.073,0.2109,0.4259,0.3632,1.417,0.2109,0.2328,0.193,0.1815,0.1817,NA,NA,NA,NA,NA,1.165,1.165,3.18,2.875,2.875
"interaction","high",2000,200,2,"joint",3,0.317,0.976,1.432,-1.583,0,0.08197,0.4847,0.4334,1.323,0.08197,0.2675,0.2172,0.207,0.2263,NA,NA,NA,NA,NA,1.165,1.165,10.63,9.607,9.607
"interaction","high",2000,200,3,"free",1,0.2765,0.995,1.547,-1.605,0.9126,0.2185,0.404,0.3775,1.451,0.2185,0.2114,0.1926,0.197,0.1805,NA,NA,NA,NA,NA,1.165,1.165,3.523,2.98,2.98
"interaction","high",2000,200,3,"joint",2,0.2792,0.9925,1.479,-1.605,0,0.08607,0.4684,0.4456,1.335,0.08607,0.2493,0.219,0.2351,0.2105,NA,NA,NA,NA,NA,1.165,1.165,12.47,9.991,9.991
"interaction","high",2000,200,3,"joint.mbart",3,0.2151,0.9795,1.006,-1.592,0,0.2025,0.5093,0.2882,0.3129,0.2025,0.3406,0.1687,0.1503,0.1379,NA,NA,NA,NA,NA,1.165,1.165,13.82,11.9,11.9
"interaction","high",2000,200,4,"joint",1,0.3144,0.9775,1.466,-1.585,0,0.08154,0.4777,0.4407,1.315,0.08154,0.2498,0.2279,0.2215,0.2192,NA,NA,NA,NA,NA,1.165,1.165,12.47,10.01,10.01
"interaction","high",2000,200,4,"joint.mbart",2,0.2275,0.9715,0.984,-1.57,0,0.2149,0.5021,0.283,0.2896,0.2149,0.3175,0.1846,0.1493,0.1338,NA,NA,NA,NA,NA,1.165,1.165,14.15,12.02,12.02
"interaction","high",2000,200,4,"free",3,0.3044,0.989,1.551,-1.586,1.048,0.2048,0.417,0.3783,1.417,0.2048,0.2223,0.1947,0.1755,0.2028,NA,NA,NA,NA,NA,1.165,1.165,4.031,3.095,3.095
"interaction","high",2000,200,5,"joint.mbart",1,0.2337,0.966,0.9963,-1.588,0,0.2341,0.4791,0.2868,0.3023,0.2341,0.3136,0.1655,0.1433,0.1435,NA,NA,NA,NA,NA,1.165,1.165,14.91,12.1,12.1
"interaction","high",2000,200,5,"free",2,0.2961,0.9915,1.608,-1.601,1.024,0.2196,0.4017,0.3787,1.453,0.2196,0.2229,0.1788,0.1891,0.1896,NA,NA,NA,NA,NA,1.165,1.165,3.504,2.996,2.996
"interaction","high",2000,200,5,"joint",3,0.2979,0.987,1.502,-1.602,0,0.0923,0.4694,0.4383,1.322,0.0923,0.2579,0.2115,0.2096,0.2286,NA,NA,NA,NA,NA,1.165,1.165,11.76,10.1,10.1
"interaction","high",2000,200,6,"free",1,0.2961,0.9885,1.499,-1.583,0.9866,0.2123,0.4056,0.3821,1.417,0.2123,0.2147,0.1909,0.1887,0.1934,NA,NA,NA,NA,NA,1.165,1.165,3.55,3.001,3.001
"interaction","high",2000,200,6,"joint",2,0.3117,0.9795,1.437,-1.586,0,0.08933,0.4764,0.4343,1.337,0.08933,0.2409,0.2355,0.215,0.2193,NA,NA,NA,NA,NA,1.165,1.165,12.71,10.3,10.3
"interaction","high",2000,200,6,"joint.mbart",3,0.2466,0.9555,0.9856,-1.57,0,0.2101,0.4867,0.3031,0.3141,0.2101,0.3265,0.1603,0.1555,0.1476,NA,NA,NA,NA,NA,1.165,1.165,14.03,11.95,11.95
"interaction","high",2000,200,7,"joint",1,0.257,0.9935,1.379,-1.591,0,0.0899,0.4785,0.4316,1.331,0.0899,0.2612,0.2173,0.2144,0.2172,NA,NA,NA,NA,NA,1.165,1.165,12.84,10.33,10.33
"interaction","high",2000,200,7,"joint.mbart",2,0.2327,0.962,0.9514,-1.589,0,0.2074,0.5049,0.2877,0.3267,0.2074,0.34,0.1649,0.1539,0.1338,NA,NA,NA,NA,NA,1.165,1.165,14,12.06,12.06
"interaction","high",2000,200,7,"free",3,0.2617,0.9975,1.451,-1.59,0.931,0.238,0.42,0.342,1.454,0.238,0.2269,0.1931,0.1748,0.1672,NA,NA,NA,NA,NA,1.165,1.165,4.107,3.2,3.2
"interaction","high",2000,200,8,"joint.mbart",1,0.2202,0.972,0.9571,-1.587,0,0.2217,0.4928,0.2855,0.313,0.2217,0.3278,0.165,0.1586,0.127,NA,NA,NA,NA,NA,1.165,1.165,14.56,11.94,11.94
"interaction","high",2000,200,8,"free",2,0.253,0.998,1.469,-1.594,1.122,0.2343,0.408,0.3576,1.444,0.2343,0.2163,0.1918,0.1784,0.1793,NA,NA,NA,NA,NA,1.165,1.165,3.482,2.999,2.999
"interaction","high",2000,200,8,"joint",3,0.2513,0.995,1.418,-1.595,0,0.09098,0.4787,0.4303,1.338,0.09098,0.2481,0.2305,0.2318,0.1985,NA,NA,NA,NA,NA,1.165,1.165,12.46,10.37,10.37
"friedman","low",2000,50,1,"joint",1,0.6073,0.8195,1.668,-1.917,0,0.6137,0.2003,0.1859,1.366,0.1713,0.1598,0.2003,0.1716,0.1111,0.04299,0.04525,0.02899,0.03339,0.03532,4.538,1.513,7.43,6.046,6.046
"friedman","low",2000,50,1,"joint.mbart",2,0.6471,0.7245,1.401,-1.935,0,0.7386,0.222,0.03935,0.9779,0.1915,0.212,0.222,0.1982,0.1369,0.005317,0.006667,0.01456,0.005726,0.007076,4.538,1.513,7.262,6.014,6.014
"friedman","low",2000,50,1,"free",3,0.5953,0.856,1.734,-1.924,0.4807,0.6943,0.1865,0.1192,1.483,0.1787,0.193,0.1865,0.1985,0.1242,0.02976,0.02334,0.02196,0.02323,0.02091,4.538,1.513,1.13,0.877,0.877
"friedman","low",2000,50,2,"joint.mbart",1,0.6399,0.736,1.448,-1.914,0,0.7488,0.218,0.03315,0.9751,0.2127,0.1809,0.218,0.2267,0.1285,0.006851,0.005702,0.008081,0.004718,0.007794,4.538,1.513,7.473,6.173,6.173
"friedman","low",2000,50,2,"free",2,0.613,0.827,1.717,-1.897,0.3645,0.7285,0.1611,0.1104,1.367,0.1963,0.205,0.1611,0.1982,0.129,0.0204,0.01776,0.01668,0.02057,0.03497,4.538,1.513,0.955,0.871,0.871
"friedman","low",2000,50,2,"joint",3,0.6231,0.783,1.586,-1.917,0,0.6594,0.1954,0.1452,1.264,0.1775,0.1653,0.1954,0.1878,0.1288,0.03032,0.01871,0.01551,0.03542,0.0452,4.538,1.513,7.674,6.174,6.174
"friedman","low",2000,50,3,"free",1,0.6324,0.8105,1.753,-1.931,0.5575,0.6595,0.18,0.1604,1.461,0.1685,0.1773,0.18,0.2019,0.1118,0.03071,0.03723,0.03036,0.03504,0.0271,4.538,1.513,1.082,0.881,0.881
"friedman","low",2000,50,3,"joint",2,0.6353,0.761,1.524,-1.924,0,0.6286,0.2224,0.149,1.334,0.1547,0.151,0.2224,0.1983,0.1246,0.0311,0.01755,0.04802,0.02592,0.02643,4.538,1.513,7.212,6.105,6.105
"friedman","low",2000,50,3,"joint.mbart",3,0.6705,0.676,1.371,-1.936,0,0.7231,0.2258,0.05113,0.956,0.1736,0.2064,0.2258,0.2162,0.1269,0.006611,0.005942,0.009498,0.01757,0.01151,4.538,1.513,7.688,6.089,6.089
"friedman","low",2000,50,4,"joint",1,0.6561,0.7745,1.549,-1.907,0,0.6239,0.1967,0.1794,1.409,0.1799,0.1386,0.1967,0.198,0.1074,0.02913,0.0262,0.04292,0.05155,0.02958,4.538,1.513,7.248,6.047,6.047
"friedman","low",2000,50,4,"joint.mbart",2,0.6782,0.722,1.477,-1.916,0,0.7309,0.2275,0.04164,0.9491,0.1913,0.1885,0.2275,0.2256,0.1255,0.008176,0.009862,0.00649,0.01049,0.006617,4.538,1.513,7.686,6.207,6.207
"friedman","low",2000,50,4,"free",3,0.5872,0.854,1.738,-1.9,0.3865,0.6965,0.1807,0.1228,1.478,0.1951,0.2049,0.1807,0.1714,0.1251,0.03091,0.0226,0.01911,0.02603,0.02417,4.538,1.513,1.077,0.897,0.897
"friedman","low",2000,50,5,"joint.mbart",1,0.6979,0.6405,1.286,-1.95,0,0.7469,0.2122,0.04089,0.8472,0.2258,0.1806,0.2122,0.2205,0.12,0.006516,0.0111,0.005855,0.009773,0.007649,4.538,1.513,7.348,6.154,6.154
"friedman","low",2000,50,5,"free",2,0.6436,0.8135,1.77,-1.948,0.472,0.7159,0.1518,0.1323,1.513,0.1745,0.2337,0.1518,0.1812,0.1265,0.0175,0.02672,0.02355,0.02342,0.04115,4.538,1.513,1.168,0.916,0.916
"friedman","low",2000,50,5,"joint",3,0.637,0.7855,1.586,-1.932,0,0.6327,0.1953,0.1719,1.309,0.1767,0.154,0.1953,0.1892,0.1128,0.02673,0.04606,0.03831,0.03556,0.02526,4.538,1.513,7.323,5.861,5.861
"friedman","low",2000,50,6,"free",1,0.6002,0.832,1.726,-1.902,0.5309,0.7018,0.1596,0.1386,1.564,0.1743,0.204,0.1596,0.1877,0.1358,0.02697,0.02751,0.04717,0.01841,0.01854,4.538,1.513,1.17,0.922,0.922
"friedman","low",2000,50,6,"joint",2,0.6194,0.8145,1.607,-1.917,0,0.6231,0.2037,0.1732,1.363,0.1476,0.1507,0.2037,0.2037,0.1211,0.03191,0.03684,0.06008,0.02565,0.0187,4.538,1.513,7.126,6.038,6.038
"friedman","low",2000,50,6,"joint.mbart",3,0.6732,0.6675,1.336,-1.931,0,0.768,0.1957,0.03639,0.9619,0.1914,0.2071,0.1957,0.2223,0.1472,0.006695,0.006487,0.01052,0.006404,0.006279,4.538,1.513,7.453,6.097,6.097
"friedman","low",2000,50,7,"joint",1,0.6221,0.7715,1.532,-1.898,0,0.6518,0.2236,0.1245,1.282,0.1592,0.1583,0.2236,0.2023,0.132,0.04164,0.01818,0.02096,0.02445,0.01931,4.538,1.513,7.177,6.077,6.077
"friedman","low",2000,50,7,"joint.mbart",2,0.686,0.6575,1.32,-1.932,0,0.7349,0.2124,0.05271,0.938,0.2033,0.1639,0.2124,0.2122,0.1554,0.01023,0.006695,0.004691,0.02303,0.00806,4.538,1.513,7.413,6.136,6.136
"friedman","low",2000,50,7,"free",3,0.5963,0.8425,1.712,-1.898,0.6309,0.6657,0.1971,0.1372,1.477,0.1605,0.1804,0.1971,0.1939,0.1308,0.03264,0.02746,0.03534,0.01714,0.02459,4.538,1.513,1.114,0.904,0.904
"friedman","low",2000,50,8,"joint.mbart",1,0.6266,0.7405,1.422,-1.914,0,0.7463,0.2033,0.05043,1.057,0.2017,0.1948,0.2033,0.2191,0.1307,0.0171,0.01373,0.004615,0.00522,0.00976,4.538,1.513,7.303,6.154,6.154
"friedman","low",2000,50,8,"free",2,0.5924,0.8415,1.682,-1.914,0.5892,0.7151,0.1612,0.1237,1.533,0.1685,0.2348,0.1612,0.1926,0.1192,0.02742,0.02956,0.02864,0.0181,0.01996,4.538,1.513,0.984,0.869,0.869
"friedman","low",2000,50,8,"joint",3,0.6279,0.803,1.598,-1.922,0,0.6628,0.1814,0.1559,1.376,0.1804,0.1589,0.1814,0.1943,0.1292,0.0404,0.04107,0.04011,0.01718,0.01715,4.538,1.513,7.516,6.209,6.209
"friedman","high",2000,50,1,"joint",1,0.9203,0.97,4.297,-2.948,0,0.4491,0.1901,0.3608,1.148,0.1106,0.1165,0.1901,0.1284,0.09357,0.1022,0.07915,0.05736,0.05618,0.0659,4.538,4.538,6.819,5.729,5.729
"friedman","high",2000,50,1,"joint.mbart",2,1.062,0.878,3.429,-2.966,0,0.7112,0.2084,0.08035,0.5192,0.1814,0.1871,0.2084,0.2122,0.1305,0.0161,0.02034,0.01418,0.01787,0.01186,4.538,4.538,7.323,6.109,6.109
"friedman","high",2000,50,1,"free",3,1.08,0.968,4.82,-2.957,1.239,0.5803,0.1322,0.2875,1.355,0.1495,0.1594,0.1322,0.1455,0.1259,0.04647,0.105,0.04013,0.04512,0.05073,4.538,4.538,1.018,0.85,0.85
"friedman","high",2000,50,2,"joint.mbart",1,1.2,0.823,3.367,-2.973,0,0.6747,0.1852,0.1401,0.4863,0.192,0.1738,0.1852,0.1914,0.1175,0.02476,0.01966,0.04047,0.02739,0.0278,4.538,4.538,7.417,6.245,6.245
"friedman","high",2000,50,2,"free",2,1.199,0.9335,4.641,-2.969,1.09,0.5152,0.1168,0.3679,1.331,0.1491,0.1416,0.1168,0.1185,0.106,0.06742,0.0536,0.05465,0.09731,0.09494,4.538,4.538,0.917,0.808,0.808
"friedman","high",2000,50,2,"joint",3,1.254,0.913,4.444,-2.968,0,0.3884,0.1511,0.4605,1.215,0.1023,0.09512,0.1511,0.1155,0.07546,0.0831,0.0969,0.07513,0.09025,0.1151,4.538,4.538,6.514,5.42,5.42
"friedman","high",2000,50,3,"free",1,1.221,0.9435,4.821,-2.967,1.114,0.5253,0.1238,0.3509,1.353,0.1492,0.1433,0.1238,0.1325,0.1003,0.08498,0.04051,0.1252,0.04695,0.05322,4.538,4.538,1.046,0.883,0.883
"friedman","high",2000,50,3,"joint",2,1.298,0.881,4.189,-2.971,0,0.3742,0.1618,0.464,1.233,0.08512,0.08726,0.1618,0.1251,0.07671,0.1193,0.04981,0.1465,0.05582,0.09255,4.538,4.538,6.17,5.268,5.268
"friedman","high",2000,50,3,"joint.mbart",3,1.178,0.7995,3.14,-2.963,0,0.6799,0.2135,0.1067,0.4988,0.1633,0.1698,0.2135,0.2139,0.133,0.01684,0.02558,0.02302,0.01724,0.02398,4.538,4.538,7.542,6.132,6.132
"friedman","high",2000,50,4,"joint",1,1.152,0.939,4.562,-2.936,0,0.4378,0.1581,0.4041,1.196,0.105,0.1082,0.1581,0.1344,0.09016,0.07554,0.08297,0.08076,0.08437,0.08042,4.538,4.538,6.629,5.575,5.575
"friedman","high",2000,50,4,"joint.mbart",2,1.234,0.807,3.314,-2.941,0,0.7099,0.1655,0.1246,0.4566,0.1641,0.1832,0.1655,0.2242,0.1385,0.0382,0.02952,0.01656,0.02155,0.01875,4.538,4.538,7.349,6.087,6.087
"friedman","high",2000,50,4,"free",3,1.126,0.9525,4.713,-2.934,1.209,0.5639,0.1312,0.305,1.36,0.1369,0.1452,0.1312,0.1476,0.1342,0.07667,0.06441,0.07017,0.04466,0.04905,4.538,4.538,0.895,0.795,0.795
"friedman","high",2000,50,5,"joint.mbart",1,1.178,0.827,3.279,-2.962,0,0.6932,0.1844,0.1223,0.5337,0.1681,0.1819,0.1844,0.2312,0.112,0.02571,0.02233,0.03103,0.01566,0.02758,4.538,4.538,7.211,6.082,6.082
"friedman","high",2000,50,5,"free",2,1.203,0.9445,4.629,-2.958,1.272,0.5805,0.1296,0.2899,1.397,0.1693,0.1734,0.1296,0.1497,0.08799,0.04855,0.07852,0.05164,0.05945,0.05175,4.538,4.538,0.907,0.824,0.824
"friedman","high",2000,50,5,"joint",3,1.039,0.9415,4.051,-2.944,0,0.4241,0.1889,0.387,1.132,0.1033,0.1077,0.1889,0.142,0.07106,0.09006,0.08526,0.08801,0.04593,0.07777,4.538,4.538,6.704,5.557,5.557
"friedman","high",2000,50,6,"free",1,0.9029,0.9865,4.75,-2.952,0.9965,0.5502,0.157,0.2928,1.355,0.152,0.1441,0.157,0.147,0.1072,0.04987,0.06156,0.06749,0.05268,0.06121,4.538,4.538,0.944,0.819,0.819
"friedman","high",2000,50,6,"joint",2,1.029,0.966,4.52,-2.963,0,0.4123,0.1842,0.4035,1.196,0.1126,0.08707,0.1842,0.1142,0.09847,0.06934,0.06001,0.0884,0.06593,0.1198,4.538,4.538,6.904,5.728,5.728
"friedman","high",2000,50,6,"joint.mbart",3,1.047,0.8995,3.53,-2.964,0,0.6746,0.243,0.08235,0.5056,0.1959,0.1679,0.243,0.1752,0.1356,0.01709,0.01867,0.01139,0.01519,0.02001,4.538,4.538,7.163,5.981,5.981
"friedman","high",2000,50,7,"joint",1,1.188,0.912,4.217,-2.951,0,0.4119,0.1667,0.4214,1.182,0.1056,0.09688,0.1667,0.1272,0.08219,0.06973,0.09644,0.09444,0.1002,0.06056,4.538,4.538,6.716,5.607,5.607
"friedman","high",2000,50,7,"joint.mbart",2,1.334,0.7015,2.804,-2.971,0,0.6854,0.1929,0.1216,0.4956,0.1447,0.1922,0.1929,0.2154,0.1331,0.02954,0.0339,0.02115,0.01711,0.01994,4.538,4.538,7.148,6.032,6.032
"friedman","high",2000,50,7,"free",3,1.182,0.9475,4.776,-2.948,0.8508,0.5227,0.1294,0.3479,1.424,0.1484,0.1466,0.1294,0.1258,0.1019,0.05666,0.08789,0.08666,0.06972,0.04694,4.538,4.538,0.906,0.797,0.797
"friedman","high",2000,50,8,"joint.mbart",1,1.183,0.8145,3.185,-2.983,0,0.714,0.1881,0.09787,0.5268,0.1987,0.2009,0.1881,0.1885,0.126,0.01238,0.01071,0.0164,0.02733,0.03106,4.538,4.538,7.424,6.193,6.193
"friedman","high",2000,50,8,"free",2,1.186,0.9285,4.454,-2.982,0.9408,0.587,0.1554,0.2576,1.332,0.1574,0.1407,0.1554,0.1642,0.1247,0.03749,0.03427,0.06371,0.06275,0.05938,4.538,4.538,0.934,0.833,0.833
"friedman","high",2000,50,8,"joint",3,1.133,0.929,4.169,-2.981,0,0.4333,0.1639,0.4028,1.168,0.1119,0.09563,0.1639,0.133,0.09272,0.0767,0.06006,0.1009,0.06293,0.1022,4.538,4.538,6.77,5.642,5.642
"additive","low",2000,50,1,"joint",1,0.1171,0.8315,0.3122,-0.4319,0,0.3984,0.3559,0.2458,1.123,0.2257,0.05084,0.1218,0.3559,0.03613,0.03142,0.04874,0.05576,0.03249,0.04122,1.069,0.3562,5.773,4.727,4.727
"additive","low",2000,50,1,"joint.mbart",2,0.1311,0.6995,0.2548,-0.44,0,0.5358,0.3888,0.07547,0.6742,0.285,0.09197,0.1588,0.3888,0.007179,0.01086,0.008663,0.02047,0.01038,0.01792,1.069,0.3562,5.778,4.847,4.847
"additive","low",2000,50,1,"free",3,0.1248,0.835,0.3338,-0.4497,0.4377,0.5006,0.3057,0.1937,1.225,0.229,0.1071,0.1645,0.3057,0.02806,0.0355,0.02969,0.03416,0.02926,0.037,1.069,0.3562,0.913,0.781,0.781
"additive","low",2000,50,2,"joint.mbart",1,0.1286,0.712,0.2667,-0.4296,0,0.4991,0.4417,0.05923,0.6436,0.2917,0.07265,0.1347,0.4417,0.008017,0.01429,0.011,0.01069,0.007955,0.007272,1.069,0.3562,5.461,4.554,4.554
"additive","low",2000,50,2,"free",2,0.124,0.8425,0.3401,-0.4245,0.4618,0.434,0.3058,0.2602,1.259,0.1936,0.1241,0.1163,0.3058,0.079,0.03305,0.03594,0.03209,0.04112,0.03902,1.069,0.3562,0.934,0.833,0.833
"additive","low",2000,50,2,"joint",3,0.1186,0.852,0.3313,-0.4287,0,0.348,0.355,0.297,1.147,0.1915,0.05133,0.1052,0.355,0.05677,0.04617,0.04837,0.04059,0.04132,0.06378,1.069,0.3562,5.511,4.47,4.47
"additive","low",2000,50,3,"free",1,0.1219,0.864,0.3649,-0.4573,0.7109,0.438,0.3069,0.255,1.23,0.1793,0.1306,0.1281,0.3069,0.03999,0.05266,0.03833,0.05904,0.02962,0.0354,1.069,0.3562,0.885,0.794,0.794
"additive","low",2000,50,3,"joint",2,0.1156,0.862,0.347,-0.4576,0,0.3792,0.3316,0.2891,1.16,0.187,0.08219,0.1101,0.3316,0.0474,0.03313,0.05302,0.04788,0.05395,0.05375,1.069,0.3562,5.367,4.395,4.395
"additive","low",2000,50,3,"joint.mbart",3,0.1336,0.685,0.2586,-0.4675,0,0.529,0.4073,0.06375,0.6055,0.2855,0.06448,0.179,0.4073,0.01341,0.009843,0.0115,0.01189,0.005615,0.0115,1.069,0.3562,5.975,4.68,4.68
"additive","low",2000,50,4,"joint",1,0.1299,0.8465,0.3668,-0.444,0,0.3675,0.3554,0.2771,1.136,0.1895,0.04861,0.1294,0.3554,0.03656,0.06711,0.05562,0.04365,0.0403,0.03385,1.069,0.3562,5.657,4.721,4.721
"additive","low",2000,50,4,"joint.mbart",2,0.1517,0.703,0.2868,-0.4601,0,0.5059,0.4187,0.07548,0.6503,0.2882,0.03857,0.1791,0.4187,0.008304,0.009165,0.007997,0.01359,0.007627,0.02879,1.069,0.3562,6.004,4.678,4.678
"additive","low",2000,50,4,"free",3,0.1288,0.861,0.3818,-0.4448,0.5912,0.4565,0.3378,0.2057,1.323,0.2075,0.09021,0.1587,0.3378,0.04025,0.03466,0.03626,0.04285,0.02513,0.02655,1.069,0.3562,1.065,0.815,0.815
"additive","low",2000,50,5,"joint.mbart",1,0.1419,0.6295,0.2314,-0.4576,0,0.4881,0.4328,0.07914,0.608,0.2788,0.06894,0.1403,0.4328,0.02085,0.02059,0.01066,0.009802,0.01026,0.006973,1.069,0.3562,5.641,4.601,4.601
"additive","low",2000,50,5,"free",2,0.1178,0.884,0.3611,-0.4325,0.5912,0.458,0.2903,0.2517,1.176,0.2596,0.07252,0.1259,0.2903,0.05861,0.05391,0.03657,0.03487,0.02993,0.03779,1.069,0.3562,1.002,0.783,0.783
"additive","low",2000,50,5,"joint",3,0.1283,0.8825,0.3584,-0.444,0,0.3425,0.3384,0.319,1.062,0.207,0.03163,0.1039,0.3384,0.08671,0.06653,0.03411,0.04913,0.04375,0.03878,1.069,0.3562,5.418,4.226,4.226
"additive","low",2000,50,6,"free",1,0.1185,0.8865,0.3774,-0.4096,0.3258,0.4602,0.2912,0.2486,1.23,0.2231,0.07661,0.1605,0.2912,0.04216,0.04665,0.04418,0.05172,0.03377,0.03016,1.069,0.3562,0.933,0.802,0.802
"additive","low",2000,50,6,"joint",2,0.1175,0.8725,0.3485,-0.4109,0,0.3769,0.3409,0.2822,1.139,0.2034,0.04742,0.126,0.3409,0.04412,0.04636,0.05388,0.05444,0.05595,0.02743,1.069,0.3562,5.85,4.62,4.62
"additive","low",2000,50,6,"joint.mbart",3,0.1436,0.689,0.2659,-0.434,0,0.4684,0.4314,0.1002,0.6853,0.2674,0.04267,0.1583,0.4314,0.0101,0.01348,0.03473,0.02807,0.00607,0.007763,1.069,0.3562,5.873,4.64,4.64
"additive","low",2000,50,7,"joint",1,0.1188,0.8675,0.3353,-0.4353,0,0.3529,0.3963,0.2508,1.152,0.2071,0.0421,0.1036,0.3963,0.0293,0.03756,0.04294,0.07199,0.02044,0.0486,1.069,0.3562,5.56,4.494,4.494
"additive","low",2000,50,7,"joint.mbart",2,0.1247,0.7805,0.2869,-0.4559,0,0.5088,0.4151,0.0761,0.7102,0.2987,0.08066,0.1294,0.4151,0.008111,0.01166,0.01318,0.02439,0.01036,0.008392,1.069,0.3562,5.761,4.557,4.557
"additive","low",2000,50,7,"free",3,0.1183,0.9215,0.3821,-0.4449,0.4629,0.421,0.3202,0.2587,1.2,0.2106,0.07827,0.1322,0.3202,0.0393,0.045,0.03234,0.06587,0.0275,0.0487,1.069,0.3562,0.949,0.757,0.757
"additive","low",2000,50,8,"joint.mbart",1,0.1452,0.6815,0.2708,-0.4513,0,0.5485,0.381,0.07058,0.6732,0.3055,0.1202,0.1227,0.381,0.012,0.01052,0.00814,0.006357,0.009031,0.02454,1.069,0.3562,5.766,4.548,4.548
"additive","low",2000,50,8,"free",2,0.1339,0.854,0.3743,-0.4296,0.3223,0.444,0.3405,0.2155,1.188,0.2257,0.08745,0.1308,0.3405,0.03595,0.03043,0.03336,0.04352,0.02625,0.04595,1.069,0.3562,1.069,0.757,0.757
"additive","low",2000,50,8,"joint",3,0.1306,0.8315,0.3537,-0.4256,0,0.3798,0.3283,0.2919,1.23,0.1972,0.07213,0.1105,0.3283,0.03297,0.04104,0.04156,0.07216,0.04894,0.05522,1.069,0.3562,5.359,4.328,4.328
"additive","high",2000,50,1,"joint",1,0.2407,0.947,0.9827,-1.491,0,0.2328,0.2127,0.5545,1.218,0.1088,0.05464,0.06935,0.2127,0.08718,0.1099,0.07168,0.06482,0.1072,0.1137,1.069,1.069,4.987,3.914,3.914
"additive","high",2000,50,1,"joint.mbart",2,0.2402,0.776,0.5714,-1.494,0,0.4679,0.3164,0.2156,0.3836,0.2415,0.08946,0.137,0.3164,0.02909,0.07914,0.0293,0.02471,0.0294,0.02398,1.069,1.069,5.55,4.552,4.552
"additive","high",2000,50,1,"free",3,0.2313,0.9725,1.035,-1.485,1.1,0.3699,0.2011,0.429,1.275,0.1427,0.1252,0.102,0.2011,0.07888,0.1089,0.07142,0.05086,0.06279,0.05613,1.069,1.069,1.067,0.786,0.786
"additive","high",2000,50,2,"joint.mbart",1,0.2273,0.828,0.6468,-1.531,0,0.461,0.3546,0.1844,0.3949,0.2754,0.05682,0.1287,0.3546,0.01813,0.02725,0.0395,0.02299,0.05642,0.02016,1.069,1.069,5.735,4.442,4.442
"additive","high",2000,50,2,"free",2,0.2432,0.963,1.029,-1.529,0.9417,0.3712,0.1727,0.4561,1.246,0.1756,0.09322,0.1024,0.1727,0.07687,0.08834,0.08105,0.06393,0.08143,0.06445,1.069,1.069,1.033,0.8,0.8
"additive","high",2000,50,2,"joint",3,0.2451,0.953,1.022,-1.531,0,0.2434,0.1992,0.5573,1.203,0.1328,0.04559,0.06504,0.1992,0.08566,0.06148,0.1305,0.08998,0.08838,0.1013,1.069,1.069,5.316,4.044,4.044
"additive","high",2000,50,3,"free",1,0.2359,0.9675,1.013,-1.523,0.876,0.3324,0.2016,0.466,1.271,0.1515,0.08591,0.09501,0.2016,0.08887,0.06718,0.05975,0.06831,0.1028,0.07905,1.069,1.069,0.916,0.779,0.779
"additive","high",2000,50,3,"joint",2,0.2605,0.936,0.9551,-1.529,0,0.2143,0.2005,0.5852,1.141,0.1165,0.04424,0.05357,0.2005,0.1206,0.07734,0.07099,0.06875,0.1484,0.09914,1.069,1.069,5.219,3.966,3.966
"additive","high",2000,50,3,"joint.mbart",3,0.2455,0.759,0.6053,-1.523,0,0.4071,0.3205,0.2724,0.4005,0.2197,0.1165,0.07081,0.3205,0.08449,0.02896,0.04075,0.02257,0.0756,0.02007,1.069,1.069,5.714,4.503,4.503
"additive","high",2000,50,4,"joint",1,0.245,0.9595,0.9611,-1.531,0,0.2596,0.2267,0.5137,1.153,0.1133,0.06408,0.08219,0.2267,0.09978,0.1542,0.07785,0.06755,0.06571,0.04861,1.069,1.069,5.428,4.163,4.163
"additive","high",2000,50,4,"joint.mbart",2,0.2318,0.8605,0.6583,-1.527,0,0.4649,0.3614,0.1736,0.3866,0.2199,0.09644,0.1486,0.3614,0.04677,0.03094,0.02318,0.02359,0.02628,0.02287,1.069,1.069,5.719,4.561,4.561
"additive","high",2000,50,4,"free",3,0.2225,0.9695,0.9971,-1.531,0.8434,0.3821,0.2496,0.3683,1.234,0.1516,0.1157,0.1148,0.2496,0.09206,0.05259,0.04925,0.05447,0.06715,0.05276,1.069,1.069,0.891,0.749,0.749
"additive","high",2000,50,5,"joint.mbart",1,0.2351,0.8035,0.6186,-1.525,0,0.4231,0.3967,0.1801,0.373,0.2305,0.06348,0.1291,0.3967,0.02134,0.01523,0.03646,0.04804,0.03388,0.0252,1.069,1.069,5.674,4.321,4.321
"additive","high",2000,50,5,"free",2,0.2304,0.968,1.006,-1.519,1.056,0.3642,0.224,0.4118,1.211,0.1417,0.1035,0.119,0.224,0.06754,0.04297,0.06414,0.07065,0.1047,0.06183,1.069,1.069,0.888,0.771,0.771
"additive","high",2000,50,5,"joint",3,0.2388,0.9475,0.9632,-1.52,0,0.2326,0.2326,0.5348,1.112,0.1129,0.04329,0.07643,0.2326,0.1319,0.05063,0.0914,0.1082,0.09413,0.05847,1.069,1.069,5.05,3.889,3.889
"additive","high",2000,50,6,"free",1,0.2599,0.949,1.065,-1.518,1.147,0.3659,0.1739,0.4602,1.217,0.1514,0.09282,0.1217,0.1739,0.07185,0.06466,0.05811,0.06502,0.1098,0.09079,1.069,1.069,1.019,0.776,0.776
"additive","high",2000,50,6,"joint",2,0.2717,0.951,1.052,-1.53,0,0.2326,0.2008,0.5667,1.168,0.1298,0.03724,0.06549,0.2008,0.1048,0.0722,0.07983,0.08774,0.1183,0.1039,1.069,1.069,4.985,3.946,3.946
"additive","high",2000,50,6,"joint.mbart",3,0.2301,0.902,0.759,-1.518,0,0.415,0.3239,0.2611,0.3942,0.2292,0.06636,0.1194,0.3239,0.0206,0.02516,0.02598,0.03562,0.08656,0.06717,1.069,1.069,5.896,4.343,4.343
"additive","high",2000,50,7,"joint",1,0.2131,0.981,0.982,-1.498,0,0.2506,0.2384,0.511,1.097,0.1142,0.0449,0.09155,0.2384,0.09228,0.05913,0.1033,0.09494,0.06201,0.09939,1.069,1.069,4.858,4.039,4.039
"additive","high",2000,50,7,"joint.mbart",2,0.1988,0.919,0.7085,-1.498,0,0.4261,0.4159,0.158,0.4165,0.2056,0.05955,0.161,0.4159,0.02343,0.01921,0.03208,0.04889,0.01758,0.01681,1.069,1.069,5.36,4.399,4.399
"additive","high",2000,50,7,"free",3,0.2281,0.9775,1.082,-1.503,1.597,0.4216,0.2048,0.3736,1.242,0.1474,0.1079,0.1664,0.2048,0.05168,0.07552,0.08441,0.07726,0.0366,0.04813,1.069,1.069,1.081,0.783,0.783
"additive","high",2000,50,8,"joint.mbart",1,0.2262,0.86,0.6578,-1.523,0,0.4809,0.3628,0.1563,0.3844,0.2683,0.06119,0.1514,0.3628,0.01519,0.05464,0.02258,0.02123,0.02841,0.01426,1.069,1.069,5.433,4.538,4.538
"additive","high",2000,50,8,"free",2,0.2495,0.948,0.9635,-1.524,1.03,0.4187,0.1894,0.3919,1.216,0.1768,0.1346,0.1072,0.1894,0.05318,0.07396,0.06877,0.05078,0.06143,0.08376,1.069,1.069,0.915,0.757,0.757
"additive","high",2000,50,8,"joint",3,0.2139,0.959,0.9162,-1.515,0,0.2791,0.273,0.4479,1.074,0.1422,0.05296,0.08395,0.273,0.06373,0.08261,0.08883,0.08392,0.06116,0.06764,1.069,1.069,5.243,4.088,4.088
"interaction","low",2000,50,1,"joint",1,0.1476,0.824,0.4151,-0.5056,0,0.303,0.5428,0.1543,1.502,0.303,0.4199,0.1229,0.06248,0.09178,NA,NA,NA,NA,NA,1.165,0.3884,4.061,3.317,3.317
"interaction","low",2000,50,1,"joint.mbart",2,0.1526,0.7485,0.3617,-0.5126,0,0.3809,0.5515,0.06763,1.034,0.3809,0.4619,0.08956,0.02356,0.04407,NA,NA,NA,NA,NA,1.165,0.3884,4.1,3.392,3.392
"interaction","low",2000,50,1,"free",3,0.1446,0.849,0.4231,-0.5081,0.5325,0.3706,0.5006,0.1287,1.655,0.3706,0.3815,0.1192,0.05263,0.07611,NA,NA,NA,NA,NA,1.165,0.3884,1.058,0.792,0.792
"interaction","low",2000,50,2,"joint.mbart",1,0.155,0.7025,0.3293,-0.5545,0,0.4128,0.5388,0.04845,0.8463,0.4128,0.4077,0.1311,0.0234,0.02505,NA,NA,NA,NA,NA,1.165,0.3884,3.977,3.358,3.358
"interaction","low",2000,50,2,"free",2,0.1379,0.862,0.4213,-0.5346,0.3838,0.3654,0.5064,0.1282,1.522,0.3654,0.3774,0.129,0.07461,0.0536,NA,NA,NA,NA,NA,1.165,0.3884,0.905,0.784,0.784
"interaction","low",2000,50,2,"joint",3,0.1339,0.8655,0.4129,-0.5347,0,0.3025,0.5417,0.1557,1.504,0.3025,0.3984,0.1433,0.04949,0.1062,NA,NA,NA,NA,NA,1.165,0.3884,4.319,3.283,3.283
"interaction","low",2000,50,3,"free",1,0.1383,0.8695,0.4292,-0.5456,0.4531,0.3775,0.5047,0.1177,1.543,0.3775,0.3823,0.1225,0.06164,0.0561,NA,NA,NA,NA,NA,1.165,0.3884,0.973,0.82,0.82
"interaction","low",2000,50,3,"joint",2,0.1428,0.8615,0.4302,-0.5359,0,0.2964,0.5126,0.1909,1.5,0.2964,0.3722,0.1404,0.1037,0.08725,NA,NA,NA,NA,NA,1.165,0.3884,4.067,3.379,3.379
"interaction","low",2000,50,3,"joint.mbart",3,0.1561,0.728,0.34,-0.5564,0,0.4195,0.5314,0.04904,1.002,0.4195,0.3934,0.138,0.01293,0.03611,NA,NA,NA,NA,NA,1.165,0.3884,4.19,3.281,3.281
"interaction","low",2000,50,4,"joint",1,0.1331,0.846,0.3929,-0.5486,0,0.2998,0.5869,0.1133,1.438,0.2998,0.4329,0.154,0.04628,0.06703,NA,NA,NA,NA,NA,1.165,0.3884,3.757,3.255,3.255
"interaction","low",2000,50,4,"joint.mbart",2,0.1575,0.703,0.3328,-0.5746,0,0.3794,0.5796,0.04101,0.948,0.3794,0.452,0.1277,0.02143,0.01958,NA,NA,NA,NA,NA,1.165,0.3884,4.291,3.299,3.299
"interaction","low",2000,50,4,"free",3,0.138,0.8695,0.4237,-0.5692,0.5973,0.3773,0.5167,0.106,1.571,0.3773,0.3746,0.1421,0.05834,0.04767,NA,NA,NA,NA,NA,1.165,0.3884,0.982,0.775,0.775
"interaction","low",2000,50,5,"joint.mbart",1,0.1543,0.731,0.3529,-0.5396,0,0.3847,0.5817,0.0336,0.8893,0.3847,0.4688,0.1129,0.01781,0.01579,NA,NA,NA,NA,NA,1.165,0.3884,4.321,3.403,3.403
"interaction","low",2000,50,5,"free",2,0.1387,0.8555,0.4202,-0.5331,0.7498,0.3762,0.5056,0.1182,1.503,0.3762,0.374,0.1315,0.064,0.05423,NA,NA,NA,NA,NA,1.165,0.3884,0.862,0.752,0.752
"interaction","low",2000,50,5,"joint",3,0.1409,0.841,0.4117,-0.5351,0,0.2958,0.567,0.1372,1.466,0.2958,0.4232,0.1438,0.05418,0.08303,NA,NA,NA,NA,NA,1.165,0.3884,4.728,3.237,3.237
"interaction","low",2000,50,6,"free",1,0.144,0.864,0.4356,-0.532,0.474,0.3642,0.5285,0.1073,1.558,0.3642,0.3775,0.1509,0.04459,0.06274,NA,NA,NA,NA,NA,1.165,0.3884,1.067,0.842,0.842
"interaction","low",2000,50,6,"joint",2,0.1417,0.825,0.3968,-0.5332,0,0.3073,0.5545,0.1382,1.475,0.3073,0.4235,0.131,0.05515,0.08305,NA,NA,NA,NA,NA,1.165,0.3884,3.898,3.331,3.331
"interaction","low",2000,50,6,"joint.mbart",3,0.152,0.759,0.3547,-0.5358,0,0.4032,0.5608,0.03598,1.007,0.4032,0.4384,0.1224,0.01962,0.01636,NA,NA,NA,NA,NA,1.165,0.3884,4.941,3.385,3.385
"interaction","low",2000,50,7,"joint",1,0.1319,0.867,0.4016,-0.5164,0,0.3,0.5659,0.1341,1.495,0.3,0.4093,0.1566,0.0631,0.07102,NA,NA,NA,NA,NA,1.165,0.3884,3.688,2.972,2.972
"interaction","low",2000,50,7,"joint.mbart",2,0.1358,0.7485,0.3246,-0.5202,0,0.3602,0.6137,0.02614,0.9288,0.3602,0.4861,0.1276,0.01361,0.01253,NA,NA,NA,NA,NA,1.165,0.3884,3.867,2.865,2.865
"interaction","low",2000,50,7,"free",3,0.1376,0.858,0.4079,-0.5205,0.3506,0.3709,0.5106,0.1185,1.544,0.3709,0.3729,0.1377,0.06451,0.05396,NA,NA,NA,NA,NA,1.165,0.3884,1.148,0.824,0.824
"interaction","low",2000,50,8,"joint.mbart",1,0.1591,0.734,0.3454,-0.5437,0,0.3535,0.5947,0.05182,0.9849,0.3535,0.4673,0.1274,0.02932,0.0225,NA,NA,NA,NA,NA,1.165,0.3884,4.147,3.376,3.376
"interaction","low",2000,50,8,"free",2,0.1524,0.8355,0.4188,-0.5254,0.4089,0.3517,0.5262,0.1221,1.618,0.3517,0.3657,0.1604,0.03063,0.09148,NA,NA,NA,NA,NA,1.165,0.3884,0.957,0.776,0.776
"interaction","low",2000,50,8,"joint",3,0.1435,0.825,0.3814,-0.516,0,0.3165,0.5657,0.1178,1.397,0.3165,0.4074,0.1583,0.04696,0.07084,NA,NA,NA,NA,NA,1.165,0.3884,4.566,3.183,3.183
"interaction","high",2000,50,1,"joint",1,0.2759,0.9165,1.01,-1.582,0,0.1865,0.5308,0.2827,1.287,0.1865,0.3306,0.2002,0.1307,0.152,NA,NA,NA,NA,NA,1.165,1.165,3.701,2.98,2.98
"interaction","high",2000,50,1,"joint.mbart",2,0.2797,0.7515,0.6529,-1.583,0,0.3843,0.5075,0.1082,0.4427,0.3843,0.392,0.1156,0.05855,0.04961,NA,NA,NA,NA,NA,1.165,1.165,4.745,3.249,3.249
"interaction","high",2000,50,1,"free",3,0.284,0.934,1.089,-1.58,1.118,0.2979,0.4548,0.2473,1.368,0.2979,0.2704,0.1844,0.1227,0.1247,NA,NA,NA,NA,NA,1.165,1.165,1.009,0.786,0.786
"interaction","high",2000,50,2,"joint.mbart",1,0.2757,0.8355,0.7937,-1.58,0,0.3238,0.5578,0.1184,0.4798,0.3238,0.4418,0.116,0.03802,0.08037,NA,NA,NA,NA,NA,1.165,1.165,3.676,3.132,3.132
"interaction","high",2000,50,2,"free",2,0.2886,0.933,1.087,-1.577,1.127,0.2895,0.4712,0.2393,1.309,0.2895,0.3103,0.1609,0.1088,0.1305,NA,NA,NA,NA,NA,1.165,1.165,1.096,0.74,0.74
"interaction","high",2000,50,2,"joint",3,0.2758,0.9365,1.08,-1.575,0,0.176,0.529,0.295,1.287,0.176,0.3298,0.1991,0.1387,0.1563,NA,NA,NA,NA,NA,1.165,1.165,4.171,2.961,2.961
"interaction","high",2000,50,3,"free",1,0.2672,0.9675,1.171,-1.606,1.256,0.249,0.4799,0.2712,1.441,0.249,0.3051,0.1747,0.1364,0.1347,NA,NA,NA,NA,NA,1.165,1.165,1.1,0.826,0.826
"interaction","high",2000,50,3,"joint",2,0.2773,0.9535,1.147,-1.606,0,0.1579,0.4697,0.3724,1.361,0.1579,0.3002,0.1696,0.2139,0.1585,NA,NA,NA,NA,NA,1.165,1.165,3.987,2.916,2.916
"interaction","high",2000,50,3,"joint.mbart",3,0.2871,0.845,0.8184,-1.609,0,0.2988,0.5605,0.1407,0.5282,0.2988,0.4379,0.1227,0.08209,0.05861,NA,NA,NA,NA,NA,1.165,1.165,4.062,2.996,2.996
"interaction","high",2000,50,4,"joint",1,0.2767,0.9435,1.109,-1.579,0,0.1877,0.5298,0.2825,1.263,0.1877,0.2967,0.2331,0.1178,0.1647,NA,NA,NA,NA,NA,1.165,1.165,4.098,3.039,3.039
"interaction","high",2000,50,4,"joint.mbart",2,0.2489,0.879,0.7871,-1.574,0,0.4038,0.5124,0.08375,0.4499,0.4038,0.3433,0.1692,0.03778,0.04596,NA,NA,NA,NA,NA,1.165,1.165,4.246,3.229,3.229
"interaction","high",2000,50,4,"free",3,0.2597,0.965,1.115,-1.574,1.257,0.2869,0.4898,0.2233,1.342,0.2869,0.2657,0.2241,0.1076,0.1157,NA,NA,NA,NA,NA,1.165,1.165,0.963,0.733,0.733
"interaction","high",2000,50,5,"joint.mbart",1,0.3021,0.779,0.774,-1.6,0,0.328,0.5514,0.1206,0.4939,0.328,0.4235,0.1279,0.04309,0.07751,NA,NA,NA,NA,NA,1.165,1.165,4.305,3.148,3.148
"interaction","high",2000,50,5,"free",2,0.254,0.9685,1.171,-1.593,1.068,0.2968,0.4827,0.2205,1.391,0.2968,0.3466,0.1361,0.1037,0.1168,NA,NA,NA,NA,NA,1.165,1.165,0.866,0.704,0.704
"interaction","high",2000,50,5,"joint",3,0.2889,0.9385,1.079,-1.6,0,0.2037,0.4983,0.2979,1.256,0.2037,0.3067,0.1916,0.1661,0.1319,NA,NA,NA,NA,NA,1.165,1.165,4.067,2.962,2.962
"interaction","high",2000,50,6,"free",1,0.2728,0.9515,1.117,-1.574,0.9056,0.2613,0.4887,0.25,1.387,0.2613,0.3146,0.1741,0.1289,0.1211,NA,NA,NA,NA,NA,1.165,1.165,1.15,0.772,0.772
"interaction","high",2000,50,6,"joint",2,0.2685,0.952,1.101,-1.574,0,0.1889,0.522,0.2892,1.29,0.1889,0.3246,0.1974,0.1624,0.1268,NA,NA,NA,NA,NA,1.165,1.165,3.916,3.04,3.04
"interaction","high",2000,50,6,"joint.mbart",3,0.2979,0.8325,0.8144,-1.581,0,0.3185,0.5731,0.1084,0.5093,0.3185,0.4435,0.1296,0.05514,0.05325,NA,NA,NA,NA,NA,1.165,1.165,4.255,3.177,3.177
"interaction","high",2000,50,7,"joint",1,0.2668,0.9505,1.053,-1.595,0,0.19,0.5186,0.2914,1.318,0.19,0.3387,0.1799,0.1607,0.1306,NA,NA,NA,NA,NA,1.165,1.165,4.043,2.994,2.994
"interaction","high",2000,50,7,"joint.mbart",2,0.2685,0.8465,0.7989,-1.597,0,0.3547,0.5458,0.09947,0.522,0.3547,0.4262,0.1196,0.04744,0.05203,NA,NA,NA,NA,NA,1.165,1.165,4.341,3.262,3.262
"interaction","high",2000,50,7,"free",3,0.2377,0.973,1.087,-1.588,0.8867,0.3127,0.4621,0.2252,1.392,0.3127,0.3147,0.1473,0.1247,0.1006,NA,NA,NA,NA,NA,1.165,1.165,0.772,0.722,0.722
"interaction","high",2000,50,8,"joint.mbart",1,0.2876,0.7585,0.6944,-1.595,0,0.3544,0.5658,0.07982,0.4596,0.3544,0.429,0.1367,0.04578,0.03403,NA,NA,NA,NA,NA,1.165,1.165,4.566,3.356,3.356
"interaction","high",2000,50,8,"free",2,0.2456,0.976,1.134,-1.587,0.862,0.2975,0.4702,0.2323,1.396,0.2975,0.2793,0.1909,0.1264,0.1059,NA,NA,NA,NA,NA,1.165,1.165,0.997,0.75,0.75
"interaction","high",2000,50,8,"joint",3,0.2299,0.9845,1.131,-1.587,0,0.1822,0.5031,0.3147,1.342,0.1822,0.3287,0.1744,0.1666,0.1481,NA,NA,NA,NA,NA,1.165,1.165,3.714,2.868,2.868
"friedman","low",200,200,1,"joint",1,1.154,0.986,5.737,-2.056,0,0.2378,0.1451,0.6171,1.266,0.05745,0.05492,0.1451,0.07245,0.05302,0.1225,0.1226,0.1127,0.1282,0.131,4.538,1.513,21.1,17.43,17.43
"friedman","low",200,200,1,"joint.mbart",2,1.076,0.9375,4.042,-2.027,0,0.4481,0.1699,0.382,0.3347,0.1094,0.09451,0.1699,0.1443,0.09986,0.09511,0.07404,0.06911,0.06914,0.07461,4.538,1.513,25.97,21.6,21.6
"friedman","low",200,200,1,"free",3,1.073,0.996,6.095,-2.039,0.5496,0.426,0.1153,0.4587,1.472,0.1046,0.114,0.1153,0.1063,0.101,0.09277,0.08687,0.09105,0.09481,0.0932,4.538,1.513,3.231,2.502,2.502
"friedman","low",200,200,2,"joint.mbart",1,1.052,0.9485,4.11,-2.054,0,0.4562,0.1766,0.3673,0.3387,0.1115,0.1202,0.1766,0.1369,0.08748,0.0801,0.06082,0.07437,0.07319,0.07877,4.538,1.513,25.99,21.01,21.01
"friedman","low",200,200,2,"free",2,1.106,0.9865,5.769,-2.068,0.6335,0.4425,0.1098,0.4478,1.452,0.1166,0.1171,0.1098,0.1095,0.09924,0.0896,0.08662,0.08891,0.08815,0.09447,4.538,1.513,3.224,2.478,2.478
"friedman","low",200,200,2,"joint",3,1.329,0.956,5.45,-2.159,0,0.2353,0.1393,0.6254,1.248,0.06072,0.06069,0.1393,0.06775,0.04615,0.1262,0.1188,0.1313,0.136,0.1132,4.538,1.513,21.65,18.19,18.19
"friedman","low",200,200,3,"free",1,1.32,0.966,5.692,-2.162,0.5109,0.4301,0.1145,0.4554,1.471,0.1054,0.1099,0.1145,0.1169,0.09784,0.09743,0.08668,0.09732,0.0859,0.08805,4.538,1.513,3.223,2.409,2.409
"friedman","low",200,200,3,"joint",2,1.453,0.9265,5.221,-2.272,0,0.2361,0.1417,0.6222,1.268,0.05514,0.05257,0.1417,0.07103,0.05735,0.1384,0.1288,0.1302,0.1117,0.1131,4.538,1.513,21.73,17.56,17.56
"friedman","low",200,200,3,"joint.mbart",3,1.297,0.904,4.379,-2.125,0,0.4326,0.1608,0.4065,0.3614,0.09566,0.1039,0.1608,0.1401,0.09295,0.08119,0.0792,0.08659,0.07488,0.08468,4.538,1.513,26,21.86,21.86
"friedman","low",200,200,4,"joint",1,1.372,0.969,6.212,-2.164,0,0.2121,0.1348,0.6532,1.27,0.0519,0.05478,0.1348,0.05944,0.04594,0.1315,0.1369,0.1272,0.1273,0.1303,4.538,1.513,21.59,17.43,17.43
"friedman","low",200,200,4,"joint.mbart",2,1.33,0.914,4.628,-2.145,0,0.4118,0.1545,0.4337,0.3388,0.09976,0.1062,0.1545,0.119,0.08677,0.09176,0.08013,0.07954,0.0757,0.1065,4.538,1.513,25.73,21.42,21.42
"friedman","low",200,200,4,"free",3,1.384,0.9735,6.552,-2.171,0.6749,0.4119,0.104,0.4842,1.458,0.101,0.1062,0.104,0.1086,0.09609,0.1075,0.09669,0.09881,0.09127,0.08989,4.538,1.513,2.998,2.428,2.428
"friedman","low",200,200,5,"joint.mbart",1,0.9893,0.961,4.163,-2.044,0,0.4665,0.172,0.3615,0.3236,0.1165,0.1167,0.172,0.1465,0.08677,0.08377,0.07027,0.07206,0.06579,0.06965,4.538,1.513,26.21,21.08,21.08
"friedman","low",200,200,5,"free",2,1.124,0.989,5.821,-2.118,0.6362,0.4291,0.1093,0.4616,1.436,0.112,0.1096,0.1093,0.1124,0.09508,0.09654,0.08997,0.09157,0.09268,0.09082,4.538,1.513,2.934,2.401,2.401
"friedman","low",200,200,5,"joint",3,1.113,0.9875,5.754,-2.074,0,0.2274,0.1379,0.6346,1.259,0.05559,0.05661,0.1379,0.06939,0.04583,0.121,0.126,0.1343,0.1284,0.1249,4.538,1.513,21.08,17.93,17.93
"friedman","low",200,200,6,"free",1,1.134,0.988,6.248,-2.101,0.6841,0.4306,0.1095,0.4599,1.492,0.1074,0.1144,0.1095,0.1075,0.1013,0.09177,0.091,0.09257,0.09229,0.09228,4.538,1.513,3.382,2.473,2.473
"friedman","low",200,200,6,"joint",2,1.285,0.97,5.819,-2.13,0,0.2175,0.1422,0.6403,1.269,0.0472,0.05404,0.1422,0.06811,0.04819,0.1289,0.1285,0.1355,0.1247,0.1227,4.538,1.513,21.15,17.2,17.2
"friedman","low",200,200,6,"joint.mbart",3,0.9665,0.9675,4.162,-2.025,0,0.4614,0.1764,0.3622,0.3131,0.09331,0.1144,0.1764,0.16,0.09373,0.07313,0.0792,0.07367,0.08172,0.05448,4.538,1.513,25.64,21.66,21.66
"friedman","low",200,200,7,"joint",1,1.196,0.9855,5.866,-2.086,0,0.221,0.1518,0.6272,1.262,0.05389,0.05418,0.1518,0.06909,0.04389,0.1293,0.1265,0.1209,0.1248,0.1258,4.538,1.513,20.7,17.74,17.74
"friedman","low",200,200,7,"joint.mbart",2,1.06,0.9525,4.307,-2.028,0,0.4347,0.1641,0.4011,0.3314,0.102,0.1116,0.1641,0.1384,0.08273,0.08267,0.08563,0.07528,0.07253,0.08503,4.538,1.513,25.08,21.21,21.21
"friedman","low",200,200,7,"free",3,1.158,0.9875,5.946,-2.064,0.7662,0.4242,0.1037,0.4721,1.461,0.105,0.1056,0.1037,0.1113,0.1022,0.09996,0.09688,0.08731,0.09437,0.09355,4.538,1.513,3.098,2.486,2.486
"friedman","low",200,200,8,"joint.mbart",1,0.9053,0.968,3.968,-1.95,0,0.4706,0.1681,0.3613,0.3462,0.1167,0.1108,0.1681,0.1495,0.09352,0.08477,0.06201,0.07252,0.07183,0.07021,4.538,1.513,25.74,21.84,21.84
"friedman","low",200,200,8,"free",2,0.9903,0.994,5.985,-1.979,0.5845,0.429,0.108,0.463,1.456,0.1076,0.109,0.108,0.116,0.09634,0.09334,0.09036,0.09089,0.09678,0.09161,4.538,1.513,2.976,2.475,2.475
"friedman","low",200,200,8,"joint",3,1.155,0.9785,5.652,-2.033,0,0.241,0.1393,0.6197,1.283,0.05895,0.05866,0.1393,0.07157,0.05182,0.1264,0.1206,0.1228,0.1235,0.1264,4.538,1.513,21.4,18.08,18.08
"friedman","high",200,200,1,"joint",1,1.928,0.9855,9.439,-2.996,0,0.2162,0.1308,0.6531,1.274,0.05396,0.05912,0.1308,0.06015,0.04292,0.1239,0.1377,0.1311,0.1274,0.133,4.538,4.538,20.63,17.69,17.69
"friedman","high",200,200,1,"joint.mbart",2,1.921,0.919,6.8,-2.997,0,0.3896,0.1241,0.4863,0.2956,0.09705,0.1074,0.1241,0.1189,0.0662,0.09975,0.1009,0.1101,0.0891,0.08643,4.538,4.538,25.54,21.76,21.76
"friedman","high",200,200,1,"free",3,1.978,0.986,9.891,-3.001,0.762,0.4185,0.09982,0.4817,1.479,0.1028,0.1077,0.09982,0.107,0.101,0.09307,0.09722,0.09743,0.09792,0.09607,4.538,4.538,3.004,2.47,2.47
"friedman","high",200,200,2,"joint.mbart",1,1.639,0.9785,7.703,-2.994,0,0.3732,0.1335,0.4933,0.2807,0.09183,0.1015,0.1335,0.1145,0.0654,0.1051,0.09528,0.1035,0.0914,0.09799,4.538,4.538,25.52,21.84,21.84
"friedman","high",200,200,2,"free",2,1.832,0.999,11.7,-3.009,0.9761,0.413,0.1009,0.4861,1.472,0.1015,0.1049,0.1009,0.1039,0.1027,0.09324,0.09357,0.1003,0.1007,0.09834,4.538,4.538,3.079,2.54,2.54
"friedman","high",200,200,2,"joint",3,1.942,0.989,10.89,-3.017,0,0.2018,0.1246,0.6735,1.259,0.04991,0.05255,0.1246,0.05888,0.0405,0.1476,0.1347,0.1319,0.1264,0.133,4.538,4.538,20.55,17.2,17.2
"friedman","high",200,200,3,"free",1,1.982,0.9955,10.79,-3.038,1.107,0.4142,0.09791,0.4879,1.497,0.108,0.0971,0.09791,0.1095,0.09962,0.09162,0.1042,0.09989,0.09302,0.09918,4.538,4.538,3.156,2.537,2.537
"friedman","high",200,200,3,"joint",2,1.952,0.99,10.15,-3.022,0,0.1947,0.1366,0.6687,1.268,0.04147,0.04971,0.1366,0.05949,0.04399,0.1326,0.137,0.1292,0.1333,0.1365,4.538,4.538,19.89,17.05,17.05
"friedman","high",200,200,3,"joint.mbart",3,1.764,0.964,7.279,-3.013,0,0.3668,0.126,0.5072,0.2871,0.07919,0.08327,0.126,0.1255,0.07881,0.08863,0.1177,0.1017,0.1023,0.09692,4.538,4.538,25.47,21.66,21.66
"friedman","high",200,200,4,"joint",1,1.917,0.993,10.24,-3.024,0,0.1893,0.1427,0.668,1.273,0.04405,0.05284,0.1427,0.05576,0.03663,0.1377,0.1348,0.1318,0.1319,0.1318,4.538,4.538,19.97,17.12,17.12
"friedman","high",200,200,4,"joint.mbart",2,2.057,0.928,7.364,-3.034,0,0.3474,0.1353,0.5173,0.2846,0.07025,0.09759,0.1353,0.118,0.0616,0.1191,0.09818,0.09952,0.1004,0.1002,4.538,4.538,25.88,21.84,21.84
"friedman","high",200,200,4,"free",3,2.036,0.991,10.93,-3.034,0.8955,0.4067,0.104,0.4893,1.462,0.1005,0.1031,0.104,0.1067,0.09635,0.1033,0.1006,0.09548,0.09304,0.09691,4.538,4.538,3.029,2.493,2.493
"friedman","high",200,200,5,"joint.mbart",1,1.974,0.9405,7.357,-3.029,0,0.3796,0.1213,0.4991,0.281,0.08374,0.08371,0.1213,0.1194,0.09275,0.09848,0.1099,0.09602,0.09691,0.09784,4.538,4.538,25.62,22.04,22.04
"friedman","high",200,200,5,"free",2,2.153,0.9895,10.84,-3.045,1.196,0.4067,0.1065,0.4868,1.471,0.1002,0.1008,0.1065,0.1055,0.1003,0.1007,0.101,0.09382,0.09503,0.0962,4.538,4.538,2.948,2.575,2.575
"friedman","high",200,200,5,"joint",3,2.155,0.981,10.18,-3.044,0,0.2036,0.1399,0.6565,1.273,0.04665,0.04456,0.1399,0.06224,0.05021,0.1268,0.1401,0.1319,0.1253,0.1324,4.538,4.538,21.22,17.62,17.62
"friedman","high",200,200,6,"free",1,2.044,0.993,11.07,-3.06,1.098,0.4157,0.09714,0.4872,1.465,0.1042,0.1085,0.09714,0.1061,0.09679,0.103,0.08989,0.09986,0.09806,0.09642,4.538,4.538,2.703,2.393,2.393
"friedman","high",200,200,6,"joint",2,2.078,0.9885,10.36,-3.059,0,0.1946,0.1325,0.6729,1.273,0.04688,0.05215,0.1325,0.05479,0.04081,0.1401,0.1301,0.129,0.1422,0.1314,4.538,4.538,19.9,16.94,16.94
"friedman","high",200,200,6,"joint.mbart",3,1.814,0.968,7.612,-3.032,0,0.3542,0.1437,0.5021,0.2899,0.08585,0.09579,0.1437,0.1058,0.06678,0.1025,0.09975,0.08837,0.1112,0.1003,4.538,4.538,25.46,21.62,21.62
"friedman","high",200,200,7,"joint",1,1.971,0.9845,9.519,-3.03,0,0.2066,0.1369,0.6566,1.28,0.05128,0.04721,0.1369,0.0626,0.04546,0.1346,0.1233,0.1371,0.1347,0.1268,4.538,4.538,19.88,17.32,17.32
"friedman","high",200,200,7,"joint.mbart",2,1.905,0.929,6.908,-3.029,0,0.3853,0.1237,0.491,0.2933,0.09933,0.07955,0.1237,0.1262,0.0802,0.09486,0.1085,0.09459,0.09981,0.09323,4.538,4.538,25.94,22.1,22.1
"friedman","high",200,200,7,"free",3,1.969,0.989,10.02,-3.033,0.867,0.4033,0.1052,0.4915,1.495,0.09966,0.09644,0.1052,0.1099,0.0973,0.0936,0.1009,0.09753,0.1011,0.09842,4.538,4.538,3.172,2.438,2.438
"friedman","high",200,200,8,"joint.mbart",1,1.976,0.9415,7.43,-3.036,0,0.3394,0.1513,0.5093,0.2684,0.06553,0.09153,0.1513,0.1195,0.06281,0.1108,0.09544,0.1,0.09828,0.1047,4.538,4.538,25.14,21.49,21.49
"friedman","high",200,200,8,"free",2,2.113,0.9925,11.57,-3.048,0.9973,0.3978,0.1076,0.4946,1.457,0.09758,0.1029,0.1076,0.1031,0.09419,0.09825,0.09599,0.1018,0.09735,0.1013,4.538,4.538,2.845,2.532,2.532
"friedman","high",200,200,8,"joint",3,1.863,0.996,10.87,-3.027,0,0.1802,0.1383,0.6815,1.267,0.03857,0.04605,0.1383,0.05812,0.03743,0.1377,0.1378,0.1364,0.129,0.1406,4.538,4.538,20.5,16.91,16.91
"additive","low",200,200,1,"joint",1,0.2523,0.9895,1.353,-0.5891,0,0.1407,0.1504,0.7089,1.303,0.06087,0.03557,0.0443,0.1504,0.1305,0.1011,0.1186,0.1176,0.1141,0.1269,1.069,0.3562,15.68,13.52,13.52
"additive","low",200,200,1,"joint.mbart",2,0.1931,0.9765,0.8412,-0.5334,0,0.2812,0.2606,0.4582,0.2935,0.1281,0.06389,0.08925,0.2606,0.08216,0.07221,0.08049,0.06311,0.0582,0.102,1.069,0.3562,18.63,16,16
"additive","low",200,200,1,"free",3,0.2665,0.99,1.4,-0.6278,0.5545,0.3058,0.1262,0.568,1.462,0.1074,0.1064,0.09207,0.1262,0.09943,0.09176,0.09486,0.09089,0.08695,0.1041,1.069,0.3562,2.912,2.375,2.375
"additive","low",200,200,2,"joint.mbart",1,0.1814,0.985,0.8947,-0.5019,0,0.2782,0.2516,0.4703,0.3246,0.1295,0.06443,0.08427,0.2516,0.06883,0.08291,0.08898,0.07767,0.07693,0.07493,1.069,0.3562,18.16,15.8,15.8
"additive","low",200,200,2,"free",2,0.2248,0.998,1.411,-0.5629,0.5744,0.2973,0.1336,0.5691,1.432,0.1073,0.09375,0.09629,0.1336,0.08966,0.09456,0.09966,0.09539,0.09442,0.09536,1.069,0.3562,3.05,2.347,2.347
"additive","low",200,200,2,"joint",3,0.2428,0.9935,1.29,-0.5909,0,0.1371,0.166,0.6969,1.3,0.05712,0.03698,0.04302,0.166,0.1123,0.1136,0.123,0.1208,0.1087,0.1184,1.069,0.3562,15.21,13.23,13.23
"additive","low",200,200,3,"free",1,0.2682,0.982,1.293,-0.6615,0.8165,0.3069,0.1309,0.5622,1.443,0.1041,0.09955,0.1032,0.1309,0.08975,0.09893,0.09075,0.09953,0.0929,0.09033,1.069,0.3562,2.977,2.335,2.335
"additive","low",200,200,3,"joint",2,0.2645,0.9735,1.201,-0.6591,0,0.1413,0.1582,0.7005,1.297,0.06163,0.03975,0.03996,0.1582,0.1152,0.1203,0.1296,0.1112,0.1106,0.1137,1.069,0.3562,16.21,13.18,13.18
"additive","low",200,200,3,"joint.mbart",3,0.2363,0.939,0.8959,-0.5965,0,0.2876,0.2249,0.4875,0.3335,0.1286,0.07647,0.08253,0.2249,0.07818,0.08948,0.07494,0.0843,0.08819,0.07236,1.069,0.3562,18.66,15.7,15.7
"additive","low",200,200,4,"joint",1,0.2266,0.993,1.197,-0.5688,0,0.1402,0.1517,0.7082,1.319,0.06547,0.038,0.03669,0.1517,0.1255,0.1233,0.1113,0.1181,0.1159,0.1141,1.069,0.3562,16.5,13.34,13.34
"additive","low",200,200,4,"joint.mbart",2,0.1961,0.961,0.8131,-0.5275,0,0.2873,0.2522,0.4605,0.3179,0.1537,0.06348,0.07012,0.2522,0.08733,0.07682,0.06886,0.07994,0.07191,0.07559,1.069,0.3562,19.1,15.83,15.83
"additive","low",200,200,4,"free",3,0.2338,0.993,1.26,-0.5823,0.5736,0.3023,0.1339,0.5638,1.449,0.1043,0.1005,0.09752,0.1339,0.1004,0.09194,0.09691,0.0922,0.08999,0.0923,1.069,0.3562,2.291,2.191,2.191
"additive","low",200,200,5,"joint.mbart",1,0.1861,0.9865,0.9308,-0.5114,0,0.2932,0.2554,0.4514,0.3123,0.1339,0.07878,0.08058,0.2554,0.07699,0.07785,0.08215,0.07443,0.0735,0.06645,1.069,0.3562,20.51,16.24,16.24
"additive","low",200,200,5,"free",2,0.246,0.993,1.435,-0.5863,0.541,0.3093,0.1339,0.5568,1.438,0.11,0.1012,0.09812,0.1339,0.09798,0.09531,0.09692,0.08806,0.08994,0.08862,1.069,0.3562,2.533,2.268,2.268
"additive","low",200,200,5,"joint",3,0.2523,0.9925,1.366,-0.5955,0,0.1456,0.1511,0.7033,1.306,0.0622,0.0408,0.04258,0.1511,0.1137,0.1235,0.1172,0.1124,0.1222,0.1143,1.069,0.3562,12.95,12.41,12.41
"additive","low",200,200,6,"free",1,0.2806,0.985,1.364,-0.6647,0.5819,0.3126,0.1227,0.5647,1.452,0.1107,0.1118,0.09003,0.1227,0.0963,0.09774,0.09245,0.1001,0.08325,0.09486,1.069,0.3562,3.153,2.387,2.387
"additive","low",200,200,6,"joint",2,0.2514,0.987,1.243,-0.6363,0,0.1544,0.1545,0.691,1.306,0.06839,0.04705,0.03898,0.1545,0.1255,0.117,0.1068,0.1206,0.111,0.1102,1.069,0.3562,17.19,13.73,13.73
"additive","low",200,200,6,"joint.mbart",3,0.2126,0.9665,0.9037,-0.5649,0,0.2917,0.2195,0.4888,0.3396,0.1419,0.0819,0.06791,0.2195,0.0801,0.09053,0.06853,0.088,0.07957,0.08202,1.069,0.3562,15.83,14.96,14.96
"additive","low",200,200,7,"joint",1,0.2429,0.989,1.275,-0.6403,0,0.1397,0.1528,0.7075,1.293,0.06478,0.0367,0.03822,0.1528,0.1252,0.1251,0.1074,0.1164,0.1096,0.1238,1.069,0.3562,16.35,13.12,13.12
"additive","low",200,200,7,"joint.mbart",2,0.2239,0.9455,0.8497,-0.6262,0,0.2726,0.2425,0.4848,0.3205,0.1403,0.06293,0.06939,0.2425,0.07435,0.09095,0.07959,0.08059,0.07532,0.08405,1.069,0.3562,16.44,14.92,14.92
"additive","low",200,200,7,"free",3,0.258,0.992,1.339,-0.6633,0.4852,0.301,0.1302,0.5688,1.435,0.1061,0.1016,0.09332,0.1302,0.1039,0.08669,0.09105,0.09768,0.09365,0.09575,1.069,0.3562,2.223,2.156,2.156
"additive","low",200,200,8,"joint.mbart",1,0.2222,0.949,0.8603,-0.5677,0,0.2911,0.2401,0.4689,0.3525,0.1424,0.07946,0.06925,0.2401,0.06817,0.08445,0.08159,0.07501,0.07359,0.08604,1.069,0.3562,20.21,16.25,16.25
"additive","low",200,200,8,"free",2,0.2503,0.981,1.258,-0.6182,0.5197,0.3023,0.1319,0.5658,1.48,0.1073,0.09987,0.09513,0.1319,0.08837,0.09527,0.09325,0.09644,0.09271,0.09979,1.069,0.3562,2.543,2.317,2.317
"additive","low",200,200,8,"joint",3,0.2544,0.971,1.152,-0.639,0,0.1521,0.1596,0.6883,1.324,0.06811,0.04466,0.03938,0.1596,0.1161,0.1193,0.1149,0.1147,0.1102,0.113,1.069,0.3562,13.22,12.49,12.49
"additive","high",200,200,1,"joint",1,0.5087,0.9855,2.529,-1.6,0,0.1153,0.1401,0.7446,1.315,0.04639,0.03767,0.03123,0.1401,0.1185,0.13,0.1151,0.1227,0.1266,0.1317,1.069,1.069,12.31,11.69,11.69
"additive","high",200,200,1,"joint.mbart",2,0.3976,0.966,1.69,-1.559,0,0.2172,0.163,0.6198,0.2785,0.09507,0.06768,0.05443,0.163,0.1011,0.1086,0.09927,0.1115,0.09453,0.1047,1.069,1.069,15,14.38,14.38
"additive","high",200,200,1,"free",3,0.4948,0.9905,2.681,-1.597,0.9996,0.304,0.1126,0.5835,1.473,0.09993,0.1075,0.09648,0.1126,0.09368,0.09734,0.09404,0.09873,0.1028,0.0969,1.069,1.069,2.362,2.239,2.239
"additive","high",200,200,2,"joint.mbart",1,0.3794,0.9485,1.502,-1.574,0,0.2381,0.1702,0.5917,0.2947,0.1033,0.07289,0.06196,0.1702,0.1032,0.1083,0.09026,0.0947,0.09721,0.09803,1.069,1.069,15.44,14.75,14.75
"additive","high",200,200,2,"free",2,0.4776,0.9835,2.284,-1.608,0.8437,0.3015,0.1143,0.5842,1.469,0.1006,0.1055,0.09536,0.1143,0.09751,0.09943,0.09685,0.09573,0.09502,0.09966,1.069,1.069,2.343,2.229,2.229
"additive","high",200,200,2,"joint",3,0.443,0.985,2.176,-1.592,0,0.1299,0.1401,0.73,1.321,0.04923,0.04239,0.03831,0.1401,0.1309,0.1222,0.1266,0.1201,0.1184,0.1119,1.069,1.069,12.58,12.07,12.07
"additive","high",200,200,3,"free",1,0.5028,0.987,2.39,-1.572,0.8578,0.3102,0.1103,0.5795,1.447,0.1047,0.1032,0.1023,0.1103,0.09298,0.09571,0.09546,0.09919,0.09812,0.09808,1.069,1.069,2.46,2.253,2.253
"additive","high",200,200,3,"joint",2,0.5262,0.973,2.307,-1.577,0,0.1306,0.1408,0.7286,1.321,0.04525,0.04222,0.04314,0.1408,0.1141,0.1163,0.1235,0.1187,0.1266,0.1294,1.069,1.069,12.68,12.16,12.16
"additive","high",200,200,3,"joint.mbart",3,0.4487,0.9295,1.594,-1.55,0,0.2359,0.1725,0.5915,0.2972,0.084,0.0769,0.07505,0.1725,0.09608,0.09443,0.09988,0.09541,0.1068,0.09891,1.069,1.069,15.61,14.95,14.95
"additive","high",200,200,4,"joint",1,0.4674,0.992,2.563,-1.567,0,0.1265,0.125,0.7484,1.318,0.05151,0.04448,0.03055,0.125,0.1159,0.1251,0.1316,0.1243,0.133,0.1186,1.069,1.069,12.54,11.93,11.93
"additive","high",200,200,4,"joint.mbart",2,0.3782,0.962,1.671,-1.538,0,0.2269,0.1695,0.6036,0.2854,0.1096,0.07496,0.0423,0.1695,0.1041,0.09731,0.1066,0.09514,0.1141,0.08634,1.069,1.069,15.16,14.52,14.52
"additive","high",200,200,4,"free",3,0.4534,0.9945,2.664,-1.564,1.209,0.3106,0.1095,0.5799,1.474,0.1043,0.1052,0.1011,0.1095,0.09096,0.09869,0.09743,0.09918,0.09907,0.09456,1.069,1.069,2.207,2.16,2.16
"additive","high",200,200,5,"joint.mbart",1,0.4061,0.945,1.609,-1.574,0,0.274,0.1467,0.5793,0.2925,0.1179,0.089,0.06708,0.1467,0.09926,0.09745,0.08756,0.1111,0.09126,0.09269,1.069,1.069,15.88,15.3,15.3
"additive","high",200,200,5,"free",2,0.427,0.997,2.414,-1.584,0.9121,0.3097,0.1128,0.5775,1.456,0.1089,0.1046,0.09615,0.1128,0.09722,0.09743,0.0998,0.09512,0.09216,0.09572,1.069,1.069,2.351,2.219,2.219
"additive","high",200,200,5,"joint",3,0.4592,0.99,2.324,-1.593,0,0.1437,0.1315,0.7248,1.313,0.05647,0.04701,0.04024,0.1315,0.1195,0.1181,0.121,0.1163,0.12,0.1299,1.069,1.069,12.8,12.33,12.33
"additive","high",200,200,6,"free",1,0.4767,0.9895,2.443,-1.616,0.9255,0.3023,0.1073,0.5904,1.469,0.1058,0.1012,0.09536,0.1073,0.09413,0.09761,0.1002,0.1004,0.1027,0.09538,1.069,1.069,2.404,2.251,2.251
"additive","high",200,200,6,"joint",2,0.5186,0.979,2.326,-1.631,0,0.1324,0.1346,0.733,1.312,0.05366,0.03657,0.04214,0.1346,0.1185,0.1254,0.1205,0.1286,0.118,0.122,1.069,1.069,12.78,12.18,12.18
"additive","high",200,200,6,"joint.mbart",3,0.4554,0.9265,1.615,-1.61,0,0.2539,0.1546,0.5915,0.2922,0.1125,0.06958,0.07184,0.1546,0.09312,0.09579,0.09891,0.1005,0.1013,0.1019,1.069,1.069,15.31,14.82,14.82
"additive","high",200,200,7,"joint",1,0.5702,0.9805,2.645,-1.643,0,0.1295,0.1321,0.7383,1.307,0.05179,0.04127,0.03648,0.1321,0.1273,0.1219,0.1184,0.1235,0.1263,0.1208,1.069,1.069,12.43,11.97,11.97
"additive","high",200,200,7,"joint.mbart",2,0.4734,0.945,1.804,-1.613,0,0.2356,0.1595,0.6049,0.2844,0.09689,0.07621,0.06253,0.1595,0.09988,0.1051,0.09228,0.09411,0.105,0.1086,1.069,1.069,14.98,14.59,14.59
"additive","high",200,200,7,"free",3,0.5533,0.988,2.813,-1.635,1.107,0.302,0.1052,0.5929,1.465,0.1003,0.1017,0.0999,0.1052,0.09593,0.09809,0.09678,0.09681,0.1021,0.1032,1.069,1.069,2.297,2.195,2.195
"additive","high",200,200,8,"joint.mbart",1,0.3919,0.9705,1.704,-1.572,0,0.2497,0.1516,0.5987,0.2971,0.1095,0.07095,0.0692,0.1516,0.1018,0.1048,0.09545,0.1028,0.09478,0.09912,1.069,1.069,15.54,14.98,14.98
"additive","high",200,200,8,"free",2,0.4402,0.9965,2.545,-1.591,0.9211,0.3069,0.1065,0.5866,1.486,0.104,0.1032,0.09965,0.1065,0.09754,0.09911,0.09661,0.09995,0.09706,0.09638,1.069,1.069,2.196,2.164,2.164
"additive","high",200,200,8,"joint",3,0.4661,0.99,2.439,-1.598,0,0.1345,0.134,0.7316,1.321,0.05531,0.04097,0.03819,0.134,0.1273,0.1288,0.1183,0.126,0.1099,0.1212,1.069,1.069,12.52,12.08,12.08
"interaction","low",200,200,1,"joint",1,0.2891,0.9705,1.32,-0.6726,0,0.0983,0.4589,0.4428,1.384,0.0983,0.2436,0.2153,0.2216,0.2212,NA,NA,NA,NA,NA,1.165,0.3884,9.275,9.057,9.057
"interaction","low",200,200,1,"joint.mbart",2,0.2685,0.95,0.9941,-0.6441,0,0.2064,0.4635,0.3302,0.3803,0.2064,0.2949,0.1685,0.1787,0.1515,NA,NA,NA,NA,NA,1.165,0.3884,10.4,10.19,10.19
"interaction","low",200,200,1,"free",3,0.2931,0.9765,1.341,-0.6823,0.6648,0.2268,0.41,0.3632,1.484,0.2268,0.2247,0.1853,0.1828,0.1804,NA,NA,NA,NA,NA,1.165,0.3884,2.131,2.074,2.074
"interaction","low",200,200,2,"joint.mbart",1,0.2033,0.9855,0.954,-0.5894,0,0.2194,0.4886,0.292,0.3565,0.2194,0.3423,0.1463,0.1388,0.1532,NA,NA,NA,NA,NA,1.165,0.3884,10.37,10.1,10.1
"interaction","low",200,200,2,"free",2,0.2711,0.98,1.307,-0.6871,0.7542,0.2222,0.4196,0.3582,1.495,0.2222,0.2298,0.1898,0.1744,0.1838,NA,NA,NA,NA,NA,1.165,0.3884,2.069,2.028,2.028
"interaction","low",200,200,2,"joint",3,0.2729,0.978,1.31,-0.683,0,0.1041,0.4709,0.425,1.397,0.1041,0.2545,0.2165,0.1989,0.2261,NA,NA,NA,NA,NA,1.165,0.3884,9.326,9.037,9.037
"interaction","low",200,200,3,"free",1,0.277,0.9785,1.346,-0.6886,0.5967,0.2169,0.4078,0.3753,1.521,0.2169,0.2269,0.1809,0.1834,0.1919,NA,NA,NA,NA,NA,1.165,0.3884,2.159,2.093,2.093
"interaction","low",200,200,3,"joint",2,0.2939,0.976,1.332,-0.7191,0,0.1066,0.4679,0.4255,1.415,0.1066,0.2593,0.2086,0.2049,0.2206,NA,NA,NA,NA,NA,1.165,0.3884,9.451,9.185,9.185
"interaction","low",200,200,3,"joint.mbart",3,0.2282,0.9665,0.9898,-0.6191,0,0.221,0.481,0.298,0.3974,0.221,0.3157,0.1653,0.1446,0.1534,NA,NA,NA,NA,NA,1.165,0.3884,10.74,10.37,10.37
"interaction","low",200,200,4,"joint",1,0.2765,0.974,1.269,-0.6768,0,0.1062,0.4645,0.4293,1.371,0.1062,0.2611,0.2034,0.219,0.2103,NA,NA,NA,NA,NA,1.165,0.3884,9.497,9.23,9.23
"interaction","low",200,200,4,"joint.mbart",2,0.2571,0.9315,0.9319,-0.6545,0,0.2337,0.47,0.2963,0.3671,0.2337,0.3087,0.1614,0.146,0.1503,NA,NA,NA,NA,NA,1.165,0.3884,10.6,10.27,10.27
"interaction","low",200,200,4,"free",3,0.2573,0.9865,1.32,-0.6608,0.521,0.2196,0.4052,0.3752,1.468,0.2196,0.2179,0.1872,0.187,0.1883,NA,NA,NA,NA,NA,1.165,0.3884,2.231,2.099,2.099
"interaction","low",200,200,5,"joint.mbart",1,0.2733,0.939,1.011,-0.6884,0,0.2229,0.4943,0.2827,0.3656,0.2229,0.3196,0.1748,0.1338,0.1489,NA,NA,NA,NA,NA,1.165,0.3884,11.23,10.57,10.57
"interaction","low",200,200,5,"free",2,0.2925,0.9845,1.405,-0.7102,0.9561,0.2216,0.4183,0.3602,1.48,0.2216,0.2198,0.1984,0.1818,0.1784,NA,NA,NA,NA,NA,1.165,0.3884,2.238,2.094,2.094
"interaction","low",200,200,5,"joint",3,0.3153,0.971,1.382,-0.7392,0,0.1043,0.4582,0.4375,1.392,0.1043,0.2418,0.2164,0.2178,0.2197,NA,NA,NA,NA,NA,1.165,0.3884,10.97,9.583,9.583
"interaction","low",200,200,6,"free",1,0.27,0.979,1.262,-0.6529,0.4853,0.2125,0.4153,0.3722,1.486,0.2125,0.228,0.1873,0.1899,0.1823,NA,NA,NA,NA,NA,1.165,0.3884,2.215,2.089,2.089
"interaction","low",200,200,6,"joint",2,0.278,0.969,1.226,-0.665,0,0.1027,0.4772,0.4201,1.403,0.1027,0.259,0.2182,0.2124,0.2077,NA,NA,NA,NA,NA,1.165,0.3884,10.16,9.373,9.373
"interaction","low",200,200,6,"joint.mbart",3,0.254,0.928,0.9181,-0.6371,0,0.2144,0.511,0.2746,0.3734,0.2144,0.33,0.181,0.1403,0.1343,NA,NA,NA,NA,NA,1.165,0.3884,12.07,10.69,10.69
"interaction","low",200,200,7,"joint",1,0.2587,0.988,1.335,-0.6634,0,0.1006,0.477,0.4223,1.379,0.1006,0.2529,0.2242,0.2138,0.2085,NA,NA,NA,NA,NA,1.165,0.3884,10.17,9.43,9.43
"interaction","low",200,200,7,"joint.mbart",2,0.2538,0.9415,0.9293,-0.6556,0,0.216,0.4831,0.3008,0.3474,0.216,0.3139,0.1692,0.162,0.1388,NA,NA,NA,NA,NA,1.165,0.3884,11.76,10.63,10.63
"interaction","low",200,200,7,"free",3,0.2554,0.9875,1.366,-0.6564,0.6129,0.2178,0.4102,0.3719,1.494,0.2178,0.2222,0.188,0.1884,0.1835,NA,NA,NA,NA,NA,1.165,0.3884,2.426,2.131,2.131
"interaction","low",200,200,8,"joint.mbart",1,0.2737,0.926,0.9693,-0.6656,0,0.2201,0.4819,0.298,0.3677,0.2201,0.3097,0.1722,0.1476,0.1504,NA,NA,NA,NA,NA,1.165,0.3884,11.28,10.57,10.57
"interaction","low",200,200,8,"free",2,0.2696,0.9865,1.357,-0.6675,0.6862,0.2181,0.4102,0.3717,1.473,0.2181,0.2221,0.1881,0.191,0.1807,NA,NA,NA,NA,NA,1.165,0.3884,2.417,2.089,2.089
"interaction","low",200,200,8,"joint",3,0.2698,0.9875,1.35,-0.6694,0,0.1077,0.4691,0.4232,1.384,0.1077,0.2554,0.2137,0.2176,0.2055,NA,NA,NA,NA,NA,1.165,0.3884,10.85,9.663,9.663
"interaction","high",200,200,1,"joint",1,0.4955,0.9755,2.259,-1.683,0,0.08844,0.4589,0.4527,1.363,0.08844,0.2335,0.2254,0.2195,0.2331,NA,NA,NA,NA,NA,1.165,1.165,9.631,9.006,9.006
"interaction","high",200,200,1,"joint.mbart",2,0.5228,0.86,1.541,-1.692,0,0.1804,0.4375,0.3821,0.3019,0.1804,0.2326,0.2048,0.1897,0.1924,NA,NA,NA,NA,NA,1.165,1.165,12.35,10.92,10.92
"interaction","high",200,200,1,"free",3,0.4847,0.983,2.336,-1.676,0.8419,0.2084,0.4073,0.3843,1.462,0.2084,0.2081,0.1992,0.1945,0.1898,NA,NA,NA,NA,NA,1.165,1.165,2.17,2.036,2.036
"interaction","high",200,200,2,"joint.mbart",1,0.4734,0.926,1.682,-1.628,0,0.1916,0.4232,0.3852,0.312,0.1916,0.2417,0.1815,0.1874,0.1979,NA,NA,NA,NA,NA,1.165,1.165,11.41,10.69,10.69
"interaction","high",200,200,2,"free",2,0.4627,0.99,2.466,-1.619,0.9904,0.2108,0.4007,0.3886,1.477,0.2108,0.206,0.1946,0.192,0.1965,NA,NA,NA,NA,NA,1.165,1.165,2.312,2.091,2.091
"interaction","high",200,200,2,"joint",3,0.507,0.981,2.394,-1.632,0,0.09151,0.4577,0.4508,1.374,0.09151,0.2345,0.2232,0.227,0.2237,NA,NA,NA,NA,NA,1.165,1.165,10.64,9.357,9.357
"interaction","high",200,200,3,"free",1,0.4101,0.997,2.4,-1.637,1.125,0.2114,0.4092,0.3794,1.484,0.2114,0.2082,0.2011,0.1919,0.1875,NA,NA,NA,NA,NA,1.165,1.165,2.24,2.078,2.078
"interaction","high",200,200,3,"joint",2,0.4443,0.992,2.347,-1.647,0,0.08432,0.4686,0.4471,1.38,0.08432,0.2307,0.2379,0.22,0.2271,NA,NA,NA,NA,NA,1.165,1.165,11.17,9.371,9.371
"interaction","high",200,200,3,"joint.mbart",3,0.425,0.9555,1.672,-1.643,0,0.1721,0.4474,0.3805,0.3223,0.1721,0.237,0.2104,0.1935,0.187,NA,NA,NA,NA,NA,1.165,1.165,12.84,11.19,11.19
"interaction","high",200,200,4,"joint",1,0.5005,0.9765,2.418,-1.669,0,0.09121,0.4652,0.4436,1.373,0.09121,0.2425,0.2226,0.2185,0.2251,NA,NA,NA,NA,NA,1.165,1.165,11.45,9.577,9.577
"interaction","high",200,200,4,"joint.mbart",2,0.4708,0.927,1.673,-1.657,0,0.1852,0.4267,0.3881,0.3084,0.1852,0.2386,0.1881,0.1984,0.1897,NA,NA,NA,NA,NA,1.165,1.165,12.58,11.23,11.23
"interaction","high",200,200,4,"free",3,0.4696,0.986,2.497,-1.662,1.364,0.2073,0.4065,0.3862,1.491,0.2073,0.2093,0.1972,0.1979,0.1883,NA,NA,NA,NA,NA,1.165,1.165,2.927,2.229,2.229
"interaction","high",200,200,5,"joint.mbart",1,0.5374,0.8855,1.636,-1.656,0,0.1902,0.4357,0.3741,0.2978,0.1902,0.2256,0.21,0.1819,0.1923,NA,NA,NA,NA,NA,1.165,1.165,13.01,11.07,11.07
"interaction","high",200,200,5,"free",2,0.5456,0.973,2.534,-1.656,0.9743,0.2092,0.3995,0.3913,1.467,0.2092,0.2041,0.1954,0.1958,0.1955,NA,NA,NA,NA,NA,1.165,1.165,2.412,2.143,2.143
"interaction","high",200,200,5,"joint",3,0.5644,0.9685,2.447,-1.659,0,0.08558,0.4687,0.4457,1.355,0.08558,0.2325,0.2362,0.2252,0.2206,NA,NA,NA,NA,NA,1.165,1.165,10.62,9.22,9.22
"interaction","high",200,200,6,"free",1,0.4083,0.999,2.499,-1.629,0.9395,0.2148,0.4114,0.3738,1.484,0.2148,0.2144,0.197,0.1887,0.1851,NA,NA,NA,NA,NA,1.165,1.165,2.568,2.137,2.137
"interaction","high",200,200,6,"joint",2,0.4223,0.9915,2.397,-1.63,0,0.08739,0.4805,0.4321,1.364,0.08739,0.251,0.2295,0.2088,0.2233,NA,NA,NA,NA,NA,1.165,1.165,11,9.321,9.321
"interaction","high",200,200,6,"joint.mbart",3,0.3597,0.981,1.718,-1.61,0,0.1726,0.4807,0.3466,0.3296,0.1726,0.2854,0.1954,0.1782,0.1685,NA,NA,NA,NA,NA,1.165,1.165,13.17,11.27,11.27
"interaction","high",200,200,7,"joint",1,0.5068,0.9825,2.451,-1.65,0,0.08663,0.4619,0.4515,1.37,0.08663,0.2412,0.2207,0.2254,0.2261,NA,NA,NA,NA,NA,1.165,1.165,11.21,9.382,9.382
"interaction","high",200,200,7,"joint.mbart",2,0.4195,0.956,1.76,-1.625,0,0.1676,0.4399,0.3925,0.3245,0.1676,0.2422,0.1978,0.1999,0.1926,NA,NA,NA,NA,NA,1.165,1.165,12.33,10.86,10.86
"interaction","high",200,200,7,"free",3,0.5012,0.9885,2.557,-1.646,1.086,0.2107,0.3997,0.3896,1.485,0.2107,0.2033,0.1964,0.1909,0.1987,NA,NA,NA,NA,NA,1.165,1.165,2.958,2.28,2.28
"interaction","high",200,200,8,"joint.mbart",1,0.4666,0.9465,1.816,-1.643,0,0.1717,0.4395,0.3888,0.3001,0.1717,0.2436,0.1959,0.197,0.1918,NA,NA,NA,NA,NA,1.165,1.165,13.18,11.25,11.25
"interaction","high",200,200,8,"free",2,0.4727,0.9965,2.69,-1.641,1.065,0.2114,0.4026,0.3861,1.469,0.2114,0.2116,0.191,0.1937,0.1924,NA,NA,NA,NA,NA,1.165,1.165,2.451,2.131,2.131
"interaction","high",200,200,8,"joint",3,0.5238,0.9895,2.636,-1.658,0,0.08436,0.4592,0.4564,1.358,0.08436,0.2344,0.2248,0.2278,0.2286,NA,NA,NA,NA,NA,1.165,1.165,11.23,9.389,9.389
"friedman","low",200,50,1,"joint",1,1.27,0.9025,4.439,-2.098,0,0.3986,0.1544,0.447,1.315,0.09351,0.09108,0.1544,0.1288,0.08524,0.09388,0.08122,0.094,0.08274,0.09512,4.538,1.513,6.651,5.286,5.286
"friedman","low",200,50,1,"joint.mbart",2,1.396,0.7705,3.387,-2.173,0,0.6199,0.1889,0.1911,0.5194,0.1303,0.1428,0.1889,0.1992,0.1476,0.07578,0.02988,0.03003,0.03219,0.02326,4.538,1.513,6.719,5.437,5.437
"friedman","low",200,50,1,"free",3,1.205,0.96,4.964,-2.086,0.7482,0.5347,0.1348,0.3305,1.49,0.1442,0.1432,0.1348,0.14,0.1072,0.0915,0.06189,0.07615,0.05797,0.04301,4.538,1.513,0.973,0.656,0.656
"friedman","low",200,50,2,"joint.mbart",1,1.394,0.7845,3.594,-2.209,0,0.5786,0.2124,0.209,0.5496,0.1637,0.156,0.2124,0.1598,0.09905,0.04825,0.03042,0.02584,0.04621,0.05829,4.538,1.513,6.758,5.459,5.459
"friedman","low",200,50,2,"free",2,1.369,0.863,4.21,-2.304,0.6683,0.5035,0.1417,0.3548,1.443,0.1354,0.1516,0.1417,0.1254,0.09109,0.06271,0.06465,0.05567,0.09358,0.0782,4.538,1.513,0.695,0.6,0.6
"friedman","low",200,50,2,"joint",3,1.465,0.8385,4.163,-2.335,0,0.3895,0.164,0.4466,1.345,0.08598,0.1093,0.164,0.1227,0.07146,0.1034,0.07586,0.07563,0.1063,0.08544,4.538,1.513,7.102,5.255,5.255
"friedman","low",200,50,3,"free",1,1.557,0.8405,4.524,-2.352,0.7148,0.52,0.1247,0.3552,1.487,0.1339,0.1309,0.1247,0.1382,0.1171,0.05909,0.07951,0.07707,0.05145,0.08813,4.538,1.513,0.846,0.651,0.651
"friedman","low",200,50,3,"joint",2,1.661,0.765,4.085,-2.473,0,0.402,0.182,0.416,1.328,0.08292,0.09349,0.182,0.1386,0.08704,0.09849,0.08888,0.05321,0.08301,0.09241,4.538,1.513,6.677,5.326,5.326
"friedman","low",200,50,3,"joint.mbart",3,1.274,0.905,4.345,-2.103,0,0.5905,0.173,0.2365,0.6121,0.1494,0.1349,0.173,0.1762,0.13,0.03927,0.0462,0.07005,0.03437,0.04659,4.538,1.513,7.864,5.83,5.83
"friedman","low",200,50,4,"joint",1,1.502,0.8575,4.565,-2.269,0,0.3491,0.155,0.4958,1.28,0.08915,0.08427,0.155,0.1003,0.07546,0.1045,0.1225,0.09121,0.1023,0.07527,4.538,1.513,5.895,4.836,4.836
"friedman","low",200,50,4,"joint.mbart",2,1.471,0.7975,3.801,-2.19,0,0.6164,0.1724,0.2112,0.5046,0.1576,0.1374,0.1724,0.1817,0.1397,0.06888,0.02164,0.02695,0.05826,0.03551,4.538,1.513,7.327,5.481,5.481
"friedman","low",200,50,4,"free",3,1.358,0.908,4.83,-2.193,0.9072,0.5022,0.1114,0.3864,1.445,0.1303,0.1339,0.1114,0.1304,0.1076,0.09631,0.07364,0.07602,0.07192,0.06849,4.538,1.513,0.83,0.632,0.632
"friedman","low",200,50,5,"joint.mbart",1,1.261,0.8555,3.784,-2.135,0,0.6274,0.1694,0.2033,0.5534,0.1535,0.1695,0.1694,0.1832,0.1212,0.08486,0.02009,0.03296,0.04098,0.02436,4.538,1.513,6.943,5.653,5.653
"friedman","low",200,50,5,"free",2,1.444,0.8595,4.342,-2.39,0.6014,0.5287,0.1397,0.3316,1.481,0.1413,0.1417,0.1397,0.1336,0.1122,0.06598,0.1054,0.07094,0.04661,0.04262,4.538,1.513,0.746,0.61,0.61
"friedman","low",200,50,5,"joint",3,1.236,0.9185,4.5,-2.135,0,0.4088,0.1594,0.4318,1.2,0.1079,0.1008,0.1594,0.1243,0.07585,0.1118,0.07329,0.08749,0.06842,0.09078,4.538,1.513,6.901,5.211,5.211
"friedman","low",200,50,6,"free",1,1.34,0.9485,5.15,-2.181,0.9173,0.4924,0.1325,0.3751,1.494,0.1288,0.1362,0.1325,0.1275,0.09984,0.07689,0.07095,0.0589,0.08369,0.08463,4.538,1.513,0.875,0.644,0.644
"friedman","low",200,50,6,"joint",2,1.368,0.9135,4.747,-2.188,0,0.3453,0.1585,0.4962,1.29,0.06927,0.08816,0.1585,0.1181,0.06977,0.07709,0.1075,0.1207,0.09516,0.09572,4.538,1.513,5.666,4.775,4.775
"friedman","low",200,50,6,"joint.mbart",3,1.125,0.9285,4.205,-2.08,0,0.6126,0.2076,0.1798,0.515,0.1251,0.1445,0.2076,0.2222,0.1209,0.02998,0.04536,0.03022,0.04948,0.02478,4.538,1.513,7.507,5.631,5.631
"friedman","low",200,50,7,"joint",1,1.27,0.9475,4.977,-2.119,0,0.3828,0.1515,0.4657,1.293,0.09708,0.09863,0.1515,0.114,0.07304,0.1138,0.09872,0.09724,0.07685,0.07917,4.538,1.513,5.965,5.127,5.127
"friedman","low",200,50,7,"joint.mbart",2,1.214,0.8975,3.96,-2.088,0,0.6701,0.1524,0.1775,0.4717,0.1601,0.1757,0.1524,0.2175,0.1168,0.03231,0.03078,0.05792,0.02671,0.02976,4.538,1.513,5.636,5.358,5.358
"friedman","low",200,50,7,"free",3,1.415,0.881,4.546,-2.291,0.7728,0.5562,0.1252,0.3186,1.566,0.1301,0.143,0.1252,0.161,0.1221,0.06754,0.07122,0.05327,0.06471,0.0619,4.538,1.513,0.608,0.603,0.603
"friedman","low",200,50,8,"joint.mbart",1,1.177,0.868,3.644,-2.032,0,0.6514,0.2017,0.1469,0.5687,0.1688,0.164,0.2017,0.1928,0.1258,0.03671,0.0211,0.0211,0.04051,0.02743,4.538,1.513,6.525,5.7,5.7
"friedman","low",200,50,8,"free",2,1.246,0.9195,4.504,-2.1,1.182,0.565,0.1343,0.3007,1.484,0.1471,0.1595,0.1343,0.1585,0.09983,0.07523,0.05659,0.05182,0.06276,0.05432,4.538,1.513,0.646,0.613,0.613
"friedman","low",200,50,8,"joint",3,1.162,0.929,4.406,-2.051,0,0.4156,0.1597,0.4247,1.263,0.0949,0.1112,0.1597,0.1239,0.08556,0.08904,0.09259,0.07064,0.08746,0.08502,4.538,1.513,5.075,4.882,4.882
"friedman","high",200,50,1,"joint",1,2.034,0.977,9.243,-3.006,0,0.3159,0.1266,0.5575,1.302,0.07998,0.08999,0.1266,0.08615,0.05974,0.1085,0.1113,0.1192,0.1064,0.1122,4.538,4.538,5.733,5.009,5.009
"friedman","high",200,50,1,"joint.mbart",2,2.05,0.9315,7.328,-3.008,0,0.5399,0.1295,0.3307,0.3883,0.1362,0.1492,0.1295,0.1606,0.09394,0.065,0.06757,0.08622,0.05016,0.0617,4.538,4.538,5.612,5.362,5.362
"friedman","high",200,50,1,"free",3,1.99,0.9815,9.607,-3.007,1.216,0.4558,0.103,0.4413,1.505,0.1147,0.119,0.103,0.1251,0.09704,0.0855,0.09773,0.09363,0.07934,0.08508,4.538,4.538,0.632,0.588,0.588
"friedman","high",200,50,2,"joint.mbart",1,1.929,0.957,8.077,-3.009,0,0.5131,0.1523,0.3347,0.3836,0.1256,0.1349,0.1523,0.159,0.09354,0.06862,0.04557,0.08708,0.06299,0.07039,4.538,4.538,6.274,5.548,5.548
"friedman","high",200,50,2,"free",2,1.865,0.995,10.78,-3.006,1.377,0.4587,0.1022,0.4391,1.423,0.1106,0.1177,0.1022,0.1223,0.1081,0.08323,0.08166,0.1043,0.08543,0.0845,4.538,4.538,0.67,0.604,0.604
"friedman","high",200,50,2,"joint",3,1.8,0.9945,10.62,-3.002,0,0.2939,0.1395,0.5666,1.27,0.07142,0.08247,0.1395,0.08493,0.05513,0.101,0.09284,0.137,0.1089,0.1268,4.538,4.538,4.672,4.447,4.447
"friedman","high",200,50,3,"free",1,2.11,0.985,10.24,-3.059,1.548,0.4365,0.1171,0.4465,1.481,0.1204,0.09578,0.1171,0.1185,0.1018,0.06742,0.1228,0.09389,0.06855,0.09378,4.538,4.538,0.737,0.661,0.661
"friedman","high",200,50,3,"joint",2,2.078,0.9795,9.735,-3.046,0,0.2813,0.1347,0.5839,1.283,0.05896,0.06738,0.1347,0.08823,0.06678,0.1023,0.1613,0.129,0.09054,0.1009,4.538,4.538,5.3,4.767,4.767
"friedman","high",200,50,3,"joint.mbart",3,1.926,0.944,7.662,-3.028,0,0.5097,0.1449,0.3454,0.372,0.1176,0.1093,0.1449,0.1739,0.1089,0.06581,0.09969,0.07377,0.04678,0.05936,4.538,4.538,5.471,5.205,5.205
"friedman","high",200,50,4,"joint",1,2.093,0.987,10.16,-3.032,0,0.2548,0.1399,0.6053,1.29,0.06309,0.07053,0.1399,0.07543,0.04576,0.1249,0.09946,0.1153,0.1155,0.15,4.538,4.538,5.242,4.652,4.652
"friedman","high",200,50,4,"joint.mbart",2,2.193,0.939,8.168,-3.041,0,0.4529,0.1417,0.4055,0.3789,0.09838,0.1297,0.1417,0.152,0.07273,0.08772,0.09659,0.07347,0.06946,0.07822,4.538,4.538,5.469,5.221,5.221
"friedman","high",200,50,4,"free",3,2.105,0.987,10.65,-3.036,1.513,0.4392,0.1138,0.447,1.483,0.1065,0.1133,0.1138,0.1167,0.1026,0.08722,0.08933,0.09782,0.07991,0.09275,4.538,4.538,0.644,0.59,0.59
"friedman","high",200,50,5,"joint.mbart",1,2.057,0.951,8.092,-3.04,0,0.5196,0.1542,0.3263,0.3809,0.1127,0.118,0.1542,0.1732,0.1157,0.06269,0.08663,0.06574,0.05093,0.06028,4.538,4.538,6.001,5.45,5.45
"friedman","high",200,50,5,"free",2,2.186,0.9845,10.46,-3.053,1.929,0.4464,0.1153,0.4383,1.486,0.1044,0.1085,0.1153,0.1211,0.1125,0.08528,0.09012,0.0874,0.08175,0.09376,4.538,4.538,0.66,0.591,0.591
"friedman","high",200,50,5,"joint",3,2.26,0.97,9.98,-3.057,0,0.2794,0.1329,0.5877,1.292,0.05924,0.06138,0.1329,0.09498,0.0638,0.1205,0.1226,0.1071,0.1044,0.1331,4.538,4.538,5.14,4.739,4.739
"friedman","high",200,50,6,"free",1,2.177,0.9795,10.49,-3.071,1.36,0.4366,0.1202,0.4432,1.496,0.1232,0.1093,0.1202,0.1057,0.09841,0.1002,0.08598,0.08381,0.08509,0.08811,4.538,4.538,0.721,0.619,0.619
"friedman","high",200,50,6,"joint",2,2.261,0.972,10.04,-3.079,0,0.2904,0.1288,0.5808,1.293,0.07116,0.08093,0.1288,0.07738,0.06089,0.1351,0.1201,0.1073,0.1132,0.1051,4.538,4.538,5.309,4.723,4.723
"friedman","high",200,50,6,"joint.mbart",3,2.181,0.947,8.351,-3.063,0,0.4606,0.1598,0.3796,0.4282,0.1303,0.1333,0.1598,0.1161,0.08089,0.09583,0.07435,0.06791,0.09397,0.04754,4.538,4.538,6.206,5.412,5.412
"friedman","high",200,50,7,"joint",1,2.047,0.977,9.321,-3.042,0,0.29,0.1482,0.5618,1.288,0.07868,0.06182,0.1482,0.087,0.06253,0.09924,0.1211,0.1216,0.1143,0.1056,4.538,4.538,5.496,4.898,4.898
"friedman","high",200,50,7,"joint.mbart",2,2.088,0.9335,7.482,-3.045,0,0.5245,0.1355,0.34,0.3787,0.1297,0.105,0.1355,0.1836,0.1062,0.05049,0.1095,0.05039,0.06602,0.06359,4.538,4.538,6.017,5.545,5.545
"friedman","high",200,50,7,"free",3,1.958,0.9875,9.618,-3.03,1.142,0.4463,0.1072,0.4465,1.467,0.1118,0.1018,0.1072,0.121,0.1117,0.07946,0.09745,0.09574,0.0935,0.08036,4.538,4.538,0.787,0.599,0.599
"friedman","high",200,50,8,"joint.mbart",1,2.41,0.872,7.198,-3.078,0,0.4924,0.1656,0.3421,0.3218,0.09173,0.1362,0.1656,0.1833,0.08104,0.0895,0.06364,0.06725,0.0583,0.06339,4.538,4.538,6.002,5.357,5.357
"friedman","high",200,50,8,"free",2,2.185,0.983,10.76,-3.054,1.136,0.4157,0.1202,0.464,1.424,0.1029,0.0983,0.1202,0.1219,0.09271,0.09496,0.08547,0.0946,0.08853,0.1005,4.538,4.538,0.651,0.602,0.602
"friedman","high",200,50,8,"joint",3,2.168,0.9765,10.35,-3.054,0,0.255,0.1409,0.6041,1.275,0.05249,0.06696,0.1409,0.09058,0.04496,0.1419,0.09171,0.1184,0.1289,0.1231,4.538,4.538,5.008,4.468,4.468
"additive","low",200,50,1,"joint",1,0.2697,0.9535,1.088,-0.6191,0,0.2464,0.1989,0.5546,1.257,0.1213,0.04986,0.07528,0.1989,0.07909,0.09968,0.1106,0.07563,0.07626,0.1134,1.069,0.3562,4.195,3.723,3.723
"additive","low",200,50,1,"joint.mbart",2,0.2513,0.827,0.6804,-0.6372,0,0.3949,0.3708,0.2343,0.4227,0.195,0.06265,0.1372,0.3708,0.03057,0.04117,0.0335,0.03009,0.02479,0.07419,1.069,0.3562,4.403,4.093,4.093
"additive","low",200,50,1,"free",3,0.2501,0.9665,1.11,-0.5972,0.6718,0.3595,0.1754,0.4652,1.376,0.1432,0.1079,0.1084,0.1754,0.08937,0.07262,0.07408,0.05567,0.06879,0.1046,1.069,0.3562,0.624,0.58,0.58
"additive","low",200,50,2,"joint.mbart",1,0.2653,0.7805,0.6252,-0.6345,0,0.388,0.3313,0.2807,0.4158,0.1961,0.06108,0.1308,0.3313,0.0428,0.04752,0.0934,0.04434,0.02886,0.02376,1.069,0.3562,4.558,3.982,3.982
"additive","low",200,50,2,"free",2,0.2039,0.9875,1.069,-0.5364,0.8223,0.3432,0.2106,0.4462,1.367,0.1447,0.08562,0.1129,0.2106,0.06909,0.08588,0.07392,0.08705,0.06198,0.0683,1.069,0.3562,0.636,0.569,0.569
"additive","low",200,50,2,"joint",3,0.2619,0.9375,0.9976,-0.6209,0,0.2394,0.2187,0.5419,1.238,0.1213,0.04906,0.06909,0.2187,0.07614,0.08286,0.1102,0.08926,0.08793,0.09546,1.069,0.3562,4.128,3.768,3.768
"additive","low",200,50,3,"free",1,0.3044,0.895,0.9944,-0.7694,0.7479,0.3373,0.1849,0.4778,1.463,0.1299,0.1081,0.09936,0.1849,0.0722,0.1034,0.07127,0.07152,0.08598,0.0734,1.069,0.3562,0.77,0.6,0.6
"additive","low",200,50,3,"joint",2,0.2793,0.912,0.9905,-0.7156,0,0.2298,0.2106,0.5596,1.319,0.1093,0.05186,0.06866,0.2106,0.08583,0.1162,0.09965,0.08916,0.08925,0.07955,1.069,0.3562,4.416,3.602,3.602
"additive","low",200,50,3,"joint.mbart",3,0.2541,0.893,0.8797,-0.6134,0,0.3834,0.2891,0.3275,0.4902,0.1767,0.09603,0.1106,0.2891,0.02334,0.07866,0.04855,0.09587,0.04773,0.03337,1.069,0.3562,4.363,3.977,3.977
"additive","low",200,50,4,"joint",1,0.2489,0.9305,0.902,-0.631,0,0.2305,0.2255,0.5439,1.257,0.1218,0.04459,0.06411,0.2255,0.1176,0.07493,0.0832,0.1192,0.07197,0.07703,1.069,0.3562,4.41,3.496,3.496
"additive","low",200,50,4,"joint.mbart",2,0.2377,0.814,0.6302,-0.6096,0,0.3777,0.3663,0.2559,0.4424,0.2309,0.06193,0.08489,0.3663,0.06473,0.03119,0.02721,0.04258,0.03246,0.05777,1.069,0.3562,4.474,3.973,3.973
"additive","low",200,50,4,"free",3,0.2406,0.959,1.011,-0.5995,0.6686,0.3568,0.1927,0.4506,1.417,0.171,0.09037,0.09536,0.1927,0.1052,0.05587,0.08421,0.09054,0.05237,0.06233,1.069,0.3562,0.647,0.599,0.599
"additive","low",200,50,5,"joint.mbart",1,0.2067,0.9405,0.8163,-0.5534,0,0.4444,0.3099,0.2457,0.4393,0.2482,0.07903,0.1172,0.3099,0.0519,0.05354,0.04034,0.04817,0.01985,0.03187,1.069,0.3562,4.959,4.062,4.062
"additive","low",200,50,5,"free",2,0.204,0.989,1.168,-0.5408,0.6069,0.3571,0.1989,0.4441,1.361,0.139,0.1067,0.1113,0.1989,0.07086,0.08276,0.07521,0.074,0.0651,0.07615,1.069,0.3562,0.62,0.549,0.549
"additive","low",200,50,5,"joint",3,0.2249,0.984,1.148,-0.5603,0,0.2426,0.2325,0.5249,1.295,0.1071,0.06064,0.07485,0.2325,0.09804,0.1127,0.06972,0.07794,0.08282,0.08374,1.069,0.3562,4.221,3.82,3.82
"additive","low",200,50,6,"free",1,0.2824,0.927,1.01,-0.7237,0.5526,0.3518,0.1781,0.4701,1.462,0.1619,0.08573,0.1041,0.1781,0.07564,0.108,0.04653,0.1052,0.05589,0.07884,1.069,0.3562,0.761,0.612,0.612
"additive","low",200,50,6,"joint",2,0.2491,0.9535,1.003,-0.6453,0,0.2453,0.2089,0.5458,1.299,0.1199,0.06479,0.06066,0.2089,0.08456,0.1123,0.07621,0.1035,0.08314,0.0861,1.069,0.3562,4.363,3.632,3.632
"additive","low",200,50,6,"joint.mbart",3,0.2311,0.874,0.7077,-0.595,0,0.4304,0.3526,0.217,0.4526,0.2455,0.08671,0.0982,0.3526,0.02926,0.05948,0.03049,0.02952,0.02537,0.04287,1.069,0.3562,4.68,4.239,4.239
"additive","low",200,50,7,"joint",1,0.2519,0.9455,0.9736,-0.6627,0,0.2277,0.2051,0.5672,1.237,0.1198,0.04658,0.06129,0.2051,0.08243,0.1149,0.08757,0.1025,0.07425,0.1055,1.069,0.3562,4.377,3.603,3.603
"additive","low",200,50,7,"joint.mbart",2,0.272,0.8565,0.7484,-0.7,0,0.3702,0.3253,0.3044,0.4374,0.2089,0.062,0.0994,0.3253,0.03566,0.08605,0.03008,0.0758,0.03237,0.04444,1.069,0.3562,4.476,4.012,4.012
"additive","low",200,50,7,"free",3,0.252,0.96,1.061,-0.6771,0.8242,0.3447,0.1831,0.4722,1.44,0.1564,0.09424,0.09405,0.1831,0.06055,0.09096,0.07658,0.09177,0.06005,0.09233,1.069,0.3562,0.612,0.571,0.571
"additive","low",200,50,8,"joint.mbart",1,0.2778,0.7835,0.6604,-0.6582,0,0.4353,0.3404,0.2243,0.4488,0.2447,0.107,0.0837,0.3404,0.02977,0.04795,0.0394,0.02968,0.03726,0.0402,1.069,0.3562,5.176,4.121,4.121
"additive","low",200,50,8,"free",2,0.242,0.964,1.026,-0.628,0.5379,0.3414,0.1925,0.4661,1.486,0.1589,0.09411,0.0884,0.1925,0.07257,0.08641,0.0926,0.05361,0.1035,0.05743,1.069,0.3562,0.657,0.604,0.604
"additive","low",200,50,8,"joint",3,0.267,0.933,0.9958,-0.6436,0,0.2398,0.2214,0.5388,1.33,0.1177,0.05951,0.06264,0.2214,0.06159,0.1006,0.1223,0.06501,0.08588,0.1034,1.069,0.3562,4.154,3.781,3.781
"additive","high",200,50,1,"joint",1,0.4935,0.9745,2.275,-1.603,0,0.1593,0.159,0.6817,1.295,0.07509,0.0452,0.039,0.159,0.1161,0.1087,0.1018,0.1037,0.1056,0.1459,1.069,1.069,4.056,3.366,3.366
"additive","high",200,50,1,"joint.mbart",2,0.3829,0.9635,1.625,-1.56,0,0.293,0.2467,0.4603,0.3488,0.1334,0.08349,0.07615,0.2467,0.08142,0.08922,0.07087,0.0719,0.05642,0.09048,1.069,1.069,4.347,3.825,3.825
"additive","high",200,50,1,"free",3,0.4516,0.992,2.488,-1.583,1.515,0.3082,0.1437,0.5481,1.454,0.1067,0.1126,0.08894,0.1437,0.104,0.08307,0.08478,0.09138,0.09149,0.09337,1.069,1.069,0.623,0.577,0.577
"additive","high",200,50,2,"joint.mbart",1,0.3973,0.9335,1.489,-1.582,0,0.3347,0.21,0.4553,0.3588,0.1545,0.08562,0.09454,0.21,0.06912,0.09409,0.06154,0.05507,0.09119,0.08428,1.069,1.069,5.038,4.133,4.133
"additive","high",200,50,2,"free",2,0.4774,0.978,2.186,-1.614,1.143,0.319,0.1369,0.5441,1.492,0.1198,0.107,0.0923,0.1369,0.1102,0.0957,0.082,0.07801,0.08551,0.09262,1.069,1.069,0.668,0.614,0.614
"additive","high",200,50,2,"joint",3,0.4824,0.965,2.072,-1.617,0,0.165,0.159,0.6761,1.34,0.07079,0.04432,0.04987,0.159,0.1247,0.1353,0.105,0.1132,0.09458,0.1034,1.069,1.069,3.758,3.39,3.39
"additive","high",200,50,3,"free",1,0.483,0.9865,2.277,-1.565,1.092,0.3378,0.1268,0.5353,1.448,0.1182,0.1165,0.1031,0.1268,0.08843,0.07769,0.0921,0.08365,0.09147,0.102,1.069,1.069,0.704,0.619,0.619
"additive","high",200,50,3,"joint",2,0.4794,0.981,2.197,-1.569,0,0.1857,0.1715,0.6428,1.306,0.06183,0.06232,0.06158,0.1715,0.1183,0.09833,0.1166,0.1026,0.1098,0.0972,1.069,1.069,4.576,3.726,3.726
"additive","high",200,50,3,"joint.mbart",3,0.4412,0.944,1.66,-1.549,0,0.3452,0.2256,0.4292,0.3475,0.1272,0.1078,0.1102,0.2256,0.08782,0.05398,0.07436,0.0602,0.08713,0.06572,1.069,1.069,4.609,4.088,4.088
"additive","high",200,50,4,"joint",1,0.4706,0.983,2.286,-1.566,0,0.1739,0.1373,0.6887,1.295,0.08215,0.05886,0.03292,0.1373,0.1033,0.1432,0.1103,0.09345,0.1233,0.1151,1.069,1.069,4.512,3.615,3.615
"additive","high",200,50,4,"joint.mbart",2,0.3987,0.94,1.532,-1.543,0,0.3547,0.203,0.4424,0.3096,0.1955,0.1053,0.05388,0.203,0.0624,0.0947,0.1009,0.06124,0.05194,0.07119,1.069,1.069,4.591,4.075,4.075
"additive","high",200,50,4,"free",3,0.4746,0.9845,2.404,-1.571,1.38,0.3244,0.1172,0.5585,1.427,0.1285,0.1068,0.08913,0.1172,0.07334,0.1131,0.1183,0.08419,0.07959,0.08994,1.069,1.069,0.664,0.571,0.571
"additive","high",200,50,5,"joint.mbart",1,0.3715,0.968,1.677,-1.562,0,0.4148,0.2,0.3852,0.3502,0.1967,0.1251,0.09309,0.2,0.06294,0.06191,0.06785,0.09903,0.0442,0.04923,1.069,1.069,5.491,4.452,4.452
"additive","high",200,50,5,"free",2,0.4293,0.99,2.255,-1.588,1.219,0.3577,0.1261,0.5162,1.435,0.1288,0.1168,0.1121,0.1261,0.09751,0.08074,0.09774,0.09197,0.06995,0.07826,1.069,1.069,0.649,0.6,0.6
"additive","high",200,50,5,"joint",3,0.4418,0.9885,2.231,-1.586,0,0.2222,0.1486,0.6291,1.318,0.09174,0.07137,0.05914,0.1486,0.09775,0.1156,0.111,0.1027,0.0966,0.1056,1.069,1.069,4.111,3.613,3.613
"additive","high",200,50,6,"free",1,0.4559,0.989,2.302,-1.609,1.345,0.3342,0.1268,0.5389,1.485,0.1308,0.1022,0.1013,0.1268,0.08296,0.0849,0.09293,0.09231,0.09996,0.08587,1.069,1.069,0.766,0.627,0.627
"additive","high",200,50,6,"joint",2,0.4727,0.9815,2.215,-1.617,0,0.2018,0.1531,0.6451,1.315,0.08813,0.04847,0.06523,0.1531,0.08895,0.1119,0.1305,0.09981,0.1048,0.1091,1.069,1.069,4.359,3.736,3.736
"additive","high",200,50,6,"joint.mbart",3,0.4187,0.9465,1.639,-1.594,0,0.3676,0.1967,0.4357,0.3612,0.1777,0.08382,0.1061,0.1967,0.05514,0.06456,0.06943,0.07651,0.07452,0.09556,1.069,1.069,4.465,4.051,4.051
"additive","high",200,50,7,"joint",1,0.6335,0.9405,2.429,-1.688,0,0.1753,0.1636,0.661,1.342,0.07188,0.05778,0.04567,0.1636,0.1291,0.1159,0.1009,0.101,0.1104,0.1038,1.069,1.069,3.813,3.545,3.545
"additive","high",200,50,7,"joint.mbart",2,0.5225,0.897,1.673,-1.63,0,0.3581,0.1959,0.4459,0.3112,0.168,0.09924,0.09089,0.1959,0.07379,0.06466,0.06865,0.04242,0.08356,0.1129,1.069,1.069,3.996,3.875,3.875
"additive","high",200,50,7,"free",3,0.5388,0.9785,2.584,-1.631,1.286,0.3127,0.1374,0.55,1.447,0.116,0.1124,0.08427,0.1374,0.1001,0.09766,0.07697,0.07612,0.09323,0.106,1.069,1.069,0.619,0.571,0.571
"additive","high",200,50,8,"joint.mbart",1,0.4018,0.9625,1.744,-1.579,0,0.35,0.1722,0.4778,0.3857,0.1525,0.09988,0.0977,0.1722,0.07021,0.09842,0.07882,0.07965,0.07177,0.07893,1.069,1.069,4.335,4.071,4.071
"additive","high",200,50,8,"free",2,0.4113,0.998,2.467,-1.576,1.355,0.3398,0.1177,0.5426,1.5,0.1215,0.1168,0.1014,0.1177,0.08577,0.1035,0.09121,0.0934,0.08121,0.08745,1.069,1.069,0.59,0.577,0.577
"additive","high",200,50,8,"joint",3,0.458,0.989,2.358,-1.6,0,0.1889,0.1489,0.6621,1.34,0.07936,0.05616,0.05341,0.1489,0.08921,0.137,0.1201,0.1124,0.1034,0.1001,1.069,1.069,3.603,3.437,3.437
"interaction","low",200,50,1,"joint",1,0.3567,0.898,1.134,-0.7741,0,0.1595,0.48,0.3605,1.438,0.1595,0.2884,0.1916,0.1793,0.1812,NA,NA,NA,NA,NA,1.165,0.3884,2.876,2.731,2.731
"interaction","low",200,50,1,"joint.mbart",2,0.2973,0.891,0.9349,-0.6879,0,0.3275,0.5036,0.1688,0.5106,0.3275,0.3491,0.1546,0.08688,0.08194,NA,NA,NA,NA,NA,1.165,0.3884,3.014,2.887,2.887
"interaction","low",200,50,1,"free",3,0.2948,0.9485,1.181,-0.6837,0.671,0.2754,0.4321,0.2925,1.484,0.2754,0.2555,0.1766,0.1596,0.1329,NA,NA,NA,NA,NA,1.165,0.3884,0.6,0.564,0.564
"interaction","low",200,50,2,"joint.mbart",1,0.2637,0.896,0.8741,-0.662,0,0.3149,0.5596,0.1255,0.5058,0.3149,0.435,0.1246,0.05702,0.06849,NA,NA,NA,NA,NA,1.165,0.3884,3.006,2.859,2.859
"interaction","low",200,50,2,"free",2,0.2595,0.95,1.023,-0.7205,0.6564,0.273,0.4514,0.2756,1.527,0.273,0.2964,0.155,0.1391,0.1364,NA,NA,NA,NA,NA,1.165,0.3884,0.548,0.528,0.528
"interaction","low",200,50,2,"joint",3,0.2633,0.957,1.138,-0.681,0,0.1876,0.4569,0.3555,1.426,0.1876,0.3135,0.1434,0.1653,0.1902,NA,NA,NA,NA,NA,1.165,0.3884,2.824,2.713,2.713
"interaction","low",200,50,3,"free",1,0.2655,0.972,1.256,-0.6688,0.6593,0.2853,0.4204,0.2942,1.582,0.2853,0.2602,0.1603,0.1287,0.1655,NA,NA,NA,NA,NA,1.165,0.3884,0.593,0.579,0.579
"interaction","low",200,50,3,"joint",2,0.3011,0.9235,1.103,-0.7414,0,0.1833,0.468,0.3487,1.468,0.1833,0.3068,0.1613,0.1649,0.1837,NA,NA,NA,NA,NA,1.165,0.3884,2.761,2.574,2.574
"interaction","low",200,50,3,"joint.mbart",3,0.2614,0.9225,0.9235,-0.6504,0,0.3518,0.4915,0.1567,0.5773,0.3518,0.3763,0.1152,0.07393,0.08273,NA,NA,NA,NA,NA,1.165,0.3884,3.133,2.964,2.964
"interaction","low",200,50,4,"joint",1,0.2889,0.9565,1.129,-0.6919,0,0.1881,0.4636,0.3483,1.383,0.1881,0.3068,0.1568,0.1578,0.1905,NA,NA,NA,NA,NA,1.165,0.3884,2.951,2.823,2.823
"interaction","low",200,50,4,"joint.mbart",2,0.282,0.8745,0.8606,-0.676,0,0.3259,0.511,0.1631,0.509,0.3259,0.376,0.135,0.08942,0.07371,NA,NA,NA,NA,NA,1.165,0.3884,2.887,2.766,2.766
"interaction","low",200,50,4,"free",3,0.2411,0.992,1.189,-0.6338,0.5739,0.2797,0.4286,0.2917,1.464,0.2797,0.27,0.1586,0.14,0.1517,NA,NA,NA,NA,NA,1.165,0.3884,0.561,0.542,0.542
"interaction","low",200,50,5,"joint.mbart",1,0.2802,0.9375,0.9762,-0.692,0,0.3079,0.5736,0.1185,0.5257,0.3079,0.4272,0.1464,0.05874,0.05973,NA,NA,NA,NA,NA,1.165,0.3884,2.93,2.785,2.785
"interaction","low",200,50,5,"free",2,0.2723,0.9815,1.267,-0.6873,0.8986,0.277,0.4436,0.2794,1.478,0.277,0.273,0.1706,0.1297,0.1498,NA,NA,NA,NA,NA,1.165,0.3884,0.54,0.526,0.526
"interaction","low",200,50,5,"joint",3,0.3147,0.9475,1.23,-0.7395,0,0.176,0.4861,0.3379,1.43,0.176,0.2919,0.1942,0.1519,0.186,NA,NA,NA,NA,NA,1.165,0.3884,2.939,2.746,2.746
"interaction","low",200,50,6,"free",1,0.2772,0.947,1.07,-0.6745,0.5868,0.2606,0.4853,0.254,1.539,0.2606,0.2986,0.1867,0.1344,0.1197,NA,NA,NA,NA,NA,1.165,0.3884,0.601,0.572,0.572
"interaction","low",200,50,6,"joint",2,0.2629,0.9475,1.036,-0.6501,0,0.1886,0.4921,0.3193,1.417,0.1886,0.3006,0.1915,0.1498,0.1696,NA,NA,NA,NA,NA,1.165,0.3884,2.793,2.715,2.715
"interaction","low",200,50,6,"joint.mbart",3,0.2683,0.8635,0.8262,-0.661,0,0.3186,0.571,0.1104,0.5257,0.3186,0.4119,0.1592,0.06399,0.04641,NA,NA,NA,NA,NA,1.165,0.3884,2.879,2.753,2.753
"interaction","low",200,50,7,"joint",1,0.2535,0.969,1.116,-0.6544,0,0.1849,0.5186,0.2965,1.341,0.1849,0.3146,0.204,0.1503,0.1462,NA,NA,NA,NA,NA,1.165,0.3884,2.716,2.63,2.63
"interaction","low",200,50,7,"joint.mbart",2,0.3186,0.765,0.7534,-0.7452,0,0.3399,0.4896,0.1704,0.5126,0.3399,0.3804,0.1093,0.115,0.05541,NA,NA,NA,NA,NA,1.165,0.3884,3.091,2.923,2.923
"interaction","low",200,50,7,"free",3,0.2542,0.976,1.191,-0.6552,0.7158,0.2799,0.4274,0.2927,1.484,0.2799,0.2789,0.1485,0.1681,0.1246,NA,NA,NA,NA,NA,1.165,0.3884,0.611,0.555,0.555
"interaction","low",200,50,8,"joint.mbart",1,0.3079,0.8435,0.8763,-0.7118,0,0.3232,0.4719,0.2049,0.5362,0.3232,0.3635,0.1084,0.1065,0.09839,NA,NA,NA,NA,NA,1.165,0.3884,2.899,2.793,2.793
"interaction","low",200,50,8,"free",2,0.2627,0.971,1.211,-0.6616,1.136,0.2753,0.4407,0.284,1.532,0.2753,0.287,0.1537,0.1409,0.1431,NA,NA,NA,NA,NA,1.165,0.3884,0.58,0.54,0.54
"interaction","low",200,50,8,"joint",3,0.2582,0.9705,1.186,-0.6605,0,0.1863,0.4738,0.3399,1.39,0.1863,0.3093,0.1646,0.1916,0.1484,NA,NA,NA,NA,NA,1.165,0.3884,2.834,2.703,2.703
"interaction","high",200,50,1,"joint",1,0.4947,0.9735,2.169,-1.682,0,0.127,0.4682,0.4048,1.36,0.127,0.2605,0.2077,0.2208,0.184,NA,NA,NA,NA,NA,1.165,1.165,2.637,2.559,2.559
"interaction","high",200,50,1,"joint.mbart",2,0.5312,0.8555,1.517,-1.693,0,0.3113,0.4105,0.2782,0.3089,0.3113,0.2845,0.126,0.1353,0.1428,NA,NA,NA,NA,NA,1.165,1.165,2.922,2.777,2.777
"interaction","high",200,50,1,"free",3,0.4868,0.976,2.214,-1.679,1.168,0.2143,0.4096,0.3761,1.459,0.2143,0.2265,0.1831,0.1978,0.1783,NA,NA,NA,NA,NA,1.165,1.165,0.602,0.551,0.551
"interaction","high",200,50,2,"joint.mbart",1,0.4616,0.9245,1.696,-1.628,0,0.3092,0.4109,0.2799,0.3556,0.3092,0.2555,0.1555,0.1369,0.143,NA,NA,NA,NA,NA,1.165,1.165,2.881,2.809,2.809
"interaction","high",200,50,2,"free",2,0.4303,0.991,2.43,-1.61,1.245,0.2365,0.4124,0.3511,1.513,0.2365,0.23,0.1824,0.1643,0.1869,NA,NA,NA,NA,NA,1.165,1.165,0.579,0.547,0.547
"interaction","high",200,50,2,"joint",3,0.4726,0.989,2.363,-1.622,0,0.1422,0.4425,0.4152,1.387,0.1422,0.2444,0.1982,0.1692,0.246,NA,NA,NA,NA,NA,1.165,1.165,2.644,2.555,2.555
"interaction","high",200,50,3,"free",1,0.4001,0.9975,2.369,-1.635,1.206,0.229,0.4184,0.3525,1.501,0.229,0.2144,0.2041,0.1805,0.172,NA,NA,NA,NA,NA,1.165,1.165,0.657,0.59,0.59
"interaction","high",200,50,3,"joint",2,0.4242,0.995,2.309,-1.644,0,0.1241,0.4641,0.4118,1.411,0.1241,0.2426,0.2214,0.2089,0.2029,NA,NA,NA,NA,NA,1.165,1.165,2.625,2.502,2.502
"interaction","high",200,50,3,"joint.mbart",3,0.3915,0.976,1.826,-1.628,0,0.2586,0.4729,0.2685,0.4118,0.2586,0.2644,0.2085,0.1333,0.1352,NA,NA,NA,NA,NA,1.165,1.165,2.853,2.783,2.783
"interaction","high",200,50,4,"joint",1,0.4621,0.9725,2.361,-1.659,0,0.1405,0.432,0.4275,1.367,0.1405,0.2382,0.1938,0.2277,0.1998,NA,NA,NA,NA,NA,1.165,1.165,2.81,2.6,2.6
"interaction","high",200,50,4,"joint.mbart",2,0.4648,0.9375,1.718,-1.656,0,0.2769,0.4433,0.2798,0.3494,0.2769,0.3072,0.1361,0.1609,0.1188,NA,NA,NA,NA,NA,1.165,1.165,2.837,2.746,2.746
"interaction","high",200,50,4,"free",3,0.4551,0.982,2.425,-1.657,1.128,0.2393,0.3897,0.371,1.46,0.2393,0.2107,0.179,0.1975,0.1736,NA,NA,NA,NA,NA,1.165,1.165,0.557,0.536,0.536
"interaction","high",200,50,5,"joint.mbart",1,0.5473,0.84,1.502,-1.673,0,0.2809,0.4571,0.262,0.3392,0.2809,0.2567,0.2004,0.1167,0.1453,NA,NA,NA,NA,NA,1.165,1.165,2.926,2.791,2.791
"interaction","high",200,50,5,"free",2,0.5416,0.9675,2.344,-1.658,1.353,0.2261,0.3989,0.375,1.422,0.2261,0.2186,0.1803,0.1788,0.1962,NA,NA,NA,NA,NA,1.165,1.165,0.526,0.511,0.511
"interaction","high",200,50,5,"joint",3,0.525,0.9605,2.22,-1.654,0,0.135,0.4585,0.4065,1.319,0.135,0.25,0.2086,0.1932,0.2133,NA,NA,NA,NA,NA,1.165,1.165,2.575,2.516,2.516
"interaction","high",200,50,6,"free",1,0.413,0.9985,2.395,-1.63,1.442,0.2358,0.427,0.3373,1.487,0.2358,0.2587,0.1682,0.1721,0.1652,NA,NA,NA,NA,NA,1.165,1.165,0.737,0.597,0.597
"interaction","high",200,50,6,"joint",2,0.3986,0.9975,2.296,-1.621,0,0.1214,0.4703,0.4084,1.357,0.1214,0.2621,0.2081,0.2043,0.204,NA,NA,NA,NA,NA,1.165,1.165,2.491,2.426,2.426
"interaction","high",200,50,6,"joint.mbart",3,0.3801,0.953,1.582,-1.614,0,0.2549,0.5193,0.2258,0.369,0.2549,0.3661,0.1533,0.1186,0.1072,NA,NA,NA,NA,NA,1.165,1.165,2.706,2.653,2.653
"interaction","high",200,50,7,"joint",1,0.5417,0.977,2.439,-1.659,0,0.1199,0.4648,0.4153,1.445,0.1199,0.2505,0.2143,0.2135,0.2018,NA,NA,NA,NA,NA,1.165,1.165,2.584,2.489,2.489
"interaction","high",200,50,7,"joint.mbart",2,0.4249,0.9655,1.865,-1.62,0,0.2456,0.4609,0.2934,0.4115,0.2456,0.2865,0.1745,0.1554,0.138,NA,NA,NA,NA,NA,1.165,1.165,2.778,2.682,2.682
"interaction","high",200,50,7,"free",3,0.4874,0.9885,2.464,-1.641,1.485,0.2289,0.4154,0.3557,1.479,0.2289,0.2274,0.188,0.191,0.1647,NA,NA,NA,NA,NA,1.165,1.165,0.522,0.519,0.519
"interaction","high",200,50,8,"joint.mbart",1,0.4191,0.963,1.841,-1.629,0,0.2831,0.4678,0.2492,0.3715,0.2831,0.3243,0.1434,0.1065,0.1427,NA,NA,NA,NA,NA,1.165,1.165,2.956,2.813,2.813
"interaction","high",200,50,8,"free",2,0.4655,0.9975,2.601,-1.642,1.536,0.2409,0.4181,0.341,1.484,0.2409,0.2443,0.1738,0.1757,0.1653,NA,NA,NA,NA,NA,1.165,1.165,0.588,0.55,0.55
"interaction","high",200,50,8,"joint",3,0.4688,0.995,2.539,-1.639,0,0.13,0.4794,0.3906,1.383,0.13,0.2754,0.2041,0.1913,0.1993,NA,NA,NA,NA,NA,1.165,1.165,2.52,2.479,2.479
