"part","arm","trees","levels","levels.median","max.jump.share","flat.share","rise","no.rise","falls","sd.f","x1.split.share","leaves.per.tree","truth","n","rep","position","rmse","coverage","width","pd.rmse","pd.visible.steps","pd.max.fall","pd.draw.steps","share.x1","share.x2","share.x3","splits.per.tree","log.score","wall.ms.per.sweep","cpu.ms.per.sweep","counts","max.count.seconds","max.count.leaves","max.count.down.sets","warns.at.default"
"prior","leaf",200,74.34,74,0.04984,0.6333,2.941,0,0,0.28,0.4983,2.48,NA,NA,NA,NA,NA,NA,NA,NA,NA,NA,NA,NA,NA,NA,NA,NA,NA,NA,NA,NA,NA,NA,NA
"prior","joint",200,51.1,51,0.07088,0.7495,1.638,0,0,0.2649,0.3134,2.242,NA,NA,NA,NA,NA,NA,NA,NA,NA,NA,NA,NA,NA,NA,NA,NA,NA,NA,NA,NA,NA,NA,NA
"prior","joint.mbart",200,13.14,13,0.2222,0.9393,0.3108,0,0,0.2647,0.3157,1.217,NA,NA,NA,NA,NA,NA,NA,NA,NA,NA,NA,NA,NA,NA,NA,NA,NA,NA,NA,NA,NA,NA,NA
"prior","free",200,74.3,74,0.1,0.6335,0.4012,0,0.1821,0.2565,0.4997,2.483,NA,NA,NA,NA,NA,NA,NA,NA,NA,NA,NA,NA,NA,NA,NA,NA,NA,NA,NA,NA,NA,NA,NA
"prior","leaf",50,28.78,29,0.1153,0.8611,1.454,0,0,0.2794,0.5004,2.477,NA,NA,NA,NA,NA,NA,NA,NA,NA,NA,NA,NA,NA,NA,NA,NA,NA,NA,NA,NA,NA,NA,NA
"prior","joint",50,16.86,17,0.1774,0.9207,0.822,0,0,0.2788,0.3115,2.239,NA,NA,NA,NA,NA,NA,NA,NA,NA,NA,NA,NA,NA,NA,NA,NA,NA,NA,NA,NA,NA,NA,NA
"prior","joint.mbart",50,4.195,4,0.5903,0.984,0.1574,0.0412,0,0.2681,0.3238,1.218,NA,NA,NA,NA,NA,NA,NA,NA,NA,NA,NA,NA,NA,NA,NA,NA,NA,NA,NA,NA,NA,NA,NA
"prior","free",50,29.09,29,0.1646,0.8596,0.378,0,0.06966,0.2518,0.5027,2.493,NA,NA,NA,NA,NA,NA,NA,NA,NA,NA,NA,NA,NA,NA,NA,NA,NA,NA,NA,NA,NA,NA,NA
"prior","leaf",5,4.282,4,0.6014,0.9836,0.4534,0.0228,0,0.2803,0.5158,2.479,NA,NA,NA,NA,NA,NA,NA,NA,NA,NA,NA,NA,NA,NA,NA,NA,NA,NA,NA,NA,NA,NA,NA
"prior","joint",5,2.76,3,0.7753,0.9912,0.2681,0.1272,0,0.2646,0.3233,2.246,NA,NA,NA,NA,NA,NA,NA,NA,NA,NA,NA,NA,NA,NA,NA,NA,NA,NA,NA,NA,NA,NA,NA
"prior","joint.mbart",5,1.351,1,0.9542,0.9982,0.05548,0.7044,0,0.2498,0.3238,1.225,NA,NA,NA,NA,NA,NA,NA,NA,NA,NA,NA,NA,NA,NA,NA,NA,NA,NA,NA,NA,NA,NA,NA
"prior","free",5,4.382,4,0.6001,0.9831,0.2799,0.0216,0.008332,0.2472,0.4993,2.465,NA,NA,NA,NA,NA,NA,NA,NA,NA,NA,NA,NA,NA,NA,NA,NA,NA,NA,NA,NA,NA,NA,NA
"fit","leaf",5,NA,NA,NA,NA,NA,NA,NA,NA,NA,NA,"hinge",200,1,1,0.0393,0.7337,0.09884,0.03917,6,0,6.834,0.8765,0.06279,0.06074,1.561,0.7873,1.073,0.6,2715,1.312e-05,3,7,FALSE
"fit","joint",5,NA,NA,NA,NA,NA,NA,NA,NA,NA,NA,"hinge",200,1,2,0.05155,0.8792,0.1047,0.05092,5,0,5.24,0.7496,0.1569,0.09355,1.402,0.7726,1.067,0.529,0,0,0,0,FALSE
"fit","joint.mbart",5,NA,NA,NA,NA,NA,NA,NA,NA,NA,NA,"hinge",200,1,3,0.04742,0.8277,0.08128,0.04741,4,0,4.508,0.7626,0.115,0.1224,1.183,0.7433,0.973,0.518,0,0,0,0,FALSE
"fit","free",5,NA,NA,NA,NA,NA,NA,NA,NA,NA,NA,"hinge",200,1,4,0.03477,0.9287,0.1391,0.0345,7,0.005759,6.146,0.8689,0.05532,0.07582,1.424,0.8029,0.306,0.065,0,0,0,0,FALSE
"fit","joint",5,NA,NA,NA,NA,NA,NA,NA,NA,NA,NA,"hinge",200,2,1,0.02985,0.9406,0.0963,0.02982,5,0,7.094,0.9072,0.05426,0.03854,1.578,0.8059,0.971,0.525,0,0,0,0,FALSE
"fit","joint.mbart",5,NA,NA,NA,NA,NA,NA,NA,NA,NA,NA,"hinge",200,2,2,0.03902,0.899,0.08638,0.03901,5,0,5.902,0.9532,0.02773,0.01903,1.24,0.7822,1.026,0.506,0,0,0,0,FALSE
"fit","free",5,NA,NA,NA,NA,NA,NA,NA,NA,NA,NA,"hinge",200,2,3,0.03769,0.8594,0.08602,0.03768,7,0.009877,7.142,0.9326,0.03079,0.03664,1.572,0.7768,0.053,0.053,0,0,0,0,FALSE
"fit","leaf",5,NA,NA,NA,NA,NA,NA,NA,NA,NA,NA,"hinge",200,2,4,0.03337,0.9406,0.1034,0.03253,7,0,10.29,0.8472,0.06009,0.09268,2.443,0.7905,1.161,0.555,2646,0.0003529,4,9,FALSE
"fit","joint.mbart",5,NA,NA,NA,NA,NA,NA,NA,NA,NA,NA,"hinge",200,3,1,0.04491,0.5307,0.07958,0.04485,4,0,5.4,0.9112,0.0621,0.02666,1.185,0.7564,0.842,0.496,0,0,0,0,FALSE
"fit","free",5,NA,NA,NA,NA,NA,NA,NA,NA,NA,NA,"hinge",200,3,2,0.0412,0.5624,0.1036,0.04028,3,0.008328,5.542,0.8109,0.1341,0.05498,1.39,0.7785,0.152,0.074,0,0,0,0,FALSE
"fit","leaf",5,NA,NA,NA,NA,NA,NA,NA,NA,NA,NA,"hinge",200,3,3,0.03986,0.6931,0.1002,0.038,5,0,6.018,0.8001,0.1331,0.06681,1.509,0.7882,1.082,0.526,2716,4.667e-06,5,16,FALSE
"fit","joint",5,NA,NA,NA,NA,NA,NA,NA,NA,NA,NA,"hinge",200,3,4,0.04036,0.6564,0.1185,0.03918,7,0,5.948,0.7579,0.1826,0.05952,1.579,0.7968,1.248,0.538,0,0,0,0,FALSE
"fit","free",5,NA,NA,NA,NA,NA,NA,NA,NA,NA,NA,"hinge",200,4,1,0.0298,0.9277,0.1006,0.02943,7,0.00136,6.274,0.8193,0.1186,0.0621,1.559,0.8522,0.081,0.082,0,0,0,0,FALSE
"fit","leaf",5,NA,NA,NA,NA,NA,NA,NA,NA,NA,NA,"hinge",200,4,2,0.0284,0.9693,0.09983,0.02826,7,0,6.874,0.815,0.07922,0.1058,1.702,0.8523,1.162,0.541,2658,4.209e-06,6,50,FALSE
"fit","joint",5,NA,NA,NA,NA,NA,NA,NA,NA,NA,NA,"hinge",200,4,3,0.03535,0.897,0.08709,0.03527,6,0,5.328,0.8086,0.1221,0.06937,1.344,0.8387,1.218,0.562,0,0,0,0,FALSE
"fit","joint.mbart",5,NA,NA,NA,NA,NA,NA,NA,NA,NA,NA,"hinge",200,4,4,0.03454,0.9406,0.1037,0.03451,7,0,5.742,0.9387,0.04144,0.0199,1.226,0.8302,1.435,0.545,0,0,0,0,FALSE
"fit","leaf",5,NA,NA,NA,NA,NA,NA,NA,NA,NA,NA,"hinge",200,5,1,0.03495,0.7861,0.1202,0.03336,6,0,8.676,0.8153,0.03545,0.1493,2.144,0.8434,0.932,0.53,2632,2.467e-05,4,9,FALSE
"fit","joint",5,NA,NA,NA,NA,NA,NA,NA,NA,NA,NA,"hinge",200,5,2,0.04034,0.7119,0.1319,0.03915,6,0,6.592,0.7479,0.05625,0.1958,1.771,0.8298,0.869,0.481,0,0,0,0,FALSE
"fit","joint.mbart",5,NA,NA,NA,NA,NA,NA,NA,NA,NA,NA,"hinge",200,5,3,0.03812,0.7327,0.08007,0.03811,5,0,8.262,0.9591,0.01834,0.02252,1.723,0.8284,1.067,0.505,0,0,0,0,FALSE
"fit","free",5,NA,NA,NA,NA,NA,NA,NA,NA,NA,NA,"hinge",200,5,4,0.03532,0.4515,0.09797,0.0352,5,0.0006538,6.43,0.8641,0.07223,0.06367,1.495,0.8356,0.105,0.055,0,0,0,0,FALSE
"fit","joint",5,NA,NA,NA,NA,NA,NA,NA,NA,NA,NA,"hinge",200,6,1,0.03535,0.9297,0.09695,0.03497,6,0,5.576,0.825,0.09767,0.07731,1.356,0.7755,1.002,0.57,0,0,0,0,FALSE
"fit","joint.mbart",5,NA,NA,NA,NA,NA,NA,NA,NA,NA,NA,"hinge",200,6,2,0.04104,0.8426,0.06851,0.04103,5,0,5.542,0.9496,0.01131,0.03905,1.168,0.7632,1.214,0.568,0,0,0,0,FALSE
"fit","free",5,NA,NA,NA,NA,NA,NA,NA,NA,NA,NA,"hinge",200,6,3,0.03464,0.9297,0.08758,0.03458,6,0.0005522,6.248,0.88,0.04279,0.07718,1.43,0.797,0.055,0.055,0,0,0,0,FALSE
"fit","leaf",5,NA,NA,NA,NA,NA,NA,NA,NA,NA,NA,"hinge",200,6,4,0.02971,0.9356,0.08764,0.02968,6,0,6.772,0.8698,0.0613,0.06887,1.586,0.8076,1.735,0.53,2590,3.709e-06,4,10,FALSE
"fit","joint.mbart",5,NA,NA,NA,NA,NA,NA,NA,NA,NA,NA,"hinge",200,7,1,0.04617,0.9257,0.09776,0.04532,7,0,5.526,0.885,0.02874,0.08623,1.252,0.7921,0.853,0.525,0,0,0,0,FALSE
"fit","free",5,NA,NA,NA,NA,NA,NA,NA,NA,NA,NA,"hinge",200,7,2,0.04401,0.895,0.1029,0.04382,9,0.0002009,5.466,0.8555,0.0901,0.05443,1.301,0.7913,0.056,0.054,0,0,0,0,FALSE
"fit","leaf",5,NA,NA,NA,NA,NA,NA,NA,NA,NA,NA,"hinge",200,7,3,0.05276,0.9129,0.1035,0.05257,7,0,6.666,0.8528,0.09596,0.05126,1.584,0.7873,1.26,0.523,2704,4.375e-06,5,14,FALSE
"fit","joint",5,NA,NA,NA,NA,NA,NA,NA,NA,NA,NA,"hinge",200,7,4,0.06005,0.8505,0.09285,0.05995,4,0,5.324,0.8521,0.08179,0.06613,1.252,0.7531,1.916,0.473,0,0,0,0,FALSE
"fit","free",5,NA,NA,NA,NA,NA,NA,NA,NA,NA,NA,"hinge",200,8,1,0.04024,0.9158,0.1239,0.0371,6,0.004501,6.7,0.7501,0.203,0.04696,1.797,0.7422,0.082,0.083,0,0,0,0,FALSE
"fit","leaf",5,NA,NA,NA,NA,NA,NA,NA,NA,NA,NA,"hinge",200,8,2,0.03932,0.9347,0.1041,0.03707,6,0,6.36,0.7487,0.1591,0.09214,1.719,0.7545,1.069,0.486,2573,9.879e-05,4,9,FALSE
"fit","joint",5,NA,NA,NA,NA,NA,NA,NA,NA,NA,NA,"hinge",200,8,3,0.04553,0.8356,0.09695,0.04443,6,0,5.236,0.7231,0.1813,0.0956,1.456,0.727,1.676,0.559,0,0,0,0,FALSE
"fit","joint.mbart",5,NA,NA,NA,NA,NA,NA,NA,NA,NA,NA,"hinge",200,8,4,0.06035,0.8198,0.09403,0.0599,4,0,4.532,0.8682,0.1115,0.02031,1.044,0.6879,3.3,0.491,0,0,0,0,FALSE
"fit","leaf",50,NA,NA,NA,NA,NA,NA,NA,NA,NA,NA,"hinge",200,1,1,0.03978,1,0.2275,0.03243,6,0,17.02,0.2899,0.3413,0.3689,1.333,0.7553,7.725,3.512,28440,2.462e-05,5,8,FALSE
"fit","joint",50,NA,NA,NA,NA,NA,NA,NA,NA,NA,NA,"hinge",200,1,2,0.04659,0.9881,0.2118,0.03531,6,0,12.75,0.2318,0.3771,0.3911,1.248,0.7451,7.646,3.231,0,0,0,0,FALSE
"fit","joint.mbart",50,NA,NA,NA,NA,NA,NA,NA,NA,NA,NA,"hinge",200,1,3,0.03968,0.9515,0.1413,0.03803,6,0,8.212,0.5843,0.174,0.2417,0.2894,0.786,9.759,4.055,0,0,0,0,FALSE
"fit","free",50,NA,NA,NA,NA,NA,NA,NA,NA,NA,NA,"hinge",200,1,4,0.04137,1,0.242,0.03302,5,0.01547,24.51,0.4089,0.2712,0.32,1.402,0.7549,0.875,0.383,0,0,0,0,FALSE
"fit","joint",50,NA,NA,NA,NA,NA,NA,NA,NA,NA,NA,"hinge",200,2,1,0.04339,0.999,0.2173,0.02582,5,0,13.85,0.2392,0.3751,0.3857,1.241,0.7707,7.123,3.231,0,0,0,0,FALSE
"fit","joint.mbart",50,NA,NA,NA,NA,NA,NA,NA,NA,NA,NA,"hinge",200,2,2,0.02975,0.9713,0.1278,0.02835,5,0,8.314,0.6037,0.1762,0.2201,0.2865,0.8186,9.508,3.955,0,0,0,0,FALSE
"fit","free",50,NA,NA,NA,NA,NA,NA,NA,NA,NA,NA,"hinge",200,2,3,0.04407,0.9921,0.2267,0.02861,5,0.02347,26.6,0.4372,0.2556,0.3072,1.412,0.772,0.972,0.367,0,0,0,0,FALSE
"fit","leaf",50,NA,NA,NA,NA,NA,NA,NA,NA,NA,NA,"hinge",200,2,4,0.03778,1,0.2086,0.02275,5,0,17.65,0.2965,0.334,0.3694,1.341,0.7803,8.142,3.399,28580,0.001952,3,8,FALSE
"fit","joint.mbart",50,NA,NA,NA,NA,NA,NA,NA,NA,NA,NA,"hinge",200,3,1,0.03661,0.7574,0.1353,0.03358,5,0,7.806,0.5329,0.3015,0.1655,0.3018,0.7972,8.206,3.662,0,0,0,0,FALSE
"fit","free",50,NA,NA,NA,NA,NA,NA,NA,NA,NA,NA,"hinge",200,3,2,0.04698,0.9921,0.2312,0.03793,2,0.01802,24.71,0.4091,0.3117,0.2791,1.399,0.7758,0.817,0.373,0,0,0,0,FALSE
"fit","leaf",50,NA,NA,NA,NA,NA,NA,NA,NA,NA,NA,"hinge",200,3,3,0.05596,0.899,0.2036,0.04045,6,0,15.64,0.2891,0.3661,0.3448,1.314,0.7579,8.305,3.317,28220,2.608e-05,2,0,FALSE
"fit","joint",50,NA,NA,NA,NA,NA,NA,NA,NA,NA,NA,"hinge",200,3,4,0.05392,0.9802,0.2143,0.038,5,0,11.99,0.2182,0.3987,0.3831,1.21,0.7699,7.727,3.153,0,0,0,0,FALSE
"fit","free",50,NA,NA,NA,NA,NA,NA,NA,NA,NA,NA,"hinge",200,4,1,0.03494,1,0.2472,0.02725,6,0.03867,25.74,0.4279,0.2974,0.2747,1.423,0.8367,0.625,0.395,0,0,0,0,FALSE
"fit","leaf",50,NA,NA,NA,NA,NA,NA,NA,NA,NA,NA,"hinge",200,4,2,0.03171,1,0.222,0.01549,4,0,16.81,0.2856,0.3547,0.3597,1.329,0.8425,7.284,3.296,28060,2.304e-05,4,6,FALSE
"fit","joint",50,NA,NA,NA,NA,NA,NA,NA,NA,NA,NA,"hinge",200,4,3,0.03543,0.997,0.2301,0.02503,6,0,12.45,0.2164,0.3885,0.3952,1.241,0.8389,7.756,3.189,0,0,0,0,FALSE
"fit","joint.mbart",50,NA,NA,NA,NA,NA,NA,NA,NA,NA,NA,"hinge",200,4,4,0.02431,0.9911,0.1233,0.02369,8,0,7.758,0.6063,0.1911,0.2026,0.2616,0.8677,9.048,3.825,0,0,0,0,FALSE
"fit","leaf",50,NA,NA,NA,NA,NA,NA,NA,NA,NA,NA,"hinge",200,5,1,0.05353,0.8881,0.2099,0.03553,5,0,15.98,0.2718,0.3444,0.3838,1.363,0.7595,7.659,3.415,28040,0.00963,3,7,FALSE
"fit","joint",50,NA,NA,NA,NA,NA,NA,NA,NA,NA,NA,"hinge",200,5,2,0.05242,0.9535,0.2151,0.03779,6,0,12.92,0.2228,0.3881,0.3892,1.319,0.7603,7.823,3.244,0,0,0,0,FALSE
"fit","joint.mbart",50,NA,NA,NA,NA,NA,NA,NA,NA,NA,NA,"hinge",200,5,3,0.04517,0.8673,0.1384,0.04058,5,0,7.364,0.4995,0.2412,0.2594,0.3014,0.8226,9.402,3.884,0,0,0,0,FALSE
"fit","free",50,NA,NA,NA,NA,NA,NA,NA,NA,NA,NA,"hinge",200,5,4,0.05547,0.9653,0.2269,0.04017,6,0.01708,25.08,0.409,0.2764,0.3146,1.447,0.7542,0.862,0.375,0,0,0,0,FALSE
"fit","joint",50,NA,NA,NA,NA,NA,NA,NA,NA,NA,NA,"hinge",200,6,1,0.03877,0.9842,0.2028,0.02679,7,0,11.48,0.2108,0.4099,0.3793,1.201,0.7675,6.476,3.094,0,0,0,0,FALSE
"fit","joint.mbart",50,NA,NA,NA,NA,NA,NA,NA,NA,NA,NA,"hinge",200,6,2,0.03623,0.9535,0.1088,0.03561,6,0,7.268,0.5922,0.1569,0.2509,0.2549,0.7717,8.925,3.79,0,0,0,0,FALSE
"fit","free",50,NA,NA,NA,NA,NA,NA,NA,NA,NA,NA,"hinge",200,6,3,0.03677,0.996,0.2289,0.02535,6,0.01637,24.25,0.4023,0.3193,0.2784,1.394,0.7871,0.987,0.374,0,0,0,0,FALSE
"fit","leaf",50,NA,NA,NA,NA,NA,NA,NA,NA,NA,NA,"hinge",200,6,4,0.0305,1,0.2126,0.02065,4,0,16.81,0.3052,0.3632,0.3316,1.282,0.787,8.185,3.377,27980,0.000157,2,5,FALSE
"fit","joint.mbart",50,NA,NA,NA,NA,NA,NA,NA,NA,NA,NA,"hinge",200,7,1,0.03532,0.9812,0.1497,0.03301,9,0,8.07,0.5798,0.2183,0.2019,0.2914,0.8102,8.392,3.724,0,0,0,0,FALSE
"fit","free",50,NA,NA,NA,NA,NA,NA,NA,NA,NA,NA,"hinge",200,7,2,0.05571,0.9832,0.2687,0.04405,9,0.03494,25.36,0.4166,0.27,0.3134,1.41,0.7284,0.921,0.374,0,0,0,0,FALSE
"fit","leaf",50,NA,NA,NA,NA,NA,NA,NA,NA,NA,NA,"hinge",200,7,3,0.04457,0.995,0.2458,0.03276,7,0,17.1,0.3031,0.3256,0.3713,1.331,0.7767,8.488,3.419,28030,7.834e-06,7,98,FALSE
"fit","joint",50,NA,NA,NA,NA,NA,NA,NA,NA,NA,NA,"hinge",200,7,4,0.04549,0.9931,0.2598,0.03832,6,0,12.24,0.2151,0.3695,0.4154,1.231,0.7669,7.842,3.147,0,0,0,0,FALSE
"fit","free",50,NA,NA,NA,NA,NA,NA,NA,NA,NA,NA,"hinge",200,8,1,0.0432,0.996,0.2275,0.03289,6,0.04007,22.83,0.3957,0.2736,0.3307,1.372,0.7262,0.831,0.408,0,0,0,0,FALSE
"fit","leaf",50,NA,NA,NA,NA,NA,NA,NA,NA,NA,NA,"hinge",200,8,2,0.04096,0.9842,0.2052,0.02771,5,0,15.22,0.2768,0.3291,0.3941,1.294,0.7221,7.51,3.249,28000,3.746e-05,3,8,FALSE
"fit","joint",50,NA,NA,NA,NA,NA,NA,NA,NA,NA,NA,"hinge",200,8,3,0.04529,0.9772,0.2124,0.03302,3,0,11.12,0.1984,0.3894,0.4123,1.224,0.6872,7.269,3.051,0,0,0,0,FALSE
"fit","joint.mbart",50,NA,NA,NA,NA,NA,NA,NA,NA,NA,NA,"hinge",200,8,4,0.03985,0.9238,0.1174,0.03525,5,0,7.45,0.5494,0.2676,0.183,0.2815,0.7451,9.141,3.722,0,0,0,0,FALSE
"fit","leaf",200,NA,NA,NA,NA,NA,NA,NA,NA,NA,NA,"hinge",200,1,1,0.04836,0.9743,0.2511,0.03652,3,0,37.08,0.1987,0.3984,0.4029,1.339,0.7243,21.45,12.52,117700,0.003367,2,5,FALSE
"fit","joint",200,NA,NA,NA,NA,NA,NA,NA,NA,NA,NA,"hinge",200,1,2,0.04396,0.998,0.2501,0.03363,2,0,28.18,0.1434,0.4343,0.4223,1.274,0.7307,21.38,12.15,0,0,0,0,FALSE
"fit","joint.mbart",200,NA,NA,NA,NA,NA,NA,NA,NA,NA,NA,"hinge",200,1,3,0.03759,0.9871,0.163,0.03195,3,0,16.38,0.3603,0.3185,0.3213,0.2628,0.7882,29.57,15.56,0,0,0,0,FALSE
"fit","free",200,NA,NA,NA,NA,NA,NA,NA,NA,NA,NA,"hinge",200,1,4,0.04844,0.995,0.2721,0.03471,2,0.03645,64.22,0.3614,0.3148,0.3237,1.465,0.7221,3.093,1.595,0,0,0,0,FALSE
"fit","joint",200,NA,NA,NA,NA,NA,NA,NA,NA,NA,NA,"hinge",200,2,1,0.04937,0.998,0.2387,0.025,3,0,29.15,0.1465,0.4201,0.4334,1.291,0.7579,20.96,12,0,0,0,0,FALSE
"fit","joint.mbart",200,NA,NA,NA,NA,NA,NA,NA,NA,NA,NA,"hinge",200,2,2,0.02615,1,0.1544,0.0221,5,0,16.86,0.3502,0.3216,0.3282,0.2744,0.8195,27.01,15.34,0,0,0,0,FALSE
"fit","free",200,NA,NA,NA,NA,NA,NA,NA,NA,NA,NA,"hinge",200,2,3,0.04589,0.9941,0.2521,0.02652,3,0.02488,62.46,0.3539,0.3222,0.3239,1.445,0.7681,2.534,1.478,0,0,0,0,FALSE
"fit","leaf",200,NA,NA,NA,NA,NA,NA,NA,NA,NA,NA,"hinge",200,2,4,0.05355,0.9743,0.2361,0.028,3,0,37.72,0.2012,0.3894,0.4094,1.358,0.7461,24.65,12.54,118200,0.006227,3,8,FALSE
"fit","joint.mbart",200,NA,NA,NA,NA,NA,NA,NA,NA,NA,NA,"hinge",200,3,1,0.0401,0.9376,0.1557,0.03436,2,0,15.36,0.322,0.3483,0.3297,0.2813,0.8111,25.36,14.73,0,0,0,0,FALSE
"fit","free",200,NA,NA,NA,NA,NA,NA,NA,NA,NA,NA,"hinge",200,3,2,0.05339,0.9812,0.2459,0.04022,1,0.0189,63.09,0.3597,0.3199,0.3204,1.454,0.7651,2.602,1.545,0,0,0,0,FALSE
"fit","leaf",200,NA,NA,NA,NA,NA,NA,NA,NA,NA,NA,"hinge",200,3,3,0.05234,0.9584,0.2305,0.03786,1,0,35.44,0.1934,0.4126,0.3941,1.347,0.7636,20.52,11.72,118100,0.006942,3,8,FALSE
"fit","joint",200,NA,NA,NA,NA,NA,NA,NA,NA,NA,NA,"hinge",200,3,4,0.05676,0.9495,0.2276,0.04074,2,0,27.53,0.1383,0.4447,0.417,1.273,0.7564,22.74,11.68,0,0,0,0,FALSE
"fit","free",200,NA,NA,NA,NA,NA,NA,NA,NA,NA,NA,"hinge",200,4,1,0.0384,1,0.2791,0.02469,2,0.0217,63.17,0.3511,0.3322,0.3167,1.461,0.8184,2.547,1.565,0,0,0,0,FALSE
"fit","leaf",200,NA,NA,NA,NA,NA,NA,NA,NA,NA,NA,"hinge",200,4,2,0.03856,1,0.2538,0.02547,0,0,37.26,0.1944,0.4163,0.3892,1.348,0.8126,21.04,12.22,117600,0.0003062,3,8,FALSE
"fit","joint",200,NA,NA,NA,NA,NA,NA,NA,NA,NA,NA,"hinge",200,4,3,0.03456,1,0.2509,0.02184,2,0,27.22,0.1378,0.4354,0.4268,1.286,0.8209,20.69,11.68,0,0,0,0,FALSE
"fit","joint.mbart",200,NA,NA,NA,NA,NA,NA,NA,NA,NA,NA,"hinge",200,4,4,0.02277,1,0.1664,0.01804,3,0,15.68,0.3242,0.3298,0.346,0.2747,0.8646,29.24,15.09,0,0,0,0,FALSE
"fit","leaf",200,NA,NA,NA,NA,NA,NA,NA,NA,NA,NA,"hinge",200,5,1,0.05686,0.9535,0.2355,0.03975,2,0,37.24,0.1958,0.402,0.4023,1.358,0.783,20.91,12.2,116900,6.6e-05,2,5,FALSE
"fit","joint",200,NA,NA,NA,NA,NA,NA,NA,NA,NA,NA,"hinge",200,5,2,0.05361,0.9584,0.2351,0.03613,3,0,27.48,0.1395,0.4284,0.4321,1.28,0.7723,21.04,11.84,0,0,0,0,FALSE
"fit","joint.mbart",200,NA,NA,NA,NA,NA,NA,NA,NA,NA,NA,"hinge",200,5,3,0.04518,0.899,0.1575,0.03599,5,0,15.5,0.3218,0.3243,0.354,0.273,0.8276,28.73,15.1,0,0,0,0,FALSE
"fit","free",200,NA,NA,NA,NA,NA,NA,NA,NA,NA,NA,"hinge",200,5,4,0.05678,0.995,0.2599,0.03988,4,0.02671,64.01,0.3595,0.3205,0.32,1.463,0.7604,2.777,1.577,0,0,0,0,FALSE
"fit","joint",200,NA,NA,NA,NA,NA,NA,NA,NA,NA,NA,"hinge",200,6,1,0.03881,0.999,0.243,0.02179,1,0,26.87,0.1391,0.4299,0.4309,1.273,0.7616,19.41,11.55,0,0,0,0,FALSE
"fit","joint.mbart",200,NA,NA,NA,NA,NA,NA,NA,NA,NA,NA,"hinge",200,6,2,0.03029,0.9901,0.1515,0.02614,5,0,14.36,0.3259,0.3295,0.3445,0.2508,0.7976,25.77,14.62,0,0,0,0,FALSE
"fit","free",200,NA,NA,NA,NA,NA,NA,NA,NA,NA,NA,"hinge",200,6,3,0.04183,0.999,0.2718,0.02484,2,0.0209,62.31,0.3508,0.3272,0.322,1.453,0.7774,2.656,1.552,0,0,0,0,FALSE
"fit","leaf",200,NA,NA,NA,NA,NA,NA,NA,NA,NA,NA,"hinge",200,6,4,0.03775,1,0.2496,0.02259,1,0,35.15,0.188,0.4021,0.4098,1.343,0.7695,24.38,12.21,116700,0.01178,2,5,FALSE
"fit","joint.mbart",200,NA,NA,NA,NA,NA,NA,NA,NA,NA,NA,"hinge",200,7,1,0.03155,0.999,0.1798,0.02392,3,0,15.47,0.3156,0.3462,0.3382,0.2772,0.8088,25.34,14.78,0,0,0,0,FALSE
"fit","free",200,NA,NA,NA,NA,NA,NA,NA,NA,NA,NA,"hinge",200,7,2,0.04691,1,0.2924,0.02928,5,0.02059,63.1,0.3552,0.3229,0.3219,1.454,0.7385,2.575,1.518,0,0,0,0,FALSE
"fit","leaf",200,NA,NA,NA,NA,NA,NA,NA,NA,NA,NA,"hinge",200,7,3,0.04959,0.9941,0.2706,0.03451,4,0,36.08,0.1941,0.4076,0.3983,1.335,0.7584,21.27,12,117000,0.01578,3,8,FALSE
"fit","joint",200,NA,NA,NA,NA,NA,NA,NA,NA,NA,NA,"hinge",200,7,4,0.04171,1,0.2637,0.02626,2,0,27.37,0.1384,0.4277,0.4339,1.276,0.7672,23.22,11.82,0,0,0,0,FALSE
"fit","free",200,NA,NA,NA,NA,NA,NA,NA,NA,NA,NA,"hinge",200,8,1,0.04604,0.996,0.2593,0.03276,3,0.02258,61.43,0.3454,0.3134,0.3412,1.449,0.7041,2.714,1.584,0,0,0,0,FALSE
"fit","leaf",200,NA,NA,NA,NA,NA,NA,NA,NA,NA,NA,"hinge",200,8,2,0.04363,0.9941,0.2397,0.027,2,0,34.97,0.1865,0.4006,0.4129,1.338,0.7034,20.62,11.98,117100,0.0001508,2,0,FALSE
"fit","joint",200,NA,NA,NA,NA,NA,NA,NA,NA,NA,NA,"hinge",200,8,3,0.04071,1,0.2341,0.02535,2,0,26.06,0.1347,0.4334,0.4319,1.253,0.7139,20.17,11.42,0,0,0,0,FALSE
"fit","joint.mbart",200,NA,NA,NA,NA,NA,NA,NA,NA,NA,NA,"hinge",200,8,4,0.03548,0.9802,0.1533,0.02715,4,0,14.95,0.3168,0.3393,0.3438,0.2718,0.7515,28.88,14.89,0,0,0,0,FALSE
"fit","leaf",5,NA,NA,NA,NA,NA,NA,NA,NA,NA,NA,"hinge",2000,1,1,0.0175,0.8812,0.03361,0.01749,9,0,13.47,0.9594,0.01292,0.02768,2.818,0.8674,1.612,0.671,2567,0.0005119,3,8,FALSE
"fit","joint",5,NA,NA,NA,NA,NA,NA,NA,NA,NA,NA,"hinge",2000,1,2,0.019,0.8564,0.03063,0.019,10,0,12.14,0.9148,0.00738,0.07783,2.873,0.8681,1.49,0.702,0,0,0,0,FALSE
"fit","joint.mbart",5,NA,NA,NA,NA,NA,NA,NA,NA,NA,NA,"hinge",2000,1,3,0.01892,0.8584,0.02985,0.01892,8,0,12.82,0.9927,0.005264,0.002013,2.584,0.862,1.684,0.684,0,0,0,0,FALSE
"fit","free",5,NA,NA,NA,NA,NA,NA,NA,NA,NA,NA,"hinge",2000,1,4,0.01957,0.8812,0.03521,0.01957,8,0.001423,10.97,0.9828,0.009828,0.007327,2.238,0.8651,0.254,0.108,0,0,0,0,FALSE
"fit","joint",5,NA,NA,NA,NA,NA,NA,NA,NA,NA,NA,"hinge",2000,2,1,0.02039,0.8614,0.03292,0.02039,9,0,14.29,0.9855,0.004275,0.0102,2.901,0.8638,1.483,0.646,0,0,0,0,FALSE
"fit","joint.mbart",5,NA,NA,NA,NA,NA,NA,NA,NA,NA,NA,"hinge",2000,2,2,0.02048,0.8119,0.02561,0.02048,10,0,10.16,0.9941,0.0045,0.00137,2.044,0.8685,1.361,0.657,0,0,0,0,FALSE
"fit","free",5,NA,NA,NA,NA,NA,NA,NA,NA,NA,NA,"hinge",2000,2,3,0.01949,0.8693,0.03298,0.01948,9,0.0005879,10.51,0.959,0.007645,0.03331,2.198,0.8681,0.257,0.116,0,0,0,0,FALSE
"fit","leaf",5,NA,NA,NA,NA,NA,NA,NA,NA,NA,NA,"hinge",2000,2,4,0.01953,0.8436,0.03378,0.01939,10,0,11.96,0.8717,0.08649,0.04185,3.011,0.8595,1.471,0.699,2583,4.292e-06,6,16,FALSE
"fit","joint.mbart",5,NA,NA,NA,NA,NA,NA,NA,NA,NA,NA,"hinge",2000,3,1,0.02108,0.8327,0.03127,0.02107,9,0,11.66,0.9764,0.01671,0.006849,2.394,0.8482,1.523,0.626,0,0,0,0,FALSE
"fit","free",5,NA,NA,NA,NA,NA,NA,NA,NA,NA,NA,"hinge",2000,3,2,0.02008,0.8594,0.03761,0.02006,9,0.0006164,10.5,0.9596,0.0221,0.01827,2.19,0.8454,0.327,0.134,0,0,0,0,FALSE
"fit","leaf",5,NA,NA,NA,NA,NA,NA,NA,NA,NA,NA,"hinge",2000,3,3,0.02155,0.8277,0.03526,0.02147,10,0,11.95,0.9363,0.04523,0.01847,2.556,0.8473,1.706,0.672,2580,5.084e-06,6,21,FALSE
"fit","joint",5,NA,NA,NA,NA,NA,NA,NA,NA,NA,NA,"hinge",2000,3,4,0.02221,0.7842,0.03654,0.0219,10,0,12.3,0.916,0.06539,0.01862,2.686,0.8447,1.367,0.675,0,0,0,0,FALSE
"fit","free",5,NA,NA,NA,NA,NA,NA,NA,NA,NA,NA,"hinge",2000,4,1,0.02041,0.8683,0.03541,0.02017,10,3.481e-05,11.25,0.9328,0.0559,0.01125,2.418,0.9043,0.159,0.126,0,0,0,0,FALSE
"fit","leaf",5,NA,NA,NA,NA,NA,NA,NA,NA,NA,NA,"hinge",2000,4,2,0.02382,0.7772,0.03865,0.0231,8,0,12.72,0.9051,0.08238,0.01252,2.811,0.8928,1.342,0.626,2485,9.708e-05,2,5,FALSE
"fit","joint",5,NA,NA,NA,NA,NA,NA,NA,NA,NA,NA,"hinge",2000,4,3,0.02323,0.8446,0.03708,0.02049,9,0,13.25,0.8831,0.1074,0.009512,3.154,0.8964,1.582,0.617,0,0,0,0,FALSE
"fit","joint.mbart",5,NA,NA,NA,NA,NA,NA,NA,NA,NA,NA,"hinge",2000,4,4,0.01983,0.8822,0.03377,0.01983,9,0,12.6,0.983,0.008263,0.008731,2.566,0.899,1.505,0.708,0,0,0,0,FALSE
"fit","leaf",5,NA,NA,NA,NA,NA,NA,NA,NA,NA,NA,"hinge",2000,5,1,0.02032,0.7723,0.03504,0.0203,8,0,11.92,0.9576,0.01746,0.02492,2.52,0.8464,1.36,0.639,2540,4.083e-06,7,15,FALSE
"fit","joint",5,NA,NA,NA,NA,NA,NA,NA,NA,NA,NA,"hinge",2000,5,2,0.02084,0.7594,0.03936,0.02073,8,0,13.9,0.9555,0.01581,0.02872,2.91,0.8505,1.757,0.699,0,0,0,0,FALSE
"fit","joint.mbart",5,NA,NA,NA,NA,NA,NA,NA,NA,NA,NA,"hinge",2000,5,3,0.02251,0.201,0.02988,0.02251,8,0,10.68,0.9876,0.004623,0.007766,2.163,0.8481,1.552,0.718,0,0,0,0,FALSE
"fit","free",5,NA,NA,NA,NA,NA,NA,NA,NA,NA,NA,"hinge",2000,5,4,0.02009,0.2921,0.03206,0.02008,11,7.517e-05,10.22,0.9645,0.02159,0.01389,2.13,0.849,0.338,0.111,0,0,0,0,FALSE
"fit","joint",5,NA,NA,NA,NA,NA,NA,NA,NA,NA,NA,"hinge",2000,6,1,0.01878,0.8307,0.02803,0.01875,10,0,11.81,0.9705,0.006056,0.02347,2.642,0.8624,1.541,0.71,0,0,0,0,FALSE
"fit","joint.mbart",5,NA,NA,NA,NA,NA,NA,NA,NA,NA,NA,"hinge",2000,6,2,0.0153,0.9069,0.03332,0.01529,10,0,13.88,0.9894,0.004563,0.005989,2.805,0.8592,2.161,0.713,0,0,0,0,FALSE
"fit","free",5,NA,NA,NA,NA,NA,NA,NA,NA,NA,NA,"hinge",2000,6,3,0.01703,0.8822,0.03227,0.01702,10,0.002596,12.08,0.9762,0.01414,0.009626,2.66,0.862,0.452,0.136,0,0,0,0,FALSE
"fit","leaf",5,NA,NA,NA,NA,NA,NA,NA,NA,NA,NA,"hinge",2000,6,4,0.01762,0.8525,0.03515,0.01702,11,0,15.48,0.909,0.03099,0.05999,3.407,0.8581,1.283,0.553,2516,0.0001315,5,11,FALSE
"fit","joint.mbart",5,NA,NA,NA,NA,NA,NA,NA,NA,NA,NA,"hinge",2000,7,1,0.01996,0.3683,0.03273,0.01988,10,0,14.29,0.9722,0.005152,0.02264,2.95,0.8485,1.258,0.665,0,0,0,0,FALSE
"fit","free",5,NA,NA,NA,NA,NA,NA,NA,NA,NA,NA,"hinge",2000,7,2,0.01751,0.9129,0.03753,0.01751,7,6.913e-05,12.15,0.9849,0.00567,0.00945,2.54,0.8473,0.309,0.132,0,0,0,0,FALSE
"fit","leaf",5,NA,NA,NA,NA,NA,NA,NA,NA,NA,NA,"hinge",2000,7,3,0.02097,0.8545,0.0381,0.02095,8,0,11.6,0.9478,0.02197,0.03021,2.476,0.8421,2.292,0.7,2529,0.0003888,4,9,FALSE
"fit","joint",5,NA,NA,NA,NA,NA,NA,NA,NA,NA,NA,"hinge",2000,7,4,0.02173,0.798,0.03514,0.02029,9,0,12.56,0.8507,0.1393,0.01004,3.187,0.8394,1.52,0.594,0,0,0,0,FALSE
"fit","free",5,NA,NA,NA,NA,NA,NA,NA,NA,NA,NA,"hinge",2000,8,1,0.01784,0.8723,0.03327,0.01784,9,0.0003493,10.66,0.9393,0.02042,0.04032,2.272,0.8425,0.133,0.127,0,0,0,0,FALSE
"fit","leaf",5,NA,NA,NA,NA,NA,NA,NA,NA,NA,NA,"hinge",2000,8,2,0.02097,0.8792,0.03482,0.01737,11,0,15.16,0.915,0.07111,0.0139,3.538,0.8362,1.437,0.675,2599,8.371e-05,6,14,FALSE
"fit","joint",5,NA,NA,NA,NA,NA,NA,NA,NA,NA,NA,"hinge",2000,8,3,0.02111,0.8317,0.03304,0.01847,8,0,14.43,0.9166,0.009255,0.07416,3.155,0.837,1.786,0.61,0,0,0,0,FALSE
"fit","joint.mbart",5,NA,NA,NA,NA,NA,NA,NA,NA,NA,NA,"hinge",2000,8,4,0.01896,0.8307,0.02619,0.01896,10,0,11.14,0.9874,0.008152,0.00443,2.257,0.8351,1.667,0.674,0,0,0,0,FALSE
"fit","leaf",50,NA,NA,NA,NA,NA,NA,NA,NA,NA,NA,"hinge",2000,1,1,0.02123,0.9545,0.07346,0.01603,9,0,18.64,0.3745,0.2853,0.3402,1.156,0.8611,7.273,3.984,25480,1.304e-05,2,5,FALSE
"fit","joint",50,NA,NA,NA,NA,NA,NA,NA,NA,NA,NA,"hinge",2000,1,2,0.02426,0.8703,0.07439,0.01787,9,0,15.75,0.3488,0.244,0.4072,1.009,0.8545,7.531,3.825,0,0,0,0,FALSE
"fit","joint.mbart",50,NA,NA,NA,NA,NA,NA,NA,NA,NA,NA,"hinge",2000,1,3,0.01867,0.8644,0.03791,0.01861,10,0,12.31,0.8941,0.042,0.06391,0.2866,0.8678,9.733,4.563,0,0,0,0,FALSE
"fit","free",50,NA,NA,NA,NA,NA,NA,NA,NA,NA,NA,"hinge",2000,1,4,0.02807,0.8594,0.08756,0.02096,7,0.03419,25.19,0.4866,0.2091,0.3043,1.186,0.8578,1.41,0.555,0,0,0,0,FALSE
"fit","joint",50,NA,NA,NA,NA,NA,NA,NA,NA,NA,NA,"hinge",2000,2,1,0.0179,0.9584,0.07176,0.01479,9,0,17.36,0.3579,0.3123,0.3298,1.033,0.87,7.659,3.938,0,0,0,0,FALSE
"fit","joint.mbart",50,NA,NA,NA,NA,NA,NA,NA,NA,NA,NA,"hinge",2000,2,2,0.01612,0.9099,0.04113,0.01595,8,0,12.66,0.8654,0.04512,0.08947,0.3103,0.8721,9.808,4.745,0,0,0,0,FALSE
"fit","free",50,NA,NA,NA,NA,NA,NA,NA,NA,NA,NA,"hinge",2000,2,3,0.02029,0.9495,0.08018,0.01544,5,0.0214,25.08,0.4855,0.2588,0.2557,1.161,0.8689,1.366,0.572,0,0,0,0,FALSE
"fit","leaf",50,NA,NA,NA,NA,NA,NA,NA,NA,NA,NA,"hinge",2000,2,4,0.01919,0.9426,0.07662,0.01456,8,0,19.2,0.3995,0.3207,0.2798,1.079,0.8666,8.62,3.968,25800,0.07763,2,0,FALSE
"fit","joint.mbart",50,NA,NA,NA,NA,NA,NA,NA,NA,NA,NA,"hinge",2000,3,1,0.01873,0.8921,0.04928,0.01793,10,0,13.69,0.7807,0.1068,0.1125,0.3547,0.844,9.366,4.757,0,0,0,0,FALSE
"fit","free",50,NA,NA,NA,NA,NA,NA,NA,NA,NA,NA,"hinge",2000,3,2,0.02565,0.9198,0.08145,0.01909,9,0.0237,23.33,0.4716,0.2359,0.2925,1.182,0.8312,1.325,0.622,0,0,0,0,FALSE
"fit","leaf",50,NA,NA,NA,NA,NA,NA,NA,NA,NA,NA,"hinge",2000,3,3,0.02074,0.9475,0.07234,0.01672,9,0,19.62,0.3964,0.3125,0.2912,1.144,0.8392,9.248,3.992,26050,0.0001898,4,10,FALSE
"fit","joint",50,NA,NA,NA,NA,NA,NA,NA,NA,NA,NA,"hinge",2000,3,4,0.02363,0.9287,0.0741,0.01765,10,0,16.13,0.3171,0.3808,0.3021,1.086,0.8335,8.383,3.771,0,0,0,0,FALSE
"fit","free",50,NA,NA,NA,NA,NA,NA,NA,NA,NA,NA,"hinge",2000,4,1,0.02311,0.8911,0.0764,0.01848,11,0.01813,22.67,0.4648,0.2643,0.2709,1.182,0.9006,1.051,0.598,0,0,0,0,FALSE
"fit","leaf",50,NA,NA,NA,NA,NA,NA,NA,NA,NA,NA,"hinge",2000,4,2,0.02031,0.9436,0.07217,0.01687,7,0,20.03,0.4034,0.2884,0.3082,1.118,0.8996,8.194,4.062,25250,4.5e-06,4,11,FALSE
"fit","joint",50,NA,NA,NA,NA,NA,NA,NA,NA,NA,NA,"hinge",2000,4,3,0.02255,0.9327,0.07223,0.01908,10,0,15.6,0.33,0.3749,0.2951,1.025,0.8931,8.368,3.641,0,0,0,0,FALSE
"fit","joint.mbart",50,NA,NA,NA,NA,NA,NA,NA,NA,NA,NA,"hinge",2000,4,4,0.01984,0.9188,0.04354,0.01921,10,0,12.59,0.8186,0.1081,0.07332,0.311,0.9047,10.31,4.55,0,0,0,0,FALSE
"fit","leaf",50,NA,NA,NA,NA,NA,NA,NA,NA,NA,NA,"hinge",2000,5,1,0.02443,0.9347,0.07576,0.01592,7,0,20.57,0.4157,0.3313,0.253,1.122,0.8551,8.063,4.102,25540,0.0001318,2,5,FALSE
"fit","joint",50,NA,NA,NA,NA,NA,NA,NA,NA,NA,NA,"hinge",2000,5,2,0.0208,0.9535,0.07603,0.01671,8,0,16.95,0.3571,0.3546,0.2883,1.013,0.8477,9.305,3.919,0,0,0,0,FALSE
"fit","joint.mbart",50,NA,NA,NA,NA,NA,NA,NA,NA,NA,NA,"hinge",2000,5,3,0.01612,0.8921,0.04125,0.01605,9,0,13.3,0.87,0.06666,0.06333,0.3126,0.851,10.39,4.538,0,0,0,0,FALSE
"fit","free",50,NA,NA,NA,NA,NA,NA,NA,NA,NA,NA,"hinge",2000,5,4,0.02125,0.9604,0.08349,0.01663,9,0.03709,25.96,0.5209,0.2525,0.2266,1.181,0.8498,1.083,0.583,0,0,0,0,FALSE
"fit","joint",50,NA,NA,NA,NA,NA,NA,NA,NA,NA,NA,"hinge",2000,6,1,0.02165,0.9554,0.08029,0.01475,11,0,16.26,0.3473,0.3826,0.27,1.018,0.8631,7.911,3.923,0,0,0,0,FALSE
"fit","joint.mbart",50,NA,NA,NA,NA,NA,NA,NA,NA,NA,NA,"hinge",2000,6,2,0.01727,0.8911,0.03544,0.01727,8,0,12.01,0.9138,0.04799,0.03821,0.2701,0.8599,10.86,4.721,0,0,0,0,FALSE
"fit","free",50,NA,NA,NA,NA,NA,NA,NA,NA,NA,NA,"hinge",2000,6,3,0.02484,0.9347,0.09301,0.01355,8,0.01325,25.48,0.4787,0.2678,0.2536,1.234,0.8618,1.439,0.617,0,0,0,0,FALSE
"fit","leaf",50,NA,NA,NA,NA,NA,NA,NA,NA,NA,NA,"hinge",2000,6,4,0.01898,0.9653,0.08145,0.01524,7,0,19.43,0.4276,0.3307,0.2416,1.045,0.8615,8.887,4.122,25410,4.217e-05,4,6,FALSE
"fit","joint.mbart",50,NA,NA,NA,NA,NA,NA,NA,NA,NA,NA,"hinge",2000,7,1,0.01823,0.9317,0.04844,0.01797,10,0,13.03,0.8413,0.08133,0.0774,0.3152,0.8463,9.771,4.747,0,0,0,0,FALSE
"fit","free",50,NA,NA,NA,NA,NA,NA,NA,NA,NA,NA,"hinge",2000,7,2,0.01993,0.9614,0.084,0.01725,10,0.02445,23.88,0.4996,0.2833,0.2172,1.126,0.8334,1.304,0.596,0,0,0,0,FALSE
"fit","leaf",50,NA,NA,NA,NA,NA,NA,NA,NA,NA,NA,"hinge",2000,7,3,0.02232,0.9812,0.0909,0.01513,6,0,20.36,0.3992,0.3335,0.2673,1.176,0.8391,9.14,4.002,25760,0.02103,2,0,FALSE
"fit","joint",50,NA,NA,NA,NA,NA,NA,NA,NA,NA,NA,"hinge",2000,7,4,0.02152,0.9406,0.092,0.01593,6,0,16.95,0.3461,0.3519,0.3019,1.06,0.8351,8.084,3.872,0,0,0,0,FALSE
"fit","free",50,NA,NA,NA,NA,NA,NA,NA,NA,NA,NA,"hinge",2000,8,1,0.01793,0.9772,0.08411,0.01414,6,0.02886,25.55,0.5207,0.2468,0.2325,1.132,0.8421,1.103,0.619,0,0,0,0,FALSE
"fit","leaf",50,NA,NA,NA,NA,NA,NA,NA,NA,NA,NA,"hinge",2000,8,2,0.01589,0.9861,0.07617,0.01229,4,0,21.37,0.4376,0.2694,0.293,1.097,0.8417,8.511,4.045,25640,1.288e-05,4,6,FALSE
"fit","joint",50,NA,NA,NA,NA,NA,NA,NA,NA,NA,NA,"hinge",2000,8,3,0.02327,0.898,0.08242,0.01521,6,0,16.93,0.3482,0.3154,0.3364,1.017,0.8462,8.665,3.801,0,0,0,0,FALSE
"fit","joint.mbart",50,NA,NA,NA,NA,NA,NA,NA,NA,NA,NA,"hinge",2000,8,4,0.01643,0.9178,0.03608,0.01642,9,0,12.28,0.8973,0.0535,0.04919,0.2781,0.8445,9.521,4.37,0,0,0,0,FALSE
"fit","leaf",200,NA,NA,NA,NA,NA,NA,NA,NA,NA,NA,"hinge",2000,1,1,0.02882,0.9713,0.1134,0.0145,5,0,32.74,0.1952,0.3773,0.4275,1.246,0.8505,25.7,12.46,109000,0.0005756,2,0,FALSE
"fit","joint",200,NA,NA,NA,NA,NA,NA,NA,NA,NA,NA,"hinge",2000,1,2,0.02766,0.9703,0.1091,0.01428,5,0,25.69,0.1413,0.4052,0.4535,1.175,0.8451,29.05,12.22,0,0,0,0,FALSE
"fit","joint.mbart",200,NA,NA,NA,NA,NA,NA,NA,NA,NA,NA,"hinge",2000,1,3,0.01813,0.9673,0.07006,0.01595,7,0,16.63,0.4676,0.2104,0.3221,0.1957,0.8689,37.21,16.09,0,0,0,0,FALSE
"fit","free",200,NA,NA,NA,NA,NA,NA,NA,NA,NA,NA,"hinge",2000,1,4,0.02726,0.9881,0.1292,0.02051,6,0.04939,60.91,0.3706,0.2798,0.3496,1.327,0.8468,6.03,2.289,0,0,0,0,FALSE
"fit","joint",200,NA,NA,NA,NA,NA,NA,NA,NA,NA,NA,"hinge",2000,2,1,0.02547,0.997,0.1162,0.0121,4,0,28.36,0.1501,0.442,0.4079,1.193,0.8639,26.94,12.22,0,0,0,0,FALSE
"fit","joint.mbart",200,NA,NA,NA,NA,NA,NA,NA,NA,NA,NA,"hinge",2000,2,2,0.01648,0.9772,0.06971,0.01395,6,0,18.1,0.4425,0.2665,0.2909,0.2292,0.8755,40.32,16.7,0,0,0,0,FALSE
"fit","free",200,NA,NA,NA,NA,NA,NA,NA,NA,NA,NA,"hinge",2000,2,3,0.02704,0.9931,0.1323,0.01508,4,0.02274,62.44,0.3596,0.3139,0.3265,1.348,0.861,4.928,2.255,0,0,0,0,FALSE
"fit","leaf",200,NA,NA,NA,NA,NA,NA,NA,NA,NA,NA,"hinge",2000,2,4,0.02898,0.9465,0.1203,0.01474,2,0,34.73,0.1994,0.4145,0.386,1.256,0.8597,30.11,12.78,109400,0.01246,2,0,FALSE
"fit","joint.mbart",200,NA,NA,NA,NA,NA,NA,NA,NA,NA,NA,"hinge",2000,3,1,0.01912,0.9248,0.06413,0.01555,10,0,16.71,0.4241,0.2637,0.3122,0.2155,0.8368,36.81,16.65,0,0,0,0,FALSE
"fit","free",200,NA,NA,NA,NA,NA,NA,NA,NA,NA,NA,"hinge",2000,3,2,0.02609,0.9752,0.1243,0.01689,7,0.02487,61.97,0.3857,0.2999,0.3144,1.347,0.8216,5.602,2.286,0,0,0,0,FALSE
"fit","leaf",200,NA,NA,NA,NA,NA,NA,NA,NA,NA,NA,"hinge",2000,3,3,0.02303,0.9901,0.1118,0.01466,4,0,32.12,0.1921,0.3808,0.4271,1.225,0.8272,30.47,13.04,108600,0.0122,3,8,FALSE
"fit","joint",200,NA,NA,NA,NA,NA,NA,NA,NA,NA,NA,"hinge",2000,3,4,0.02587,0.9792,0.1083,0.01507,6,0,26.58,0.1426,0.4038,0.4536,1.198,0.8247,28.46,11.99,0,0,0,0,FALSE
"fit","free",200,NA,NA,NA,NA,NA,NA,NA,NA,NA,NA,"hinge",2000,4,1,0.02658,0.9752,0.1252,0.0189,3,0.03846,60.94,0.3813,0.3232,0.2955,1.319,0.8762,4.262,2.254,0,0,0,0,FALSE
"fit","leaf",200,NA,NA,NA,NA,NA,NA,NA,NA,NA,NA,"hinge",2000,4,2,0.02409,0.9891,0.1089,0.01622,3,0,33.11,0.1931,0.3983,0.4086,1.235,0.8793,29.81,12.75,108700,0.01748,2,5,FALSE
"fit","joint",200,NA,NA,NA,NA,NA,NA,NA,NA,NA,NA,"hinge",2000,4,3,0.02607,0.9812,0.1128,0.01656,5,0,26.52,0.1459,0.441,0.4131,1.187,0.8811,30.31,12.44,0,0,0,0,FALSE
"fit","joint.mbart",200,NA,NA,NA,NA,NA,NA,NA,NA,NA,NA,"hinge",2000,4,4,0.0197,0.9475,0.06436,0.01595,8,0,17.4,0.412,0.3075,0.2806,0.2277,0.9039,39.23,16.41,0,0,0,0,FALSE
"fit","leaf",200,NA,NA,NA,NA,NA,NA,NA,NA,NA,NA,"hinge",2000,5,1,0.02829,0.9634,0.118,0.0155,5,0,34.22,0.1895,0.4173,0.3932,1.236,0.8486,27.66,12.74,108400,0.01886,2,5,FALSE
"fit","joint",200,NA,NA,NA,NA,NA,NA,NA,NA,NA,NA,"hinge",2000,5,2,0.02514,0.9941,0.1179,0.01491,5,0,27.42,0.1431,0.4316,0.4253,1.206,0.8463,31.25,12.52,0,0,0,0,FALSE
"fit","joint.mbart",200,NA,NA,NA,NA,NA,NA,NA,NA,NA,NA,"hinge",2000,5,3,0.01851,0.9554,0.06999,0.01578,7,0,18.11,0.4648,0.287,0.2482,0.2063,0.8534,36.67,16.21,0,0,0,0,FALSE
"fit","free",200,NA,NA,NA,NA,NA,NA,NA,NA,NA,NA,"hinge",2000,5,4,0.02683,0.9832,0.1238,0.01731,6,0.05413,59.67,0.3608,0.3218,0.3174,1.32,0.8448,5.91,2.243,0,0,0,0,FALSE
"fit","joint",200,NA,NA,NA,NA,NA,NA,NA,NA,NA,NA,"hinge",2000,6,1,0.02456,0.997,0.1186,0.01136,4,0,27.18,0.1437,0.4293,0.427,1.196,0.8494,26.19,12.04,0,0,0,0,FALSE
"fit","joint.mbart",200,NA,NA,NA,NA,NA,NA,NA,NA,NA,NA,"hinge",2000,6,2,0.01535,0.9782,0.06459,0.01316,8,0,17.27,0.5281,0.1968,0.275,0.1771,0.8629,41,16.93,0,0,0,0,FALSE
"fit","free",200,NA,NA,NA,NA,NA,NA,NA,NA,NA,NA,"hinge",2000,6,3,0.02472,0.9941,0.1306,0.01451,5,0.04795,62.09,0.3698,0.3264,0.3039,1.36,0.8476,4.819,2.272,0,0,0,0,FALSE
"fit","leaf",200,NA,NA,NA,NA,NA,NA,NA,NA,NA,NA,"hinge",2000,6,4,0.02867,0.9584,0.116,0.01423,3,0,34.02,0.1955,0.4061,0.3984,1.246,0.8452,30.64,12.47,109100,3.429e-05,4,6,FALSE
"fit","joint.mbart",200,NA,NA,NA,NA,NA,NA,NA,NA,NA,NA,"hinge",2000,7,1,0.0174,0.9515,0.0689,0.01592,9,0,17.91,0.4762,0.2439,0.2799,0.2008,0.8409,37.86,16.47,0,0,0,0,FALSE
"fit","free",200,NA,NA,NA,NA,NA,NA,NA,NA,NA,NA,"hinge",2000,7,2,0.03572,0.9238,0.1327,0.01852,8,0.02913,62.72,0.3739,0.2975,0.3286,1.359,0.8204,5.636,2.316,0,0,0,0,FALSE
"fit","leaf",200,NA,NA,NA,NA,NA,NA,NA,NA,NA,NA,"hinge",2000,7,3,0.03636,0.9495,0.1169,0.0145,4,0,33.97,0.1979,0.3845,0.4176,1.246,0.8205,30.22,12.94,109000,0.00261,2,5,FALSE
"fit","joint",200,NA,NA,NA,NA,NA,NA,NA,NA,NA,NA,"hinge",2000,7,4,0.03812,0.904,0.1209,0.01627,7,0,26.64,0.145,0.4259,0.4291,1.2,0.8203,29.53,12.11,0,0,0,0,FALSE
"fit","free",200,NA,NA,NA,NA,NA,NA,NA,NA,NA,NA,"hinge",2000,8,1,0.02761,0.9713,0.131,0.01659,4,0.05112,61.1,0.363,0.3145,0.3225,1.331,0.8351,4.074,2.253,0,0,0,0,FALSE
"fit","leaf",200,NA,NA,NA,NA,NA,NA,NA,NA,NA,NA,"hinge",2000,8,2,0.02596,0.9317,0.1207,0.013,0,0,35.19,0.2012,0.3829,0.4159,1.25,0.8392,28.72,12.67,108700,0.0002843,2,5,FALSE
"fit","joint",200,NA,NA,NA,NA,NA,NA,NA,NA,NA,NA,"hinge",2000,8,3,0.02673,0.9436,0.1155,0.01462,5,0,27.72,0.1499,0.4184,0.4317,1.181,0.8354,30.17,12.32,0,0,0,0,FALSE
"fit","joint.mbart",200,NA,NA,NA,NA,NA,NA,NA,NA,NA,NA,"hinge",2000,8,4,0.01561,0.9851,0.0655,0.01315,6,0,18.7,0.4806,0.2592,0.2602,0.2083,0.8448,36,15.33,0,0,0,0,FALSE
"fit","leaf",5,NA,NA,NA,NA,NA,NA,NA,NA,NA,NA,"interaction",200,1,1,0.2263,0.6772,0.4617,0.1316,5,0,6.302,0.41,0.5527,0.03727,3.113,-0.3952,0.843,0.467,2818,4.625e-06,7,31,FALSE
"fit","joint",5,NA,NA,NA,NA,NA,NA,NA,NA,NA,NA,"interaction",200,1,2,0.2652,0.6693,0.5236,0.1397,7,0,7.246,0.4311,0.4278,0.1412,3.406,-0.4513,2.001,0.502,0,0,0,0,FALSE
"fit","joint.mbart",5,NA,NA,NA,NA,NA,NA,NA,NA,NA,NA,"interaction",200,1,3,0.232,0.595,0.4141,0.1024,6,0,5.768,0.4822,0.4985,0.01924,2.433,-0.3758,3.106,0.505,0,0,0,0,FALSE
"fit","free",5,NA,NA,NA,NA,NA,NA,NA,NA,NA,NA,"interaction",200,1,4,0.2366,0.6604,0.4527,0.09966,4,0.003573,4.896,0.4012,0.565,0.0338,2.462,-0.3866,0.198,0.076,0,0,0,0,FALSE
"fit","joint",5,NA,NA,NA,NA,NA,NA,NA,NA,NA,NA,"interaction",200,2,1,0.1665,0.8614,0.5325,0.1034,7,0,5.81,0.3792,0.4408,0.1799,3.079,-0.3155,1.33,0.536,0,0,0,0,FALSE
"fit","joint.mbart",5,NA,NA,NA,NA,NA,NA,NA,NA,NA,NA,"interaction",200,2,2,0.2167,0.6307,0.4078,0.124,5,0,6.7,0.4986,0.4744,0.02705,2.692,-0.3643,2.309,0.549,0,0,0,0,FALSE
"fit","free",5,NA,NA,NA,NA,NA,NA,NA,NA,NA,NA,"interaction",200,2,3,0.219,0.795,0.5402,0.1049,7,0.0004983,5.788,0.4313,0.4908,0.07789,2.686,-0.3528,0.292,0.077,0,0,0,0,FALSE
"fit","leaf",5,NA,NA,NA,NA,NA,NA,NA,NA,NA,NA,"interaction",200,2,4,0.2001,0.7307,0.4711,0.106,7,0,8.13,0.4144,0.5049,0.08064,3.948,-0.2973,0.939,0.435,2809,5.679e-05,7,24,FALSE
"fit","joint.mbart",5,NA,NA,NA,NA,NA,NA,NA,NA,NA,NA,"interaction",200,3,1,0.2407,0.6733,0.4403,0.1703,5,0,5.486,0.4021,0.5568,0.04113,2.733,-0.3574,0.97,0.449,0,0,0,0,FALSE
"fit","free",5,NA,NA,NA,NA,NA,NA,NA,NA,NA,NA,"interaction",200,3,2,0.2395,0.6109,0.4323,0.1191,5,0.002034,5.222,0.4006,0.5432,0.05624,2.61,-0.3535,0.181,0.068,0,0,0,0,FALSE
"fit","leaf",5,NA,NA,NA,NA,NA,NA,NA,NA,NA,NA,"interaction",200,3,3,0.2239,0.7436,0.5578,0.1229,7,0,7.206,0.4177,0.5375,0.04478,3.484,-0.4017,3.688,0.586,2712,0.002899,2,5,FALSE
"fit","joint",5,NA,NA,NA,NA,NA,NA,NA,NA,NA,NA,"interaction",200,3,4,0.1989,0.7277,0.4836,0.133,5,0,6.618,0.4249,0.4943,0.08084,3.117,-0.306,0.837,0.43,0,0,0,0,FALSE
"fit","free",5,NA,NA,NA,NA,NA,NA,NA,NA,NA,NA,"interaction",200,4,1,0.2007,0.7089,0.4611,0.09132,5,0.0003284,6.08,0.4082,0.5099,0.0819,3.043,-0.3632,0.18,0.105,0,0,0,0,FALSE
"fit","leaf",5,NA,NA,NA,NA,NA,NA,NA,NA,NA,NA,"interaction",200,4,2,0.2303,0.703,0.4684,0.08539,7,0,8.228,0.4327,0.5283,0.03906,3.82,-0.3864,3.114,0.516,2719,0.001405,6,14,FALSE
"fit","joint",5,NA,NA,NA,NA,NA,NA,NA,NA,NA,NA,"interaction",200,4,3,0.1836,0.8505,0.5335,0.09851,6,0,6.572,0.3756,0.5879,0.0365,3.507,-0.3358,0.958,0.497,0,0,0,0,FALSE
"fit","joint.mbart",5,NA,NA,NA,NA,NA,NA,NA,NA,NA,NA,"interaction",200,4,4,0.2293,0.6832,0.5095,0.1049,4,0,5.814,0.4151,0.5568,0.02813,2.801,-0.339,0.751,0.465,0,0,0,0,FALSE
"fit","leaf",5,NA,NA,NA,NA,NA,NA,NA,NA,NA,NA,"interaction",200,5,1,0.1732,0.8099,0.4824,0.116,5,0,6.61,0.3627,0.6123,0.02502,3.694,-0.3563,2.227,0.435,2728,1.158e-05,7,26,FALSE
"fit","joint",5,NA,NA,NA,NA,NA,NA,NA,NA,NA,NA,"interaction",200,5,2,0.1887,0.7505,0.4815,0.09876,7,0,6.942,0.4027,0.5151,0.08227,3.467,-0.3397,2.076,0.459,0,0,0,0,FALSE
"fit","joint.mbart",5,NA,NA,NA,NA,NA,NA,NA,NA,NA,NA,"interaction",200,5,3,0.2153,0.698,0.4221,0.1242,5,0,6.436,0.4381,0.5414,0.02054,2.96,-0.4371,0.66,0.408,0,0,0,0,FALSE
"fit","free",5,NA,NA,NA,NA,NA,NA,NA,NA,NA,NA,"interaction",200,5,4,0.2131,0.6366,0.3845,0.1109,6,0.0001116,5.276,0.3913,0.58,0.02874,2.7,-0.4298,0.149,0.072,0,0,0,0,FALSE
"fit","joint",5,NA,NA,NA,NA,NA,NA,NA,NA,NA,NA,"interaction",200,6,1,0.2574,0.5129,0.3629,0.1355,4,0,4.386,0.3543,0.6287,0.01703,2.49,-0.3848,2.78,0.509,0,0,0,0,FALSE
"fit","joint.mbart",5,NA,NA,NA,NA,NA,NA,NA,NA,NA,NA,"interaction",200,6,2,0.2832,0.5446,0.3904,0.1554,5,0,4.546,0.3236,0.6647,0.01174,2.828,-0.4231,1.098,0.463,0,0,0,0,FALSE
"fit","free",5,NA,NA,NA,NA,NA,NA,NA,NA,NA,NA,"interaction",200,6,3,0.229,0.6416,0.4397,0.1124,3,0.0002514,5.054,0.3926,0.592,0.0154,2.624,-0.3151,0.07,0.069,0,0,0,0,FALSE
"fit","leaf",5,NA,NA,NA,NA,NA,NA,NA,NA,NA,NA,"interaction",200,6,4,0.2503,0.7188,0.5646,0.1038,6,0,7.396,0.399,0.5242,0.07684,3.743,-0.3724,0.701,0.476,2726,2.7e-05,7,30,FALSE
"fit","joint.mbart",5,NA,NA,NA,NA,NA,NA,NA,NA,NA,NA,"interaction",200,7,1,0.2338,0.6099,0.3932,0.1145,5,0,6.2,0.3901,0.5878,0.02202,3.215,-0.2792,2.815,0.532,0,0,0,0,FALSE
"fit","free",5,NA,NA,NA,NA,NA,NA,NA,NA,NA,NA,"interaction",200,7,2,0.189,0.7257,0.4448,0.1025,6,0.0002039,7.522,0.4116,0.5529,0.03556,3.667,-0.335,0.288,0.092,0,0,0,0,FALSE
"fit","leaf",5,NA,NA,NA,NA,NA,NA,NA,NA,NA,NA,"interaction",200,7,3,0.225,0.7079,0.4941,0.09313,6,0,7.826,0.3942,0.5798,0.02604,4.102,-0.3222,0.747,0.375,2823,0.0001038,4,10,FALSE
"fit","joint",5,NA,NA,NA,NA,NA,NA,NA,NA,NA,NA,"interaction",200,7,4,0.2074,0.7465,0.4969,0.09947,4,0,6.13,0.347,0.5674,0.08568,3.581,-0.2946,1.043,0.508,0,0,0,0,FALSE
"fit","free",5,NA,NA,NA,NA,NA,NA,NA,NA,NA,NA,"interaction",200,8,1,0.2233,0.6931,0.5073,0.1121,7,0.01295,7.132,0.4743,0.5001,0.02555,3.022,-0.3338,0.098,0.096,0,0,0,0,FALSE
"fit","leaf",5,NA,NA,NA,NA,NA,NA,NA,NA,NA,NA,"interaction",200,8,2,0.1875,0.8129,0.4945,0.1288,4,0,5.874,0.4286,0.5354,0.036,2.766,-0.3548,0.95,0.49,2750,0.0001629,6,17,FALSE
"fit","joint",5,NA,NA,NA,NA,NA,NA,NA,NA,NA,NA,"interaction",200,8,3,0.1857,0.7861,0.5286,0.1081,5,0,6.024,0.4103,0.5612,0.02847,3.344,-0.3172,0.813,0.521,0,0,0,0,FALSE
"fit","joint.mbart",5,NA,NA,NA,NA,NA,NA,NA,NA,NA,NA,"interaction",200,8,4,0.2434,0.5911,0.3791,0.1359,4,0,4.686,0.3879,0.5798,0.03233,2.438,-0.3645,0.633,0.45,0,0,0,0,FALSE
"fit","leaf",50,NA,NA,NA,NA,NA,NA,NA,NA,NA,NA,"interaction",200,1,1,0.1454,0.9762,0.6731,0.04717,1,0,17.31,0.2634,0.456,0.2807,1.443,-0.2375,8.99,3.675,28270,3.758e-05,2,5,FALSE
"fit","joint",50,NA,NA,NA,NA,NA,NA,NA,NA,NA,NA,"interaction",200,1,2,0.1607,0.9743,0.6488,0.07004,3,0,12.63,0.2038,0.4952,0.301,1.339,-0.259,5.137,3.286,0,0,0,0,FALSE
"fit","joint.mbart",50,NA,NA,NA,NA,NA,NA,NA,NA,NA,NA,"interaction",200,1,3,0.1845,0.805,0.5104,0.07054,3,0,8.7,0.3434,0.5034,0.1532,0.5184,-0.2869,6.443,3.884,0,0,0,0,FALSE
"fit","free",50,NA,NA,NA,NA,NA,NA,NA,NA,NA,NA,"interaction",200,1,4,0.1354,0.9941,0.7002,0.05741,2,0.009514,21.61,0.33,0.438,0.2319,1.466,-0.2221,1.05,0.385,0,0,0,0,FALSE
"fit","joint",50,NA,NA,NA,NA,NA,NA,NA,NA,NA,NA,"interaction",200,2,1,0.1486,0.9624,0.6663,0.09102,7,0,13.06,0.2047,0.5018,0.2935,1.342,-0.1995,8.199,3.369,0,0,0,0,FALSE
"fit","joint.mbart",50,NA,NA,NA,NA,NA,NA,NA,NA,NA,NA,"interaction",200,2,2,0.1463,0.9,0.5137,0.1008,7,0,9.388,0.3451,0.5265,0.1284,0.5562,-0.1995,6.106,3.77,0,0,0,0,FALSE
"fit","free",50,NA,NA,NA,NA,NA,NA,NA,NA,NA,NA,"interaction",200,2,3,0.1167,0.9802,0.6953,0.07611,6,0.02213,22.85,0.3507,0.4098,0.2395,1.523,-0.1792,0.467,0.379,0,0,0,0,FALSE
"fit","leaf",50,NA,NA,NA,NA,NA,NA,NA,NA,NA,NA,"interaction",200,2,4,0.1282,0.9782,0.6523,0.07545,5,0,16.96,0.2589,0.46,0.2812,1.402,-0.189,6.656,3.461,28100,0.0008101,4,11,FALSE
"fit","joint.mbart",50,NA,NA,NA,NA,NA,NA,NA,NA,NA,NA,"interaction",200,3,1,0.1297,0.9762,0.6021,0.07756,4,0,8.322,0.2987,0.5671,0.1343,0.563,-0.1944,9.642,3.962,0,0,0,0,FALSE
"fit","free",50,NA,NA,NA,NA,NA,NA,NA,NA,NA,NA,"interaction",200,3,2,0.1326,0.999,0.7617,0.0665,2,0.02046,21.05,0.3227,0.4169,0.2604,1.441,-0.1991,0.566,0.375,0,0,0,0,FALSE
"fit","leaf",50,NA,NA,NA,NA,NA,NA,NA,NA,NA,NA,"interaction",200,3,3,0.1258,1,0.7108,0.05888,3,0,17.08,0.2651,0.4671,0.2678,1.433,-0.1995,4.022,3.312,28130,1.308e-05,2,5,FALSE
"fit","joint",50,NA,NA,NA,NA,NA,NA,NA,NA,NA,NA,"interaction",200,3,4,0.148,0.9881,0.7121,0.07707,4,0,12.87,0.2068,0.5188,0.2744,1.311,-0.2132,6.172,3.201,0,0,0,0,FALSE
"fit","free",50,NA,NA,NA,NA,NA,NA,NA,NA,NA,NA,"interaction",200,4,1,0.1626,0.9535,0.6757,0.05896,4,0.008627,22.86,0.3457,0.3933,0.2611,1.511,-0.2927,1.1,0.438,0,0,0,0,FALSE
"fit","leaf",50,NA,NA,NA,NA,NA,NA,NA,NA,NA,NA,"interaction",200,4,2,0.1977,0.8693,0.6032,0.07442,4,0,17.73,0.2696,0.441,0.2894,1.456,-0.3162,8.545,3.577,28080,1.271e-05,2,5,FALSE
"fit","joint",50,NA,NA,NA,NA,NA,NA,NA,NA,NA,NA,"interaction",200,4,3,0.1934,0.8743,0.6741,0.06497,3,0,13.68,0.2078,0.4783,0.3139,1.39,-0.3112,4.327,3.242,0,0,0,0,FALSE
"fit","joint.mbart",50,NA,NA,NA,NA,NA,NA,NA,NA,NA,NA,"interaction",200,4,4,0.1952,0.7525,0.5025,0.06635,6,0,9.08,0.3293,0.5394,0.1313,0.5684,-0.3146,7.947,3.85,0,0,0,0,FALSE
"fit","leaf",50,NA,NA,NA,NA,NA,NA,NA,NA,NA,NA,"interaction",200,5,1,0.1449,0.9515,0.5952,0.06003,1,0,18.41,0.2765,0.4115,0.312,1.48,-0.2586,8.811,3.669,28020,0.0001721,2,5,FALSE
"fit","joint",50,NA,NA,NA,NA,NA,NA,NA,NA,NA,NA,"interaction",200,5,2,0.1403,0.9733,0.6192,0.06832,3,0,14.11,0.2134,0.4661,0.3206,1.408,-0.2401,4.276,3.189,0,0,0,0,FALSE
"fit","joint.mbart",50,NA,NA,NA,NA,NA,NA,NA,NA,NA,NA,"interaction",200,5,3,0.1463,0.8594,0.4493,0.09046,5,0,8.518,0.3436,0.506,0.1503,0.5018,-0.2916,8.282,3.877,0,0,0,0,FALSE
"fit","free",50,NA,NA,NA,NA,NA,NA,NA,NA,NA,NA,"interaction",200,5,4,0.1207,0.995,0.6293,0.06858,5,0.01602,23.53,0.3794,0.3975,0.2231,1.455,-0.2375,0.93,0.383,0,0,0,0,FALSE
"fit","joint",50,NA,NA,NA,NA,NA,NA,NA,NA,NA,NA,"interaction",200,6,1,0.1194,0.9881,0.6618,0.05719,3,0,14.27,0.2281,0.464,0.3079,1.369,-0.1962,8.044,3.559,0,0,0,0,FALSE
"fit","joint.mbart",50,NA,NA,NA,NA,NA,NA,NA,NA,NA,NA,"interaction",200,6,2,0.1661,0.9307,0.5535,0.09495,6,0,7.646,0.2988,0.6006,0.1006,0.537,-0.215,4.905,3.683,0,0,0,0,FALSE
"fit","free",50,NA,NA,NA,NA,NA,NA,NA,NA,NA,NA,"interaction",200,6,3,0.1037,1,0.7261,0.06433,3,0.01739,22.79,0.3446,0.4303,0.2251,1.502,-0.1975,0.612,0.37,0,0,0,0,FALSE
"fit","leaf",50,NA,NA,NA,NA,NA,NA,NA,NA,NA,NA,"interaction",200,6,4,0.08951,1,0.7205,0.04474,3,0,17.47,0.2649,0.4921,0.243,1.431,-0.1575,7.663,3.607,28040,0.001911,3,8,FALSE
"fit","joint.mbart",50,NA,NA,NA,NA,NA,NA,NA,NA,NA,NA,"interaction",200,7,1,0.1757,0.8366,0.4729,0.08718,6,0,9.68,0.3429,0.5519,0.1052,0.5822,-0.2872,8.095,3.933,0,0,0,0,FALSE
"fit","free",50,NA,NA,NA,NA,NA,NA,NA,NA,NA,NA,"interaction",200,7,2,0.188,0.901,0.6427,0.07631,5,0.01871,22.2,0.3514,0.4259,0.2227,1.461,-0.2116,0.379,0.374,0,0,0,0,FALSE
"fit","leaf",50,NA,NA,NA,NA,NA,NA,NA,NA,NA,NA,"interaction",200,7,3,0.1895,0.905,0.669,0.07439,5,0,18.16,0.2705,0.4465,0.283,1.462,-0.2344,4.651,3.394,28180,0.0005444,4,14,FALSE
"fit","joint",50,NA,NA,NA,NA,NA,NA,NA,NA,NA,NA,"interaction",200,7,4,0.1869,0.9119,0.6341,0.0948,5,0,13.53,0.2142,0.4987,0.2871,1.364,-0.2723,7.256,3.37,0,0,0,0,FALSE
"fit","free",50,NA,NA,NA,NA,NA,NA,NA,NA,NA,NA,"interaction",200,8,1,0.1592,0.9772,0.7202,0.07986,3,0.0187,21.87,0.347,0.4003,0.2527,1.445,-0.2198,0.794,0.41,0,0,0,0,FALSE
"fit","leaf",50,NA,NA,NA,NA,NA,NA,NA,NA,NA,NA,"interaction",200,8,2,0.1346,0.9792,0.6988,0.06584,2,0,16.77,0.2486,0.4476,0.3038,1.446,-0.2108,6.572,3.554,27980,6.458e-06,7,52,FALSE
"fit","joint",50,NA,NA,NA,NA,NA,NA,NA,NA,NA,NA,"interaction",200,8,3,0.1735,0.9396,0.7031,0.08109,4,0,12.62,0.2106,0.4967,0.2927,1.304,-0.2035,4.918,3.241,0,0,0,0,FALSE
"fit","joint.mbart",50,NA,NA,NA,NA,NA,NA,NA,NA,NA,NA,"interaction",200,8,4,0.142,0.9624,0.5828,0.08011,3,0,8.17,0.3151,0.5831,0.1018,0.5263,-0.2186,9.135,3.983,0,0,0,0,FALSE
"fit","leaf",200,NA,NA,NA,NA,NA,NA,NA,NA,NA,NA,"interaction",200,1,1,0.1475,0.9752,0.657,0.04332,1,0,38.86,0.1851,0.4244,0.3906,1.372,-0.2187,25.45,13.26,117500,0.006064,2,5,FALSE
"fit","joint",200,NA,NA,NA,NA,NA,NA,NA,NA,NA,NA,"interaction",200,1,2,0.1457,0.9881,0.6873,0.04492,0,0,29.81,0.1371,0.462,0.4009,1.308,-0.2304,48.37,12.65,0,0,0,0,FALSE
"fit","joint.mbart",200,NA,NA,NA,NA,NA,NA,NA,NA,NA,NA,"interaction",200,1,3,0.1576,0.9337,0.5386,0.05663,0,0,16.39,0.246,0.5007,0.2533,0.3602,-0.2516,2082,33.59,0,0,0,0,FALSE
"fit","free",200,NA,NA,NA,NA,NA,NA,NA,NA,NA,NA,"interaction",200,1,4,0.154,0.9614,0.7148,0.05606,0,0.01139,60.62,0.3279,0.3608,0.3112,1.47,-0.2194,8.173,3.998,0,0,0,0,FALSE
"fit","joint",200,NA,NA,NA,NA,NA,NA,NA,NA,NA,NA,"interaction",200,2,1,0.1305,0.9832,0.72,0.06259,0,0,28.8,0.1311,0.4557,0.4133,1.312,-0.1792,49.54,13.21,0,0,0,0,FALSE
"fit","joint.mbart",200,NA,NA,NA,NA,NA,NA,NA,NA,NA,NA,"interaction",200,2,2,0.1165,0.9782,0.5699,0.06512,1,0,16.29,0.2376,0.4986,0.2639,0.3656,-0.1623,1036,15.52,0,0,0,0,FALSE
"fit","free",200,NA,NA,NA,NA,NA,NA,NA,NA,NA,NA,"interaction",200,2,3,0.1271,0.9792,0.7658,0.06961,1,0.02688,61.94,0.3426,0.3538,0.3036,1.467,-0.1652,7.161,2.627,0,0,0,0,FALSE
"fit","leaf",200,NA,NA,NA,NA,NA,NA,NA,NA,NA,NA,"interaction",200,2,4,0.1316,0.9802,0.6945,0.06838,0,0,38.69,0.1806,0.4344,0.385,1.368,-0.178,1073,33.14,116600,0.0009514,2,5,FALSE
"fit","joint.mbart",200,NA,NA,NA,NA,NA,NA,NA,NA,NA,NA,"interaction",200,3,1,0.1242,0.9901,0.579,0.05789,5,0,16.07,0.2351,0.5001,0.2648,0.3673,-0.1909,56.73,16.83,0,0,0,0,FALSE
"fit","free",200,NA,NA,NA,NA,NA,NA,NA,NA,NA,NA,"interaction",200,3,2,0.1376,0.996,0.7733,0.07799,1,0.01712,61.57,0.3325,0.3555,0.312,1.476,-0.1997,2.77,1.5,0,0,0,0,FALSE
"fit","leaf",200,NA,NA,NA,NA,NA,NA,NA,NA,NA,NA,"interaction",200,3,3,0.1468,0.9842,0.7362,0.05674,0,0,39.48,0.1846,0.4283,0.3871,1.366,-0.2041,1037,14.08,116700,0.004947,2,5,FALSE
"fit","joint",200,NA,NA,NA,NA,NA,NA,NA,NA,NA,NA,"interaction",200,3,4,0.1329,1,0.7262,0.05096,0,0,29.54,0.1327,0.4666,0.4007,1.309,-0.1957,1071,31.96,0,0,0,0,FALSE
"fit","free",200,NA,NA,NA,NA,NA,NA,NA,NA,NA,NA,"interaction",200,4,1,0.1684,0.9822,0.7322,0.0608,1,0.01801,62.09,0.3368,0.3605,0.3027,1.47,-0.2613,2.727,1.607,0,0,0,0,FALSE
"fit","leaf",200,NA,NA,NA,NA,NA,NA,NA,NA,NA,NA,"interaction",200,4,2,0.1655,0.9743,0.6912,0.05146,0,0,40.12,0.1907,0.4331,0.3762,1.378,-0.2613,51.19,13.82,116900,0.003199,4,14,FALSE
"fit","joint",200,NA,NA,NA,NA,NA,NA,NA,NA,NA,NA,"interaction",200,4,3,0.1768,0.9673,0.7033,0.0459,1,0,30.04,0.1372,0.4595,0.4033,1.32,-0.2542,1028,12.09,0,0,0,0,FALSE
"fit","joint.mbart",200,NA,NA,NA,NA,NA,NA,NA,NA,NA,NA,"interaction",200,4,4,0.162,0.9119,0.5496,0.03484,1,0,17.09,0.2507,0.5085,0.2408,0.3699,-0.234,1084,37.87,0,0,0,0,FALSE
"fit","leaf",200,NA,NA,NA,NA,NA,NA,NA,NA,NA,NA,"interaction",200,5,1,0.1517,0.9475,0.6261,0.05823,1,0,40.56,0.1907,0.4262,0.3831,1.374,-0.2295,51.57,14.17,116300,0.01082,2,5,FALSE
"fit","joint",200,NA,NA,NA,NA,NA,NA,NA,NA,NA,NA,"interaction",200,5,2,0.1531,0.9822,0.6382,0.04885,0,0,31.31,0.144,0.4419,0.4141,1.308,-0.2263,1030,12.43,0,0,0,0,FALSE
"fit","joint.mbart",200,NA,NA,NA,NA,NA,NA,NA,NA,NA,NA,"interaction",200,5,3,0.13,0.9624,0.4996,0.05079,2,0,17.91,0.2673,0.4769,0.2557,0.3639,-0.24,1085,38.12,0,0,0,0,FALSE
"fit","free",200,NA,NA,NA,NA,NA,NA,NA,NA,NA,NA,"interaction",200,5,4,0.1395,0.997,0.6867,0.05839,2,0.02329,61.94,0.3314,0.3557,0.3128,1.487,-0.2216,9.332,3.997,0,0,0,0,FALSE
"fit","joint",200,NA,NA,NA,NA,NA,NA,NA,NA,NA,NA,"interaction",200,6,1,0.09399,1,0.719,0.04602,0,0,29.8,0.1358,0.4777,0.3865,1.31,-0.1739,49.83,13.37,0,0,0,0,FALSE
"fit","joint.mbart",200,NA,NA,NA,NA,NA,NA,NA,NA,NA,NA,"interaction",200,6,2,0.0898,0.9921,0.5864,0.05213,1,0,16.68,0.2385,0.5283,0.2332,0.3768,-0.169,1036,15.48,0,0,0,0,FALSE
"fit","free",200,NA,NA,NA,NA,NA,NA,NA,NA,NA,NA,"interaction",200,6,3,0.08637,1,0.7663,0.05708,0,0.0178,61.63,0.3289,0.366,0.3052,1.491,-0.1811,11.08,3.586,0,0,0,0,FALSE
"fit","leaf",200,NA,NA,NA,NA,NA,NA,NA,NA,NA,NA,"interaction",200,6,4,0.08713,1,0.7332,0.04521,0,0,39.45,0.1864,0.4343,0.3793,1.363,-0.1735,1070,33.28,116600,0.07114,3,8,FALSE
"fit","joint.mbart",200,NA,NA,NA,NA,NA,NA,NA,NA,NA,NA,"interaction",200,7,1,0.1212,0.9604,0.5631,0.04213,0,0,17.36,0.2472,0.5109,0.242,0.3823,-0.1445,56.28,16.68,0,0,0,0,FALSE
"fit","free",200,NA,NA,NA,NA,NA,NA,NA,NA,NA,NA,"interaction",200,7,2,0.1554,0.9782,0.7273,0.07013,2,0.02994,61.78,0.3302,0.3643,0.3055,1.484,-0.1941,2.668,1.516,0,0,0,0,FALSE
"fit","leaf",200,NA,NA,NA,NA,NA,NA,NA,NA,NA,NA,"interaction",200,7,3,0.1686,0.9495,0.6695,0.06927,0,0,39.39,0.1833,0.4473,0.3694,1.392,-0.1998,1046,16.52,116000,0.02932,2,5,FALSE
"fit","joint",200,NA,NA,NA,NA,NA,NA,NA,NA,NA,NA,"interaction",200,7,4,0.1723,0.9495,0.6788,0.06635,0,0,30.91,0.1387,0.4662,0.3951,1.342,-0.2139,1071,32.98,0,0,0,0,FALSE
"fit","free",200,NA,NA,NA,NA,NA,NA,NA,NA,NA,NA,"interaction",200,8,1,0.1586,0.9861,0.7838,0.06418,1,0.03241,60.25,0.3266,0.3626,0.3107,1.456,-0.1941,2.831,1.576,0,0,0,0,FALSE
"fit","leaf",200,NA,NA,NA,NA,NA,NA,NA,NA,NA,NA,"interaction",200,8,2,0.1813,0.9802,0.7355,0.05556,0,0,37.72,0.1779,0.4382,0.3838,1.356,-0.2049,50.02,13.32,116200,0.002334,3,8,FALSE
"fit","joint",200,NA,NA,NA,NA,NA,NA,NA,NA,NA,NA,"interaction",200,8,3,0.1616,0.9802,0.7332,0.05142,0,0,28.94,0.1303,0.4668,0.4029,1.299,-0.1983,1030,12.23,0,0,0,0,FALSE
"fit","joint.mbart",200,NA,NA,NA,NA,NA,NA,NA,NA,NA,NA,"interaction",200,8,4,0.1396,0.9604,0.5754,0.04974,2,0,15.75,0.2392,0.4972,0.2636,0.3534,-0.205,1094,41.15,0,0,0,0,FALSE
"fit","leaf",5,NA,NA,NA,NA,NA,NA,NA,NA,NA,NA,"interaction",2000,1,1,0.1045,0.6495,0.1955,0.06061,11,0,15.9,0.3821,0.6018,0.01611,8.37,-0.1942,1.434,0.481,2821,0.006249,11,222,FALSE
"fit","joint",5,NA,NA,NA,NA,NA,NA,NA,NA,NA,NA,"interaction",2000,1,2,0.1156,0.6079,0.2073,0.06083,6,0,19.15,0.4562,0.5364,0.007427,8.941,-0.1829,1.346,0.535,0,0,0,0,FALSE
"fit","joint.mbart",5,NA,NA,NA,NA,NA,NA,NA,NA,NA,NA,"interaction",2000,1,3,0.1294,0.5772,0.2134,0.06074,8,0,16.74,0.3729,0.621,0.006093,8.993,-0.1846,1.427,0.527,0,0,0,0,FALSE
"fit","free",5,NA,NA,NA,NA,NA,NA,NA,NA,NA,NA,"interaction",2000,1,4,0.1089,0.6119,0.2034,0.05578,7,0.0001585,13.22,0.4393,0.5537,0.006999,7.316,-0.1665,0.319,0.159,0,0,0,0,FALSE
"fit","joint",5,NA,NA,NA,NA,NA,NA,NA,NA,NA,NA,"interaction",2000,2,1,0.09997,0.7337,0.2337,0.05936,7,0,18.11,0.4555,0.5173,0.02723,8.77,-0.1372,1.729,0.565,0,0,0,0,FALSE
"fit","joint.mbart",5,NA,NA,NA,NA,NA,NA,NA,NA,NA,NA,"interaction",2000,2,2,0.1094,0.5921,0.1799,0.05107,9,0,15.59,0.3645,0.6128,0.02269,9.007,-0.1441,1.28,0.517,0,0,0,0,FALSE
"fit","free",5,NA,NA,NA,NA,NA,NA,NA,NA,NA,NA,"interaction",2000,2,3,0.1046,0.7059,0.2203,0.05511,8,0.00705,13.58,0.4065,0.5652,0.02831,6.809,-0.1443,0.443,0.151,0,0,0,0,FALSE
"fit","leaf",5,NA,NA,NA,NA,NA,NA,NA,NA,NA,NA,"interaction",2000,2,4,0.1004,0.7554,0.2481,0.05903,8,0,18.54,0.3821,0.545,0.07291,12.2,-0.1757,1.586,0.611,2718,0.003376,7,16,FALSE
"fit","joint.mbart",5,NA,NA,NA,NA,NA,NA,NA,NA,NA,NA,"interaction",2000,3,1,0.1108,0.6614,0.214,0.06024,10,0,14.69,0.3497,0.6445,0.005817,8.732,-0.1494,1.56,0.499,0,0,0,0,FALSE
"fit","free",5,NA,NA,NA,NA,NA,NA,NA,NA,NA,NA,"interaction",2000,3,2,0.1006,0.7248,0.2307,0.05182,9,0.0004417,13.36,0.3812,0.609,0.009844,7.518,-0.1588,0.419,0.158,0,0,0,0,FALSE
"fit","leaf",5,NA,NA,NA,NA,NA,NA,NA,NA,NA,NA,"interaction",2000,3,3,0.1142,0.6574,0.2426,0.06737,9,0,19.32,0.4233,0.5133,0.06337,9.999,-0.1754,1.412,0.531,2735,9.496e-05,14,42,FALSE
"fit","joint",5,NA,NA,NA,NA,NA,NA,NA,NA,NA,NA,"interaction",2000,3,4,0.1118,0.7535,0.2463,0.05642,8,0,16.62,0.4015,0.5944,0.00415,8.676,-0.1808,1.386,0.555,0,0,0,0,FALSE
"fit","free",5,NA,NA,NA,NA,NA,NA,NA,NA,NA,NA,"interaction",2000,4,1,0.1475,0.4921,0.1953,0.06956,8,2.271e-05,12.82,0.3993,0.5942,0.006461,6.438,-0.1801,0.471,0.164,0,0,0,0,FALSE
"fit","leaf",5,NA,NA,NA,NA,NA,NA,NA,NA,NA,NA,"interaction",2000,4,2,0.08926,0.799,0.2233,0.04802,6,0,20.67,0.4252,0.5409,0.03393,10.2,-0.1673,1.495,0.582,2645,0.007928,8,52,FALSE
"fit","joint",5,NA,NA,NA,NA,NA,NA,NA,NA,NA,NA,"interaction",2000,4,3,0.1058,0.6446,0.1905,0.06267,9,0,13.75,0.398,0.5986,0.003376,6.991,-0.1664,1.528,0.57,0,0,0,0,FALSE
"fit","joint.mbart",5,NA,NA,NA,NA,NA,NA,NA,NA,NA,NA,"interaction",2000,4,4,0.1166,0.599,0.2008,0.04944,8,0,18.74,0.4841,0.5098,0.006137,7.756,-0.1622,1.313,0.569,0,0,0,0,FALSE
"fit","leaf",5,NA,NA,NA,NA,NA,NA,NA,NA,NA,NA,"interaction",2000,5,1,0.1139,0.6267,0.1947,0.0639,9,0,16.76,0.3738,0.5941,0.03213,9.027,-0.1507,1.124,0.501,2767,0.003649,11,190,FALSE
"fit","joint",5,NA,NA,NA,NA,NA,NA,NA,NA,NA,NA,"interaction",2000,5,2,0.1278,0.5861,0.2088,0.06294,8,0,14.84,0.425,0.5595,0.01551,8.795,-0.1964,1.58,0.592,0,0,0,0,FALSE
"fit","joint.mbart",5,NA,NA,NA,NA,NA,NA,NA,NA,NA,NA,"interaction",2000,5,3,0.1155,0.6347,0.2029,0.06396,9,0,14.49,0.4002,0.5924,0.00749,7.423,-0.1776,1.596,0.623,0,0,0,0,FALSE
"fit","free",5,NA,NA,NA,NA,NA,NA,NA,NA,NA,NA,"interaction",2000,5,4,0.1042,0.6455,0.1996,0.05734,7,0.0001112,16.44,0.4776,0.5168,0.005528,7.092,-0.1769,0.288,0.136,0,0,0,0,FALSE
"fit","joint",5,NA,NA,NA,NA,NA,NA,NA,NA,NA,NA,"interaction",2000,6,1,0.1234,0.5842,0.1908,0.07405,8,0,13.91,0.3447,0.6174,0.03792,8.196,-0.2019,1.037,0.487,0,0,0,0,FALSE
"fit","joint.mbart",5,NA,NA,NA,NA,NA,NA,NA,NA,NA,NA,"interaction",2000,6,2,0.1265,0.4792,0.1715,0.06409,9,0,10.68,0.2767,0.7113,0.01195,7.796,-0.1922,0.94,0.47,0,0,0,0,FALSE
"fit","free",5,NA,NA,NA,NA,NA,NA,NA,NA,NA,NA,"interaction",2000,6,3,0.1155,0.6485,0.1973,0.04973,8,0.0002625,12.45,0.3462,0.6494,0.004441,7.565,-0.1861,0.346,0.159,0,0,0,0,FALSE
"fit","leaf",5,NA,NA,NA,NA,NA,NA,NA,NA,NA,NA,"interaction",2000,6,4,0.09296,0.7188,0.2152,0.04908,11,0,17.4,0.4113,0.5715,0.01719,8.564,-0.1729,1.269,0.506,2822,0.03624,10,362,FALSE
"fit","joint.mbart",5,NA,NA,NA,NA,NA,NA,NA,NA,NA,NA,"interaction",2000,7,1,0.121,0.5495,0.1896,0.05893,7,0,21.22,0.5364,0.4596,0.00398,8.443,-0.1637,1.509,0.642,0,0,0,0,FALSE
"fit","free",5,NA,NA,NA,NA,NA,NA,NA,NA,NA,NA,"interaction",2000,7,2,0.1165,0.6683,0.2189,0.06613,9,5.486e-05,14.3,0.4314,0.5643,0.004336,7.104,-0.155,0.372,0.168,0,0,0,0,FALSE
"fit","leaf",5,NA,NA,NA,NA,NA,NA,NA,NA,NA,NA,"interaction",2000,7,3,0.1256,0.5614,0.2025,0.04925,8,0,17.68,0.445,0.5466,0.008414,8.509,-0.1802,1.374,0.606,2802,0.005512,5,11,FALSE
"fit","joint",5,NA,NA,NA,NA,NA,NA,NA,NA,NA,NA,"interaction",2000,7,4,0.1352,0.4941,0.1834,0.0678,7,0,17.1,0.3673,0.6307,0.002005,9.374,-0.1645,1.389,0.481,0,0,0,0,FALSE
"fit","free",5,NA,NA,NA,NA,NA,NA,NA,NA,NA,NA,"interaction",2000,8,1,0.1188,0.6842,0.1981,0.05291,9,0.04057,15.74,0.4993,0.4966,0.004112,6.712,-0.1546,0.243,0.157,0,0,0,0,FALSE
"fit","leaf",5,NA,NA,NA,NA,NA,NA,NA,NA,NA,NA,"interaction",2000,8,2,0.1034,0.6901,0.213,0.05603,10,0,19.45,0.3776,0.6133,0.009043,10.35,-0.1629,0.928,0.442,2821,0.01178,14,458,FALSE
"fit","joint",5,NA,NA,NA,NA,NA,NA,NA,NA,NA,NA,"interaction",2000,8,3,0.1294,0.595,0.2128,0.04645,8,0,18.44,0.4673,0.5279,0.004758,8.408,-0.1728,1.286,0.567,0,0,0,0,FALSE
"fit","joint.mbart",5,NA,NA,NA,NA,NA,NA,NA,NA,NA,NA,"interaction",2000,8,4,0.1206,0.5752,0.193,0.05285,9,0,15.44,0.3948,0.5994,0.005806,7.854,-0.1315,1.369,0.471,0,0,0,0,FALSE
"fit","leaf",50,NA,NA,NA,NA,NA,NA,NA,NA,NA,NA,"interaction",2000,1,1,0.08973,0.8317,0.2531,0.03651,4,0,22.98,0.3465,0.5495,0.104,1.46,-0.1279,8.825,4.121,26600,1.171e-05,4,6,FALSE
"fit","joint",50,NA,NA,NA,NA,NA,NA,NA,NA,NA,NA,"interaction",2000,1,2,0.09629,0.795,0.2265,0.0442,7,0,19.93,0.2871,0.5934,0.1195,1.45,-0.1411,8.159,4.037,0,0,0,0,FALSE
"fit","joint.mbart",50,NA,NA,NA,NA,NA,NA,NA,NA,NA,NA,"interaction",2000,1,3,0.08923,0.7515,0.2212,0.04824,6,0,16.32,0.3636,0.6008,0.03559,0.9721,-0.1452,8.919,4.334,0,0,0,0,FALSE
"fit","free",50,NA,NA,NA,NA,NA,NA,NA,NA,NA,NA,"interaction",2000,1,4,0.09025,0.8327,0.2626,0.04367,5,0.07342,26.1,0.4172,0.4867,0.09614,1.45,-0.1293,1.364,0.579,0,0,0,0,FALSE
"fit","joint",50,NA,NA,NA,NA,NA,NA,NA,NA,NA,NA,"interaction",2000,2,1,0.08551,0.8218,0.2317,0.04305,6,0,19.64,0.3094,0.5816,0.109,1.311,-0.1145,8.397,4.152,0,0,0,0,FALSE
"fit","joint.mbart",50,NA,NA,NA,NA,NA,NA,NA,NA,NA,NA,"interaction",2000,2,2,0.09333,0.7693,0.2218,0.04986,8,0,17.85,0.3821,0.5842,0.03373,0.9476,-0.1227,8.931,4.48,0,0,0,0,FALSE
"fit","free",50,NA,NA,NA,NA,NA,NA,NA,NA,NA,NA,"interaction",2000,2,3,0.08014,0.901,0.2686,0.05534,6,0.07559,24.89,0.3999,0.4954,0.1048,1.44,-0.112,1.711,0.619,0,0,0,0,FALSE
"fit","leaf",50,NA,NA,NA,NA,NA,NA,NA,NA,NA,NA,"interaction",2000,2,4,0.0847,0.8881,0.2429,0.04236,6,0,22.16,0.3258,0.5371,0.1371,1.447,-0.1049,9.205,3.949,26090,0.0004572,2,5,FALSE
"fit","joint.mbart",50,NA,NA,NA,NA,NA,NA,NA,NA,NA,NA,"interaction",2000,3,1,0.09369,0.7624,0.2108,0.04317,10,0,17.28,0.4113,0.5587,0.03002,0.8673,-0.1504,8.281,4.288,0,0,0,0,FALSE
"fit","free",50,NA,NA,NA,NA,NA,NA,NA,NA,NA,NA,"interaction",2000,3,2,0.07065,0.9436,0.2789,0.03945,5,0.02453,25.54,0.3738,0.4996,0.1265,1.56,-0.1354,1.102,0.618,0,0,0,0,FALSE
"fit","leaf",50,NA,NA,NA,NA,NA,NA,NA,NA,NA,NA,"interaction",2000,3,3,0.07871,0.898,0.2427,0.03687,10,0,20.64,0.3117,0.5637,0.1246,1.49,-0.1375,9.087,4.057,26540,0.004197,4,12,FALSE
"fit","joint",50,NA,NA,NA,NA,NA,NA,NA,NA,NA,NA,"interaction",2000,3,4,0.07613,0.904,0.2687,0.04134,5,0,20.06,0.3029,0.5672,0.1299,1.388,-0.1277,9.53,4.015,0,0,0,0,FALSE
"fit","free",50,NA,NA,NA,NA,NA,NA,NA,NA,NA,NA,"interaction",2000,4,1,0.08369,0.8752,0.2652,0.03967,8,0.02093,25.24,0.3947,0.5104,0.09488,1.511,-0.1262,1.203,0.62,0,0,0,0,FALSE
"fit","leaf",50,NA,NA,NA,NA,NA,NA,NA,NA,NA,NA,"interaction",2000,4,2,0.08111,0.8891,0.2514,0.03943,5,0,22.74,0.3331,0.5691,0.09774,1.469,-0.1178,7.95,4.117,26000,0.004763,2,5,FALSE
"fit","joint",50,NA,NA,NA,NA,NA,NA,NA,NA,NA,NA,"interaction",2000,4,3,0.09109,0.8248,0.2508,0.03822,7,0,18.78,0.2875,0.5421,0.1704,1.35,-0.1328,8.31,3.758,0,0,0,0,FALSE
"fit","joint.mbart",50,NA,NA,NA,NA,NA,NA,NA,NA,NA,NA,"interaction",2000,4,4,0.07442,0.8475,0.218,0.0426,6,0,16.69,0.4061,0.5602,0.03366,0.8412,-0.1258,10.71,4.484,0,0,0,0,FALSE
"fit","leaf",50,NA,NA,NA,NA,NA,NA,NA,NA,NA,NA,"interaction",2000,5,1,0.07178,0.9079,0.2487,0.04037,3,0,24.24,0.3681,0.5087,0.1232,1.41,-0.1341,8.151,4.258,26240,1.646e-05,2,5,FALSE
"fit","joint",50,NA,NA,NA,NA,NA,NA,NA,NA,NA,NA,"interaction",2000,5,2,0.07207,0.8861,0.2563,0.04215,6,0,20.22,0.3105,0.5739,0.1157,1.375,-0.125,9.292,4.038,0,0,0,0,FALSE
"fit","joint.mbart",50,NA,NA,NA,NA,NA,NA,NA,NA,NA,NA,"interaction",2000,5,3,0.09422,0.6663,0.1938,0.05381,8,0,17.47,0.3923,0.5729,0.03478,0.9062,-0.131,10.03,4.161,0,0,0,0,FALSE
"fit","free",50,NA,NA,NA,NA,NA,NA,NA,NA,NA,NA,"interaction",2000,5,4,0.08142,0.8515,0.2599,0.04371,6,0.0282,26.32,0.3943,0.5295,0.07622,1.502,-0.1358,1.448,0.656,0,0,0,0,FALSE
"fit","joint",50,NA,NA,NA,NA,NA,NA,NA,NA,NA,NA,"interaction",2000,6,1,0.0739,0.8772,0.2322,0.03959,9,0,19.55,0.2817,0.5602,0.1581,1.454,-0.148,7.427,3.9,0,0,0,0,FALSE
"fit","joint.mbart",50,NA,NA,NA,NA,NA,NA,NA,NA,NA,NA,"interaction",2000,6,2,0.07862,0.8059,0.2061,0.04471,9,0,15.57,0.3384,0.6002,0.06138,0.9299,-0.1566,9.651,4.235,0,0,0,0,FALSE
"fit","free",50,NA,NA,NA,NA,NA,NA,NA,NA,NA,NA,"interaction",2000,6,3,0.07852,0.902,0.2561,0.03509,3,0.00241,25.08,0.3965,0.494,0.1095,1.469,-0.1452,1.453,0.63,0,0,0,0,FALSE
"fit","leaf",50,NA,NA,NA,NA,NA,NA,NA,NA,NA,NA,"interaction",2000,6,4,0.08022,0.8792,0.2612,0.04143,5,0,23.52,0.3424,0.5174,0.1402,1.496,-0.1388,10.35,4.332,26420,0.01223,2,0,FALSE
"fit","joint.mbart",50,NA,NA,NA,NA,NA,NA,NA,NA,NA,NA,"interaction",2000,7,1,0.08784,0.7327,0.2089,0.05711,9,0,14.44,0.3632,0.6082,0.02857,0.8665,-0.1437,8.265,4.229,0,0,0,0,FALSE
"fit","free",50,NA,NA,NA,NA,NA,NA,NA,NA,NA,NA,"interaction",2000,7,2,0.09094,0.8257,0.263,0.05015,6,0.009953,22.38,0.3437,0.5352,0.1211,1.477,-0.1373,1.148,0.636,0,0,0,0,FALSE
"fit","leaf",50,NA,NA,NA,NA,NA,NA,NA,NA,NA,NA,"interaction",2000,7,3,0.08275,0.8832,0.2665,0.04062,5,0,21.47,0.3196,0.5455,0.1348,1.465,-0.1289,9.601,4.065,26380,0.0003553,5,14,FALSE
"fit","joint",50,NA,NA,NA,NA,NA,NA,NA,NA,NA,NA,"interaction",2000,7,4,0.08547,0.8,0.2239,0.04715,10,0,17.23,0.2647,0.5865,0.1488,1.386,-0.1145,9.242,3.846,0,0,0,0,FALSE
"fit","free",50,NA,NA,NA,NA,NA,NA,NA,NA,NA,NA,"interaction",2000,8,1,0.07289,0.9109,0.2664,0.04945,6,0.04327,26.32,0.4236,0.4734,0.103,1.516,-0.1156,1.123,0.643,0,0,0,0,FALSE
"fit","leaf",50,NA,NA,NA,NA,NA,NA,NA,NA,NA,NA,"interaction",2000,8,2,0.08643,0.8495,0.2499,0.04261,5,0,22.01,0.3233,0.5349,0.1418,1.438,-0.1195,7.679,3.927,26460,0.0002178,2,5,FALSE
"fit","joint",50,NA,NA,NA,NA,NA,NA,NA,NA,NA,NA,"interaction",2000,8,3,0.07062,0.9109,0.2459,0.04034,6,0,19.85,0.3001,0.5608,0.1391,1.393,-0.1132,9.381,3.983,0,0,0,0,FALSE
"fit","joint.mbart",50,NA,NA,NA,NA,NA,NA,NA,NA,NA,NA,"interaction",2000,8,4,0.09182,0.7436,0.2018,0.05283,8,0,16.18,0.3982,0.5685,0.03331,0.8273,-0.1305,11.15,4.558,0,0,0,0,FALSE
"fit","leaf",200,NA,NA,NA,NA,NA,NA,NA,NA,NA,NA,"interaction",2000,1,1,0.0931,0.903,0.3264,0.02866,1,0,39.49,0.1917,0.4393,0.3691,1.322,-0.1345,33.53,13.83,108600,3.883e-05,2,5,FALSE
"fit","joint",200,NA,NA,NA,NA,NA,NA,NA,NA,NA,NA,"interaction",2000,1,2,0.1046,0.8693,0.3351,0.03232,1,0,32.2,0.1514,0.4824,0.3662,1.264,-0.1401,26.7,13.3,0,0,0,0,FALSE
"fit","joint.mbart",200,NA,NA,NA,NA,NA,NA,NA,NA,NA,NA,"interaction",2000,1,3,0.07449,0.8861,0.2548,0.03736,3,0,20.7,0.2932,0.5709,0.1359,0.3805,-0.1308,29.53,16.2,0,0,0,0,FALSE
"fit","free",200,NA,NA,NA,NA,NA,NA,NA,NA,NA,NA,"interaction",2000,1,4,0.09538,0.9297,0.3642,0.04319,4,0.06849,60.27,0.3467,0.392,0.2614,1.382,-0.1338,3.815,2.257,0,0,0,0,FALSE
"fit","joint",200,NA,NA,NA,NA,NA,NA,NA,NA,NA,NA,"interaction",2000,2,1,0.08338,0.9426,0.3346,0.0487,1,0,31.31,0.1465,0.4561,0.3974,1.252,-0.1195,30.29,13.27,0,0,0,0,FALSE
"fit","joint.mbart",200,NA,NA,NA,NA,NA,NA,NA,NA,NA,NA,"interaction",2000,2,2,0.07715,0.8812,0.2396,0.04676,7,0,19.92,0.2979,0.58,0.1221,0.3629,-0.1084,33.2,16.42,0,0,0,0,FALSE
"fit","free",200,NA,NA,NA,NA,NA,NA,NA,NA,NA,NA,"interaction",2000,2,3,0.08493,0.9851,0.3796,0.06402,5,0.07437,59.24,0.3563,0.3674,0.2763,1.36,-0.1137,4.096,2.265,0,0,0,0,FALSE
"fit","leaf",200,NA,NA,NA,NA,NA,NA,NA,NA,NA,NA,"interaction",2000,2,4,0.09859,0.9198,0.339,0.05869,2,0,37.26,0.1839,0.4746,0.3415,1.293,-0.113,23.99,13.56,107000,3.958e-05,2,5,FALSE
"fit","joint.mbart",200,NA,NA,NA,NA,NA,NA,NA,NA,NA,NA,"interaction",2000,3,1,0.06866,0.9267,0.2474,0.03974,6,0,20.64,0.2907,0.5805,0.1287,0.3822,-0.1259,36.79,16.64,0,0,0,0,FALSE
"fit","free",200,NA,NA,NA,NA,NA,NA,NA,NA,NA,NA,"interaction",2000,3,2,0.07533,0.9941,0.362,0.03705,5,0.02774,60.52,0.3411,0.3839,0.275,1.421,-0.1306,4.696,2.285,0,0,0,0,FALSE
"fit","leaf",200,NA,NA,NA,NA,NA,NA,NA,NA,NA,NA,"interaction",2000,3,3,0.08355,0.9564,0.3319,0.02923,2,0,40.63,0.1966,0.4507,0.3527,1.314,-0.1272,26.37,13.53,108800,0.007339,2,5,FALSE
"fit","joint",200,NA,NA,NA,NA,NA,NA,NA,NA,NA,NA,"interaction",2000,3,4,0.08873,0.9416,0.3345,0.02851,2,0,32.79,0.1547,0.4679,0.3774,1.277,-0.1288,22.48,12.97,0,0,0,0,FALSE
"fit","free",200,NA,NA,NA,NA,NA,NA,NA,NA,NA,NA,"interaction",2000,4,1,0.09577,0.9426,0.3595,0.03866,3,0.05631,61.25,0.3595,0.3912,0.2493,1.396,-0.1289,5.475,2.321,0,0,0,0,FALSE
"fit","leaf",200,NA,NA,NA,NA,NA,NA,NA,NA,NA,NA,"interaction",2000,4,2,0.08155,0.9782,0.3511,0.02417,1,0,39.55,0.1881,0.4661,0.3458,1.293,-0.1197,30.15,13.86,107300,0.0001856,3,8,FALSE
"fit","joint",200,NA,NA,NA,NA,NA,NA,NA,NA,NA,NA,"interaction",2000,4,3,0.1031,0.8941,0.3291,0.02331,2,0,32.25,0.1525,0.5004,0.3471,1.221,-0.1219,26.28,12.93,0,0,0,0,FALSE
"fit","joint.mbart",200,NA,NA,NA,NA,NA,NA,NA,NA,NA,NA,"interaction",2000,4,4,0.08127,0.8743,0.2538,0.03605,7,0,20.18,0.2808,0.5831,0.1361,0.3744,-0.1335,27.97,16.1,0,0,0,0,FALSE
"fit","leaf",200,NA,NA,NA,NA,NA,NA,NA,NA,NA,NA,"interaction",2000,5,1,0.07477,0.9574,0.3236,0.04674,2,0,38.55,0.1867,0.4607,0.3526,1.313,-0.1217,30.78,13.76,108400,0.02049,2,5,FALSE
"fit","joint",200,NA,NA,NA,NA,NA,NA,NA,NA,NA,NA,"interaction",2000,5,2,0.09083,0.904,0.3256,0.05046,3,0,31.3,0.1479,0.4662,0.3859,1.251,-0.1271,26.17,12.9,0,0,0,0,FALSE
"fit","joint.mbart",200,NA,NA,NA,NA,NA,NA,NA,NA,NA,NA,"interaction",2000,5,3,0.07761,0.8475,0.2439,0.0417,8,0,19.93,0.2996,0.5766,0.1239,0.3508,-0.1273,28.15,16.1,0,0,0,0,FALSE
"fit","free",200,NA,NA,NA,NA,NA,NA,NA,NA,NA,NA,"interaction",2000,5,4,0.08332,0.9683,0.3562,0.04923,5,0.08545,60.31,0.3461,0.3847,0.2692,1.418,-0.1291,4.05,2.261,0,0,0,0,FALSE
"fit","joint",200,NA,NA,NA,NA,NA,NA,NA,NA,NA,NA,"interaction",2000,6,1,0.08218,0.9604,0.3352,0.03256,2,0,32.42,0.1509,0.4715,0.3776,1.283,-0.138,29.7,13.26,0,0,0,0,FALSE
"fit","joint.mbart",200,NA,NA,NA,NA,NA,NA,NA,NA,NA,NA,"interaction",2000,6,2,0.07898,0.8683,0.2396,0.04242,7,0,20.42,0.2977,0.5661,0.1362,0.369,-0.1436,31.86,16.3,0,0,0,0,FALSE
"fit","free",200,NA,NA,NA,NA,NA,NA,NA,NA,NA,NA,"interaction",2000,6,3,0.07849,0.9752,0.3568,0.03884,5,0.04987,57.83,0.3261,0.3863,0.2875,1.403,-0.1487,4.243,2.308,0,0,0,0,FALSE
"fit","leaf",200,NA,NA,NA,NA,NA,NA,NA,NA,NA,NA,"interaction",2000,6,4,0.07252,0.9713,0.3322,0.02912,2,0,40.3,0.1941,0.4556,0.3503,1.327,-0.146,23.54,13.56,108300,0.001834,2,0,FALSE
"fit","joint.mbart",200,NA,NA,NA,NA,NA,NA,NA,NA,NA,NA,"interaction",2000,7,1,0.08991,0.805,0.249,0.04324,7,0,20.57,0.2834,0.5621,0.1545,0.3831,-0.1277,35.96,16.5,0,0,0,0,FALSE
"fit","free",200,NA,NA,NA,NA,NA,NA,NA,NA,NA,NA,"interaction",2000,7,2,0.08389,0.9495,0.3513,0.04222,6,0.03711,58.98,0.3447,0.3881,0.2672,1.39,-0.1284,4.648,2.284,0,0,0,0,FALSE
"fit","leaf",200,NA,NA,NA,NA,NA,NA,NA,NA,NA,NA,"interaction",2000,7,3,0.09054,0.9168,0.3237,0.03277,2,0,38.13,0.1877,0.46,0.3523,1.291,-0.135,27.62,13.81,108300,0.05955,2,5,FALSE
"fit","joint",200,NA,NA,NA,NA,NA,NA,NA,NA,NA,NA,"interaction",2000,7,4,0.08541,0.9119,0.3214,0.03569,4,0,30.78,0.1477,0.5016,0.3507,1.243,-0.1335,22.23,12.79,0,0,0,0,FALSE
"fit","free",200,NA,NA,NA,NA,NA,NA,NA,NA,NA,NA,"interaction",2000,8,1,0.0782,0.9752,0.3466,0.04671,6,0.05555,58.14,0.3417,0.3877,0.2706,1.393,-0.1218,6.002,2.29,0,0,0,0,FALSE
"fit","leaf",200,NA,NA,NA,NA,NA,NA,NA,NA,NA,NA,"interaction",2000,8,2,0.08556,0.9356,0.3141,0.02954,2,0,37.98,0.1844,0.4657,0.3499,1.297,-0.1122,28.2,13.5,107600,0.002449,2,5,FALSE
"fit","joint",200,NA,NA,NA,NA,NA,NA,NA,NA,NA,NA,"interaction",2000,8,3,0.08305,0.9446,0.3259,0.03386,3,0,31.92,0.1473,0.4675,0.3852,1.253,-0.1138,25.7,12.75,0,0,0,0,FALSE
"fit","joint.mbart",200,NA,NA,NA,NA,NA,NA,NA,NA,NA,NA,"interaction",2000,8,4,0.07575,0.8723,0.2398,0.04784,5,0,20.07,0.2774,0.5867,0.1359,0.3794,-0.1135,27.95,16.1,0,0,0,0,FALSE
"fit","leaf",5,NA,NA,NA,NA,NA,NA,NA,NA,NA,NA,"ramp",200,1,1,0.03857,0.8317,0.1069,0.03828,7,0,7.718,0.8158,0.1004,0.08381,1.9,0.846,1.159,0.64,2748,0.0001235,3,7,FALSE
"fit","joint",5,NA,NA,NA,NA,NA,NA,NA,NA,NA,NA,"ramp",200,1,2,0.04034,0.8178,0.1085,0.0403,5,0,7.552,0.9043,0.0524,0.04331,1.672,0.8544,1.567,0.607,0,0,0,0,FALSE
"fit","joint.mbart",5,NA,NA,NA,NA,NA,NA,NA,NA,NA,NA,"ramp",200,1,3,0.04352,0.7673,0.1044,0.04351,6,0,6.892,0.9339,0.04443,0.02167,1.476,0.8095,1.237,0.601,0,0,0,0,FALSE
"fit","free",5,NA,NA,NA,NA,NA,NA,NA,NA,NA,NA,"ramp",200,1,4,0.03208,0.9208,0.1314,0.03203,4,0.001268,7.836,0.8678,0.06973,0.06247,1.818,0.8609,0.282,0.065,0,0,0,0,FALSE
"fit","joint",5,NA,NA,NA,NA,NA,NA,NA,NA,NA,NA,"ramp",200,2,1,0.04775,0.7752,0.1193,0.04561,7,0,7.952,0.8438,0.112,0.04413,1.885,0.8027,1.183,0.599,0,0,0,0,FALSE
"fit","joint.mbart",5,NA,NA,NA,NA,NA,NA,NA,NA,NA,NA,"ramp",200,2,2,0.04417,0.8158,0.1275,0.0441,6,0,6.156,0.9556,0.03074,0.01366,1.288,0.8126,1.697,0.646,0,0,0,0,FALSE
"fit","free",5,NA,NA,NA,NA,NA,NA,NA,NA,NA,NA,"ramp",200,2,3,0.04937,0.7812,0.1277,0.04906,5,0.01214,6.51,0.8474,0.09985,0.05275,1.554,0.7987,0.057,0.057,0,0,0,0,FALSE
"fit","leaf",5,NA,NA,NA,NA,NA,NA,NA,NA,NA,NA,"ramp",200,2,4,0.04301,0.896,0.1434,0.04271,7,0,8.358,0.8887,0.06478,0.04652,1.883,0.8239,1.408,0.62,2681,1.238e-05,4,6,FALSE
"fit","joint.mbart",5,NA,NA,NA,NA,NA,NA,NA,NA,NA,NA,"ramp",200,3,1,0.04209,0.7663,0.1129,0.04201,8,0,7.454,0.9435,0.01443,0.04203,1.58,0.806,1.082,0.597,0,0,0,0,FALSE
"fit","free",5,NA,NA,NA,NA,NA,NA,NA,NA,NA,NA,"ramp",200,3,2,0.04763,0.6723,0.1091,0.043,7,0.001477,7.496,0.7619,0.06598,0.1721,1.97,0.7479,0.19,0.063,0,0,0,0,FALSE
"fit","leaf",5,NA,NA,NA,NA,NA,NA,NA,NA,NA,NA,"ramp",200,3,3,0.05039,0.7663,0.1186,0.04985,7,0,8.646,0.8363,0.08409,0.07965,2.074,0.7517,1.151,0.526,2719,6.375e-06,2,5,FALSE
"fit","joint",5,NA,NA,NA,NA,NA,NA,NA,NA,NA,NA,"ramp",200,3,4,0.03784,0.8307,0.1294,0.03743,8,0,8.546,0.8583,0.07318,0.06856,1.995,0.8242,1.474,0.655,0,0,0,0,FALSE
"fit","free",5,NA,NA,NA,NA,NA,NA,NA,NA,NA,NA,"ramp",200,4,1,0.03904,0.7594,0.1237,0.03854,9,0.008181,7.354,0.9104,0.03305,0.05655,1.634,0.8161,0.08,0.079,0,0,0,0,FALSE
"fit","leaf",5,NA,NA,NA,NA,NA,NA,NA,NA,NA,NA,"ramp",200,4,2,0.04042,0.9079,0.1373,0.03981,7,0,9.012,0.8444,0.05515,0.1004,2.147,0.8284,1.305,0.56,2783,4.167e-06,4,11,FALSE
"fit","joint",5,NA,NA,NA,NA,NA,NA,NA,NA,NA,NA,"ramp",200,4,3,0.03803,0.8248,0.1106,0.0376,7,0,7.702,0.885,0.02295,0.09204,1.743,0.8198,1.595,0.669,0,0,0,0,FALSE
"fit","joint.mbart",5,NA,NA,NA,NA,NA,NA,NA,NA,NA,NA,"ramp",200,4,4,0.04281,0.7347,0.1198,0.04203,7,0,6.874,0.9136,0.02035,0.06607,1.514,0.8084,1.459,0.64,0,0,0,0,FALSE
"fit","leaf",5,NA,NA,NA,NA,NA,NA,NA,NA,NA,NA,"ramp",200,5,1,0.0477,0.8337,0.121,0.04716,6,0,7.974,0.8576,0.04101,0.1014,1.863,0.839,1.452,0.617,2723,5.542e-06,5,11,FALSE
"fit","joint",5,NA,NA,NA,NA,NA,NA,NA,NA,NA,NA,"ramp",200,5,2,0.05484,0.7772,0.1286,0.0536,6,0,6.884,0.8287,0.05494,0.1164,1.726,0.802,1.093,0.598,0,0,0,0,FALSE
"fit","joint.mbart",5,NA,NA,NA,NA,NA,NA,NA,NA,NA,NA,"ramp",200,5,3,0.04935,0.7228,0.1068,0.04927,6,0,6.564,0.9209,0.04405,0.03507,1.426,0.8337,1.178,0.536,0,0,0,0,FALSE
"fit","free",5,NA,NA,NA,NA,NA,NA,NA,NA,NA,NA,"ramp",200,5,4,0.05112,0.803,0.1397,0.04875,5,0.00143,7.264,0.7831,0.09813,0.1188,1.859,0.8467,0.217,0.063,0,0,0,0,FALSE
"fit","joint",5,NA,NA,NA,NA,NA,NA,NA,NA,NA,NA,"ramp",200,6,1,0.04245,0.7921,0.1124,0.04234,7,0,8.706,0.9519,0.02777,0.02034,1.829,0.8222,1.399,0.642,0,0,0,0,FALSE
"fit","joint.mbart",5,NA,NA,NA,NA,NA,NA,NA,NA,NA,NA,"ramp",200,6,2,0.04707,0.7208,0.1055,0.04664,7,0,6.762,0.9205,0.0697,0.009801,1.469,0.7981,1.331,0.552,0,0,0,0,FALSE
"fit","free",5,NA,NA,NA,NA,NA,NA,NA,NA,NA,NA,"ramp",200,6,3,0.0447,0.705,0.09669,0.04449,6,0.0004971,7.186,0.897,0.05934,0.04363,1.604,0.791,0.056,0.056,0,0,0,0,FALSE
"fit","leaf",5,NA,NA,NA,NA,NA,NA,NA,NA,NA,NA,"ramp",200,6,4,0.04525,0.7416,0.1025,0.04502,6,0,8.36,0.7884,0.03793,0.1737,2.151,0.7954,1.477,0.607,2815,4.208e-06,4,14,FALSE
"fit","joint.mbart",5,NA,NA,NA,NA,NA,NA,NA,NA,NA,NA,"ramp",200,7,1,0.04568,0.8089,0.1206,0.04232,6,0,7.25,0.8282,0.03039,0.1414,1.751,0.8325,1.264,0.611,0,0,0,0,FALSE
"fit","free",5,NA,NA,NA,NA,NA,NA,NA,NA,NA,NA,"ramp",200,7,2,0.03993,0.805,0.1102,0.0398,5,0.002248,7.6,0.9041,0.04522,0.05066,1.69,0.8181,0.245,0.081,0,0,0,0,FALSE
"fit","leaf",5,NA,NA,NA,NA,NA,NA,NA,NA,NA,NA,"ramp",200,7,3,0.03626,0.8653,0.1119,0.03617,7,0,9.184,0.8739,0.06219,0.0639,2.11,0.8487,1.209,0.594,2743,3.375e-06,6,15,FALSE
"fit","joint",5,NA,NA,NA,NA,NA,NA,NA,NA,NA,NA,"ramp",200,7,4,0.04245,0.8257,0.1104,0.04242,6,0,7.552,0.8896,0.05554,0.05484,1.7,0.8369,1.439,0.63,0,0,0,0,FALSE
"fit","free",5,NA,NA,NA,NA,NA,NA,NA,NA,NA,NA,"ramp",200,8,1,0.03648,0.8663,0.1226,0.03645,8,0.00102,7.084,0.8969,0.06648,0.03665,1.582,0.8572,0.098,0.087,0,0,0,0,FALSE
"fit","leaf",5,NA,NA,NA,NA,NA,NA,NA,NA,NA,NA,"ramp",200,8,2,0.04093,0.8455,0.1246,0.0407,7,0,8.918,0.889,0.05887,0.05215,2.025,0.8524,1.501,0.653,2763,0.000588,7,30,FALSE
"fit","joint",5,NA,NA,NA,NA,NA,NA,NA,NA,NA,NA,"ramp",200,8,3,0.05015,0.6446,0.09156,0.05015,6,0,7.142,0.948,0.03451,0.01752,1.507,0.8287,1.381,0.658,0,0,0,0,FALSE
"fit","joint.mbart",5,NA,NA,NA,NA,NA,NA,NA,NA,NA,NA,"ramp",200,8,4,0.04133,0.7366,0.09921,0.04133,7,0,7.712,0.9686,0.01783,0.01356,1.592,0.8471,1.255,0.581,0,0,0,0,FALSE
"fit","leaf",50,NA,NA,NA,NA,NA,NA,NA,NA,NA,NA,"ramp",200,1,1,0.03833,0.998,0.2025,0.02539,2,0,20.66,0.3349,0.3092,0.3559,1.376,0.8612,25.4,10.57,28600,0.008572,3,8,FALSE
"fit","joint",50,NA,NA,NA,NA,NA,NA,NA,NA,NA,NA,"ramp",200,1,2,0.04408,0.9723,0.2044,0.03268,4,0,15.8,0.2665,0.3638,0.3696,1.275,0.8148,18.31,9.763,0,0,0,0,FALSE
"fit","joint.mbart",50,NA,NA,NA,NA,NA,NA,NA,NA,NA,NA,"ramp",200,1,3,0.03809,0.8881,0.1301,0.03067,5,0,10.34,0.6062,0.247,0.1468,0.3488,0.8501,23.79,11.39,0,0,0,0,FALSE
"fit","free",50,NA,NA,NA,NA,NA,NA,NA,NA,NA,NA,"ramp",200,1,4,0.04089,0.9881,0.2057,0.0305,1,0.01462,24.22,0.391,0.3074,0.3016,1.421,0.8399,2.781,1.029,0,0,0,0,FALSE
"fit","joint",50,NA,NA,NA,NA,NA,NA,NA,NA,NA,NA,"ramp",200,2,1,0.04526,0.9871,0.2324,0.02338,2,0,16.37,0.2774,0.3422,0.3804,1.244,0.8312,26.21,10.2,0,0,0,0,FALSE
"fit","joint.mbart",50,NA,NA,NA,NA,NA,NA,NA,NA,NA,NA,"ramp",200,2,2,0.03341,0.9505,0.1628,0.0309,4,0,10.14,0.6468,0.1934,0.1598,0.3182,0.8565,20.66,11.52,0,0,0,0,FALSE
"fit","free",50,NA,NA,NA,NA,NA,NA,NA,NA,NA,NA,"ramp",200,2,3,0.04567,0.9931,0.2487,0.02863,3,0.01976,24.33,0.4033,0.282,0.3147,1.372,0.8229,2.45,1.004,0,0,0,0,FALSE
"fit","leaf",50,NA,NA,NA,NA,NA,NA,NA,NA,NA,NA,"ramp",200,2,4,0.04383,0.999,0.2324,0.02656,1,0,21.38,0.3422,0.3217,0.336,1.372,0.827,35.19,10.46,28200,0.01651,4,14,FALSE
"fit","joint.mbart",50,NA,NA,NA,NA,NA,NA,NA,NA,NA,NA,"ramp",200,3,1,0.03806,0.9257,0.1439,0.03425,7,0,9.856,0.5723,0.2014,0.2263,0.3475,0.8093,28.17,11.42,0,0,0,0,FALSE
"fit","free",50,NA,NA,NA,NA,NA,NA,NA,NA,NA,NA,"ramp",200,3,2,0.03646,0.999,0.2235,0.02521,4,0.007708,24.84,0.4107,0.3054,0.2839,1.388,0.8321,2.785,0.998,0,0,0,0,FALSE
"fit","leaf",50,NA,NA,NA,NA,NA,NA,NA,NA,NA,NA,"ramp",200,3,3,0.03801,0.997,0.2116,0.02437,2,0,22.13,0.3508,0.3269,0.3223,1.39,0.8231,19.75,10.34,28200,0.001656,2,5,FALSE
"fit","joint",50,NA,NA,NA,NA,NA,NA,NA,NA,NA,NA,"ramp",200,3,4,0.0395,0.9752,0.2031,0.03155,4,0,16.06,0.2838,0.3645,0.3517,1.228,0.8011,34.17,9.921,0,0,0,0,FALSE
"fit","free",50,NA,NA,NA,NA,NA,NA,NA,NA,NA,NA,"ramp",200,4,1,0.03719,0.997,0.2298,0.02273,4,0.008331,24.29,0.3966,0.3108,0.2926,1.417,0.8101,2.703,1.092,0,0,0,0,FALSE
"fit","leaf",50,NA,NA,NA,NA,NA,NA,NA,NA,NA,NA,"ramp",200,4,2,0.035,1,0.2138,0.01873,2,0,22.22,0.3592,0.3274,0.3134,1.364,0.8253,24.06,10.45,28610,0.002963,5,16,FALSE
"fit","joint",50,NA,NA,NA,NA,NA,NA,NA,NA,NA,NA,"ramp",200,4,3,0.03838,1,0.2234,0.02105,3,0,16.44,0.2788,0.3739,0.3473,1.258,0.8101,17.63,10.1,0,0,0,0,FALSE
"fit","joint.mbart",50,NA,NA,NA,NA,NA,NA,NA,NA,NA,NA,"ramp",200,4,4,0.0311,0.9812,0.1569,0.02665,4,0,10.3,0.599,0.1726,0.2283,0.3512,0.8393,35.39,11.58,0,0,0,0,FALSE
"fit","leaf",50,NA,NA,NA,NA,NA,NA,NA,NA,NA,NA,"ramp",200,5,1,0.04733,0.9733,0.2108,0.0337,0,0,21.63,0.3427,0.3271,0.3302,1.407,0.8425,25,10.77,28490,0.01218,2,5,FALSE
"fit","joint",50,NA,NA,NA,NA,NA,NA,NA,NA,NA,NA,"ramp",200,5,2,0.04803,0.9525,0.1957,0.03384,3,0,16.22,0.2775,0.3707,0.3518,1.241,0.8513,18.06,9.848,0,0,0,0,FALSE
"fit","joint.mbart",50,NA,NA,NA,NA,NA,NA,NA,NA,NA,NA,"ramp",200,5,3,0.04167,0.8941,0.1427,0.03824,4,0,10.13,0.6411,0.1387,0.2203,0.3207,0.8726,35.38,11.55,0,0,0,0,FALSE
"fit","free",50,NA,NA,NA,NA,NA,NA,NA,NA,NA,NA,"ramp",200,5,4,0.04886,0.9663,0.2142,0.03667,2,0.006443,24.76,0.4111,0.2973,0.2917,1.408,0.8563,4.468,0.981,0,0,0,0,FALSE
"fit","joint",50,NA,NA,NA,NA,NA,NA,NA,NA,NA,NA,"ramp",200,6,1,0.04827,0.9525,0.196,0.03359,4,0,16.45,0.2798,0.3639,0.3562,1.275,0.8141,22.76,9.992,0,0,0,0,FALSE
"fit","joint.mbart",50,NA,NA,NA,NA,NA,NA,NA,NA,NA,NA,"ramp",200,6,2,0.04009,0.897,0.132,0.03647,5,0,9.85,0.624,0.1692,0.2069,0.3194,0.8367,23.7,11.5,0,0,0,0,FALSE
"fit","free",50,NA,NA,NA,NA,NA,NA,NA,NA,NA,NA,"ramp",200,6,3,0.04775,0.9624,0.2002,0.03413,3,0.007569,25.13,0.4137,0.2749,0.3114,1.411,0.8236,2.596,1.019,0,0,0,0,FALSE
"fit","leaf",50,NA,NA,NA,NA,NA,NA,NA,NA,NA,NA,"ramp",200,6,4,0.0487,0.9564,0.1989,0.03131,1,0,22.11,0.3455,0.3201,0.3344,1.416,0.8244,41.42,10.8,28340,0.03203,4,14,FALSE
"fit","joint.mbart",50,NA,NA,NA,NA,NA,NA,NA,NA,NA,NA,"ramp",200,7,1,0.03254,0.9485,0.1445,0.03099,5,0,10.69,0.6243,0.1974,0.1783,0.3509,0.8488,25.17,11.64,0,0,0,0,FALSE
"fit","free",50,NA,NA,NA,NA,NA,NA,NA,NA,NA,NA,"ramp",200,7,2,0.04248,0.9871,0.2154,0.02941,2,0.008123,25.57,0.4179,0.3008,0.2813,1.422,0.8278,1.36,1.019,0,0,0,0,FALSE
"fit","leaf",50,NA,NA,NA,NA,NA,NA,NA,NA,NA,NA,"ramp",200,7,3,0.03658,1,0.2026,0.02457,1,0,22.03,0.345,0.3276,0.3275,1.426,0.8182,21.58,10.47,28340,0.003311,2,5,FALSE
"fit","joint",50,NA,NA,NA,NA,NA,NA,NA,NA,NA,NA,"ramp",200,7,4,0.03797,0.995,0.2122,0.0267,2,0,16.88,0.2732,0.3458,0.381,1.328,0.824,39.35,10.15,0,0,0,0,FALSE
"fit","free",50,NA,NA,NA,NA,NA,NA,NA,NA,NA,NA,"ramp",200,8,1,0.03242,0.999,0.2306,0.02281,1,0.01721,26.71,0.4275,0.3004,0.2721,1.444,0.8845,2.582,1.115,0,0,0,0,FALSE
"fit","leaf",50,NA,NA,NA,NA,NA,NA,NA,NA,NA,NA,"ramp",200,8,2,0.03393,1,0.2256,0.01933,1,0,20.87,0.3381,0.3094,0.3525,1.384,0.8931,19.95,10.59,28430,0.003438,2,5,FALSE
"fit","joint",50,NA,NA,NA,NA,NA,NA,NA,NA,NA,NA,"ramp",200,8,3,0.03266,1,0.2239,0.02172,4,0,16.29,0.2736,0.3493,0.3771,1.267,0.8889,21.78,9.998,0,0,0,0,FALSE
"fit","joint.mbart",50,NA,NA,NA,NA,NA,NA,NA,NA,NA,NA,"ramp",200,8,4,0.02729,0.9584,0.1409,0.02681,5,0,10.88,0.6957,0.1689,0.1354,0.3206,0.905,42.19,11.2,0,0,0,0,FALSE
"fit","leaf",200,NA,NA,NA,NA,NA,NA,NA,NA,NA,NA,"ramp",200,1,1,0.03984,1,0.2204,0.02148,0,0,43.65,0.2145,0.3991,0.3864,1.386,0.8561,32.76,13.61,117400,0.0005219,2,5,FALSE
"fit","joint",200,NA,NA,NA,NA,NA,NA,NA,NA,NA,NA,"ramp",200,1,2,0.04277,0.998,0.2198,0.02368,0,0,33.45,0.1589,0.4162,0.425,1.294,0.8456,26.28,13.07,0,0,0,0,FALSE
"fit","joint.mbart",200,NA,NA,NA,NA,NA,NA,NA,NA,NA,NA,"ramp",200,1,3,0.02944,0.9891,0.161,0.02593,0,0,19.9,0.3511,0.3353,0.3135,0.311,0.8805,29.73,16.76,0,0,0,0,FALSE
"fit","free",200,NA,NA,NA,NA,NA,NA,NA,NA,NA,NA,"ramp",200,1,4,0.04548,0.9941,0.2374,0.03093,0,0.01694,62.13,0.3439,0.3221,0.334,1.474,0.8131,2.777,1.556,0,0,0,0,FALSE
"fit","joint",200,NA,NA,NA,NA,NA,NA,NA,NA,NA,NA,"ramp",200,2,1,0.05147,0.9891,0.2631,0.02362,0,0,33.83,0.1621,0.4301,0.4078,1.283,0.8158,32.01,13.36,0,0,0,0,FALSE
"fit","joint.mbart",200,NA,NA,NA,NA,NA,NA,NA,NA,NA,NA,"ramp",200,2,2,0.03194,0.999,0.1886,0.01863,0,0,19.2,0.3649,0.3167,0.3183,0.2837,0.8613,32.12,16.57,0,0,0,0,FALSE
"fit","free",200,NA,NA,NA,NA,NA,NA,NA,NA,NA,NA,"ramp",200,2,3,0.05023,0.999,0.2758,0.02461,0,0.02692,62.03,0.349,0.3248,0.3262,1.427,0.8098,2.876,1.534,0,0,0,0,FALSE
"fit","leaf",200,NA,NA,NA,NA,NA,NA,NA,NA,NA,NA,"ramp",200,2,4,0.05387,0.9911,0.2586,0.03009,1,0,44.68,0.2201,0.4012,0.3788,1.369,0.8062,24.07,13.43,116600,0.004576,2,5,FALSE
"fit","joint.mbart",200,NA,NA,NA,NA,NA,NA,NA,NA,NA,NA,"ramp",200,3,1,0.02839,0.997,0.1645,0.02031,0,0,20.59,0.3971,0.3074,0.2956,0.2824,0.8462,40.34,17.06,0,0,0,0,FALSE
"fit","free",200,NA,NA,NA,NA,NA,NA,NA,NA,NA,NA,"ramp",200,3,2,0.03845,1,0.2465,0.02486,1,0.01895,63.41,0.3514,0.3265,0.3221,1.449,0.8136,2.996,1.519,0,0,0,0,FALSE
"fit","leaf",200,NA,NA,NA,NA,NA,NA,NA,NA,NA,NA,"ramp",200,3,3,0.0411,1,0.2347,0.02269,0,0,45.7,0.2256,0.3912,0.3833,1.364,0.8263,25.91,13.58,116700,0.003479,4,12,FALSE
"fit","joint",200,NA,NA,NA,NA,NA,NA,NA,NA,NA,NA,"ramp",200,3,4,0.03636,1,0.235,0.02099,1,0,35.05,0.1702,0.4138,0.4159,1.286,0.8306,24.15,13.42,0,0,0,0,FALSE
"fit","free",200,NA,NA,NA,NA,NA,NA,NA,NA,NA,NA,"ramp",200,4,1,0.03864,1,0.2472,0.01786,0,0.00587,62.53,0.349,0.3267,0.3243,1.45,0.8131,3.522,1.579,0,0,0,0,FALSE
"fit","leaf",200,NA,NA,NA,NA,NA,NA,NA,NA,NA,NA,"ramp",200,4,2,0.04105,0.997,0.2354,0.01854,0,0,45.99,0.2323,0.3898,0.3779,1.382,0.801,33.07,13.98,117900,0.01656,2,5,FALSE
"fit","joint",200,NA,NA,NA,NA,NA,NA,NA,NA,NA,NA,"ramp",200,4,3,0.03742,1,0.2353,0.01403,0,0,35.66,0.1731,0.4085,0.4184,1.293,0.8069,25.12,13.26,0,0,0,0,FALSE
"fit","joint.mbart",200,NA,NA,NA,NA,NA,NA,NA,NA,NA,NA,"ramp",200,4,4,0.02838,0.999,0.1753,0.01726,0,0,20.7,0.3623,0.3149,0.3227,0.3128,0.8531,30.07,16.86,0,0,0,0,FALSE
"fit","leaf",200,NA,NA,NA,NA,NA,NA,NA,NA,NA,NA,"ramp",200,5,1,0.04237,1,0.2184,0.02468,0,0,45.81,0.2276,0.3953,0.3771,1.374,0.8546,32.53,13.7,117600,0.02685,2,5,FALSE
"fit","joint",200,NA,NA,NA,NA,NA,NA,NA,NA,NA,NA,"ramp",200,5,2,0.04374,0.9881,0.2202,0.02877,0,0,34.41,0.1652,0.4158,0.419,1.296,0.8496,25.67,13.04,0,0,0,0,FALSE
"fit","joint.mbart",200,NA,NA,NA,NA,NA,NA,NA,NA,NA,NA,"ramp",200,5,3,0.04406,0.9257,0.1588,0.03596,0,0,20.09,0.3682,0.3011,0.3307,0.2979,0.8676,30.43,16.92,0,0,0,0,FALSE
"fit","free",200,NA,NA,NA,NA,NA,NA,NA,NA,NA,NA,"ramp",200,5,4,0.04989,0.9842,0.2283,0.03541,0,0.0103,63.2,0.3633,0.3233,0.3134,1.455,0.8341,2.658,1.554,0,0,0,0,FALSE
"fit","joint",200,NA,NA,NA,NA,NA,NA,NA,NA,NA,NA,"ramp",200,6,1,0.05204,0.9842,0.2181,0.0305,0,0,34.55,0.1663,0.4208,0.4129,1.297,0.8193,31.71,13.3,0,0,0,0,FALSE
"fit","joint.mbart",200,NA,NA,NA,NA,NA,NA,NA,NA,NA,NA,"ramp",200,6,2,0.0393,0.9475,0.1548,0.02863,2,0,20.42,0.3852,0.3,0.3148,0.2922,0.8523,32.02,16.72,0,0,0,0,FALSE
"fit","free",200,NA,NA,NA,NA,NA,NA,NA,NA,NA,NA,"ramp",200,6,3,0.05565,0.9743,0.2286,0.03463,0,0.00875,63.81,0.3538,0.3212,0.3249,1.468,0.8103,2.931,1.598,0,0,0,0,FALSE
"fit","leaf",200,NA,NA,NA,NA,NA,NA,NA,NA,NA,NA,"ramp",200,6,4,0.05157,0.9713,0.2115,0.02959,0,0,45.64,0.2268,0.3724,0.4008,1.382,0.8257,25.5,13.99,117100,0.04323,4,12,FALSE
"fit","joint.mbart",200,NA,NA,NA,NA,NA,NA,NA,NA,NA,NA,"ramp",200,7,1,0.02896,0.9931,0.159,0.02405,0,0,20.96,0.3844,0.3138,0.3018,0.2987,0.8666,39.28,17.16,0,0,0,0,FALSE
"fit","free",200,NA,NA,NA,NA,NA,NA,NA,NA,NA,NA,"ramp",200,7,2,0.04202,0.996,0.2326,0.02732,1,0.0176,61.56,0.3443,0.3336,0.3221,1.456,0.8215,2.928,1.523,0,0,0,0,FALSE
"fit","leaf",200,NA,NA,NA,NA,NA,NA,NA,NA,NA,NA,"ramp",200,7,3,0.04503,0.997,0.222,0.02627,0,0,46.53,0.2312,0.3848,0.384,1.386,0.8121,25.15,13.7,118000,0.001064,2,0,FALSE
"fit","joint",200,NA,NA,NA,NA,NA,NA,NA,NA,NA,NA,"ramp",200,7,4,0.04295,1,0.2299,0.02565,0,0,35.12,0.1677,0.4197,0.4125,1.314,0.8185,24.48,13.57,0,0,0,0,FALSE
"fit","free",200,NA,NA,NA,NA,NA,NA,NA,NA,NA,NA,"ramp",200,8,1,0.0384,1,0.2523,0.01813,0,0.008656,63.3,0.3544,0.3239,0.3217,1.46,0.8721,3.68,1.595,0,0,0,0,FALSE
"fit","leaf",200,NA,NA,NA,NA,NA,NA,NA,NA,NA,NA,"ramp",200,8,2,0.0379,0.998,0.2361,0.01562,0,0,45.21,0.2234,0.3895,0.3871,1.367,0.8774,31.72,13.65,117200,0.002908,2,5,FALSE
"fit","joint",200,NA,NA,NA,NA,NA,NA,NA,NA,NA,NA,"ramp",200,8,3,0.03674,1,0.2331,0.01526,0,0,35,0.1674,0.4136,0.419,1.291,0.88,25.3,13.24,0,0,0,0,FALSE
"fit","joint.mbart",200,NA,NA,NA,NA,NA,NA,NA,NA,NA,NA,"ramp",200,8,4,0.0223,1,0.1663,0.02003,1,0,19.62,0.3758,0.3162,0.308,0.2838,0.9209,29.42,16.52,0,0,0,0,FALSE
"fit","leaf",5,NA,NA,NA,NA,NA,NA,NA,NA,NA,NA,"ramp",2000,1,1,0.02209,0.6535,0.04273,0.02209,10,0,17.33,0.9726,0.01446,0.01289,3.568,0.937,1.276,0.656,2593,4.042e-06,8,21,FALSE
"fit","joint",5,NA,NA,NA,NA,NA,NA,NA,NA,NA,NA,"ramp",2000,1,2,0.02373,0.6149,0.0424,0.02373,10,0,15.07,0.9892,0.002493,0.008267,3.048,0.9251,1.584,0.729,0,0,0,0,FALSE
"fit","joint.mbart",5,NA,NA,NA,NA,NA,NA,NA,NA,NA,NA,"ramp",2000,1,3,0.02668,0.6129,0.04737,0.02467,8,0,14.14,0.925,0.009804,0.06516,3.346,0.9211,1.696,0.694,0,0,0,0,FALSE
"fit","free",5,NA,NA,NA,NA,NA,NA,NA,NA,NA,NA,"ramp",2000,1,4,0.02382,0.604,0.04128,0.02337,12,0.004244,14.66,0.9277,0.06251,0.009778,3.436,0.9183,0.263,0.136,0,0,0,0,FALSE
"fit","joint",5,NA,NA,NA,NA,NA,NA,NA,NA,NA,NA,"ramp",2000,2,1,0.02238,0.6564,0.04303,0.02236,11,0,17.12,0.981,0.005385,0.01363,3.491,0.8677,1.764,0.671,0,0,0,0,FALSE
"fit","joint.mbart",5,NA,NA,NA,NA,NA,NA,NA,NA,NA,NA,"ramp",2000,2,2,0.02078,0.6723,0.04439,0.02077,9,0,16.62,0.9851,0.008164,0.006744,3.381,0.8637,1.803,0.69,0,0,0,0,FALSE
"fit","free",5,NA,NA,NA,NA,NA,NA,NA,NA,NA,NA,"ramp",2000,2,3,0.01926,0.7535,0.05386,0.01921,7,9.036e-05,13.5,0.9568,0.01757,0.02565,2.822,0.8693,0.325,0.128,0,0,0,0,FALSE
"fit","leaf",5,NA,NA,NA,NA,NA,NA,NA,NA,NA,NA,"ramp",2000,2,4,0.02126,0.6812,0.04228,0.02123,11,0,16.38,0.964,0.008614,0.02735,3.436,0.8713,1.657,0.631,2718,0.004318,4,10,FALSE
"fit","joint.mbart",5,NA,NA,NA,NA,NA,NA,NA,NA,NA,NA,"ramp",2000,3,1,0.01962,0.6594,0.04103,0.01962,10,0,17.31,0.9922,0.006649,0.001146,3.489,0.8721,1.523,0.697,0,0,0,0,FALSE
"fit","free",5,NA,NA,NA,NA,NA,NA,NA,NA,NA,NA,"ramp",2000,3,2,0.01856,0.7802,0.05011,0.01856,5,0.004901,15.99,0.9695,0.009766,0.02074,3.318,0.8699,0.351,0.134,0,0,0,0,FALSE
"fit","leaf",5,NA,NA,NA,NA,NA,NA,NA,NA,NA,NA,"ramp",2000,3,3,0.01842,0.7921,0.04685,0.01837,10,0,16.58,0.9579,0.02931,0.01281,3.466,0.8733,1.708,0.72,2636,0.0001684,2,5,FALSE
"fit","joint",5,NA,NA,NA,NA,NA,NA,NA,NA,NA,NA,"ramp",2000,3,4,0.02429,0.7465,0.05566,0.0227,9,0,16.06,0.8687,0.06337,0.06792,3.958,0.8585,1.664,0.732,0,0,0,0,FALSE
"fit","free",5,NA,NA,NA,NA,NA,NA,NA,NA,NA,NA,"ramp",2000,4,1,0.02344,0.6248,0.04599,0.02251,10,0,13.42,0.9292,0.01313,0.05765,3.046,0.8874,0.135,0.134,0,0,0,0,FALSE
"fit","leaf",5,NA,NA,NA,NA,NA,NA,NA,NA,NA,NA,"ramp",2000,4,2,0.01958,0.7901,0.05282,0.01944,7,0,17.21,0.9442,0.01546,0.04035,3.648,0.9042,1.649,0.668,2652,0.005458,10,22,FALSE
"fit","joint",5,NA,NA,NA,NA,NA,NA,NA,NA,NA,NA,"ramp",2000,4,3,0.02236,0.7218,0.05426,0.02119,9,0,18.19,0.8356,0.1492,0.0152,4.37,0.8968,1.532,0.756,0,0,0,0,FALSE
"fit","joint.mbart",5,NA,NA,NA,NA,NA,NA,NA,NA,NA,NA,"ramp",2000,4,4,0.02402,0.597,0.04238,0.0238,12,0,12.99,0.9581,0.006162,0.03574,2.921,0.872,1.632,0.662,0,0,0,0,FALSE
"fit","leaf",5,NA,NA,NA,NA,NA,NA,NA,NA,NA,NA,"ramp",2000,5,1,0.01736,0.7772,0.0466,0.01736,8,0,18.66,0.9154,0.06159,0.02301,4.085,0.9184,1.556,0.7,2656,0.0001114,10,27,FALSE
"fit","joint",5,NA,NA,NA,NA,NA,NA,NA,NA,NA,NA,"ramp",2000,5,2,0.02066,0.6733,0.04482,0.02066,9,0,15.49,0.9869,0.00597,0.007113,3.149,0.914,1.544,0.699,0,0,0,0,FALSE
"fit","joint.mbart",5,NA,NA,NA,NA,NA,NA,NA,NA,NA,NA,"ramp",2000,5,3,0.02229,0.6832,0.04572,0.02229,11,0,13.98,0.9874,0.004937,0.007617,2.836,0.9118,1.864,0.801,0,0,0,0,FALSE
"fit","free",5,NA,NA,NA,NA,NA,NA,NA,NA,NA,NA,"ramp",2000,5,4,0.01955,0.7822,0.05089,0.01954,6,0.0001755,15.14,0.9822,0.01048,0.007372,3.093,0.9134,0.358,0.132,0,0,0,0,FALSE
"fit","joint",5,NA,NA,NA,NA,NA,NA,NA,NA,NA,NA,"ramp",2000,6,1,0.0203,0.601,0.03794,0.0203,8,0,16.82,0.9855,0.0116,0.00293,3.413,0.927,1.343,0.721,0,0,0,0,FALSE
"fit","joint.mbart",5,NA,NA,NA,NA,NA,NA,NA,NA,NA,NA,"ramp",2000,6,2,0.02101,0.7248,0.04575,0.02101,9,0,16.6,0.9915,0.004778,0.003703,3.348,0.9313,1.767,0.69,0,0,0,0,FALSE
"fit","free",5,NA,NA,NA,NA,NA,NA,NA,NA,NA,NA,"ramp",2000,6,3,0.02021,0.6644,0.04398,0.0202,10,3.499e-05,15.52,0.9863,0.007489,0.00622,3.151,0.9243,0.325,0.142,0,0,0,0,FALSE
"fit","leaf",5,NA,NA,NA,NA,NA,NA,NA,NA,NA,NA,"ramp",2000,6,4,0.02091,0.7554,0.04434,0.02079,10,0,17.38,0.9453,0.04753,0.007178,3.678,0.9243,1.722,0.68,2605,0.00352,6,21,FALSE
"fit","joint.mbart",5,NA,NA,NA,NA,NA,NA,NA,NA,NA,NA,"ramp",2000,7,1,0.01995,0.695,0.04665,0.01995,9,0,16.7,0.9903,0.002609,0.007116,3.373,0.9278,1.386,0.727,0,0,0,0,FALSE
"fit","free",5,NA,NA,NA,NA,NA,NA,NA,NA,NA,NA,"ramp",2000,7,2,0.02218,0.7317,0.05328,0.02218,7,4.077e-05,14.29,0.9876,0.008157,0.004286,2.893,0.9143,0.333,0.137,0,0,0,0,FALSE
"fit","leaf",5,NA,NA,NA,NA,NA,NA,NA,NA,NA,NA,"ramp",2000,7,3,0.02238,0.6644,0.04636,0.02122,8,0,17.06,0.873,0.05815,0.06884,4.155,0.9155,1.627,0.683,2594,6.917e-06,2,5,FALSE
"fit","joint",5,NA,NA,NA,NA,NA,NA,NA,NA,NA,NA,"ramp",2000,7,4,0.02353,0.6139,0.04081,0.02353,10,0,14.7,0.9891,0.005246,0.00565,2.974,0.9133,1.705,0.669,0,0,0,0,FALSE
"fit","free",5,NA,NA,NA,NA,NA,NA,NA,NA,NA,NA,"ramp",2000,8,1,0.02027,0.7,0.04865,0.02022,9,4.641e-05,14.58,0.9665,0.009691,0.02383,3.054,0.9469,0.168,0.15,0,0,0,0,FALSE
"fit","leaf",5,NA,NA,NA,NA,NA,NA,NA,NA,NA,NA,"ramp",2000,8,2,0.01808,0.8079,0.04717,0.01805,9,0,18.09,0.9672,0.008334,0.02447,3.744,0.9654,1.747,0.689,2572,0.0001151,10,29,FALSE
"fit","joint",5,NA,NA,NA,NA,NA,NA,NA,NA,NA,NA,"ramp",2000,8,3,0.02031,0.6277,0.04272,0.02029,11,0,16.18,0.9701,0.006463,0.02346,3.342,0.9452,1.686,0.671,0,0,0,0,FALSE
"fit","joint.mbart",5,NA,NA,NA,NA,NA,NA,NA,NA,NA,NA,"ramp",2000,8,4,0.01906,0.695,0.04121,0.01906,11,0,19.64,0.9916,0.001818,0.006565,3.96,0.9601,1.666,0.648,0,0,0,0,FALSE
"fit","leaf",50,NA,NA,NA,NA,NA,NA,NA,NA,NA,NA,"ramp",2000,1,1,0.02109,0.9386,0.07912,0.01778,5,0,25.41,0.4697,0.2291,0.3013,1.154,0.9313,7.304,4.437,25410,0.001406,5,11,FALSE
"fit","joint",50,NA,NA,NA,NA,NA,NA,NA,NA,NA,NA,"ramp",2000,1,2,0.02033,0.8802,0.06478,0.01847,7,0,21.97,0.4296,0.2196,0.3508,1.085,0.923,7.791,4.217,0,0,0,0,FALSE
"fit","joint.mbart",50,NA,NA,NA,NA,NA,NA,NA,NA,NA,NA,"ramp",2000,1,3,0.02277,0.6673,0.04805,0.02257,9,0,15.57,0.7328,0.1287,0.1385,0.4354,0.9248,6.607,4.295,0,0,0,0,FALSE
"fit","free",50,NA,NA,NA,NA,NA,NA,NA,NA,NA,NA,"ramp",2000,1,4,0.01808,0.9644,0.07608,0.01718,6,0.01664,27.84,0.5739,0.2101,0.216,1.142,0.93,0.822,0.538,0,0,0,0,FALSE
"fit","joint",50,NA,NA,NA,NA,NA,NA,NA,NA,NA,NA,"ramp",2000,2,1,0.01642,0.9752,0.08856,0.01425,2,0,23.84,0.4598,0.283,0.2571,1.092,0.8782,7.717,4.308,0,0,0,0,FALSE
"fit","joint.mbart",50,NA,NA,NA,NA,NA,NA,NA,NA,NA,NA,"ramp",2000,2,2,0.01911,0.7871,0.05371,0.01901,7,0,16.7,0.8735,0.04835,0.07817,0.3863,0.8722,7.428,4.584,0,0,0,0,FALSE
"fit","free",50,NA,NA,NA,NA,NA,NA,NA,NA,NA,NA,"ramp",2000,2,3,0.01743,0.9782,0.09285,0.01461,3,0.007083,28.4,0.5313,0.2005,0.2682,1.255,0.8789,0.71,0.536,0,0,0,0,FALSE
"fit","leaf",50,NA,NA,NA,NA,NA,NA,NA,NA,NA,NA,"ramp",2000,2,4,0.01691,0.9802,0.08617,0.01385,4,0,27.63,0.4943,0.2067,0.299,1.209,0.8847,5.874,4.247,26200,0.00208,2,5,FALSE
"fit","joint.mbart",50,NA,NA,NA,NA,NA,NA,NA,NA,NA,NA,"ramp",2000,3,1,0.01762,0.8653,0.05516,0.01723,8,0,18.08,0.8547,0.06977,0.07548,0.4271,0.8601,8.176,4.695,0,0,0,0,FALSE
"fit","free",50,NA,NA,NA,NA,NA,NA,NA,NA,NA,NA,"ramp",2000,3,2,0.0173,0.9604,0.07459,0.01486,5,0.0128,29.17,0.5965,0.2288,0.1747,1.133,0.8665,1.061,0.563,0,0,0,0,FALSE
"fit","leaf",50,NA,NA,NA,NA,NA,NA,NA,NA,NA,NA,"ramp",2000,3,3,0.01859,0.9446,0.07363,0.01461,4,0,26.64,0.4956,0.2665,0.2379,1.156,0.8626,5.694,4.294,26270,3.975e-05,4,12,FALSE
"fit","joint",50,NA,NA,NA,NA,NA,NA,NA,NA,NA,NA,"ramp",2000,3,4,0.01896,0.9277,0.07619,0.015,5,0,22.03,0.4273,0.3065,0.2662,1.064,0.8595,5.897,4.099,0,0,0,0,FALSE
"fit","free",50,NA,NA,NA,NA,NA,NA,NA,NA,NA,NA,"ramp",2000,4,1,0.02003,0.9436,0.08515,0.01644,3,0.01537,29.09,0.5982,0.1664,0.2355,1.208,0.8947,0.814,0.588,0,0,0,0,FALSE
"fit","leaf",50,NA,NA,NA,NA,NA,NA,NA,NA,NA,NA,"ramp",2000,4,2,0.02166,0.9099,0.07824,0.01449,2,0,26.59,0.4677,0.1818,0.3505,1.207,0.8966,8.046,4.261,26040,2.233e-05,4,6,FALSE
"fit","joint",50,NA,NA,NA,NA,NA,NA,NA,NA,NA,NA,"ramp",2000,4,3,0.01967,0.9356,0.0813,0.01617,6,0,21.83,0.4171,0.2417,0.3412,1.085,0.895,6.434,4.053,0,0,0,0,FALSE
"fit","joint.mbart",50,NA,NA,NA,NA,NA,NA,NA,NA,NA,NA,"ramp",2000,4,4,0.02,0.7861,0.05536,0.01915,8,0,16.8,0.8519,0.04595,0.1022,0.3961,0.8958,6.164,4.499,0,0,0,0,FALSE
"fit","leaf",50,NA,NA,NA,NA,NA,NA,NA,NA,NA,NA,"ramp",2000,5,1,0.01654,0.9594,0.07172,0.01455,4,0,26.44,0.5172,0.2315,0.2513,1.111,0.9231,7.785,4.431,25740,0.01321,3,8,FALSE
"fit","joint",50,NA,NA,NA,NA,NA,NA,NA,NA,NA,NA,"ramp",2000,5,2,0.02206,0.9129,0.07482,0.01703,6,0,21.69,0.4101,0.2844,0.3055,1.116,0.9192,6.896,3.981,0,0,0,0,FALSE
"fit","joint.mbart",50,NA,NA,NA,NA,NA,NA,NA,NA,NA,NA,"ramp",2000,5,3,0.01768,0.7851,0.04872,0.01766,8,0,17.62,0.9062,0.03382,0.06002,0.3938,0.9223,6.833,4.535,0,0,0,0,FALSE
"fit","free",50,NA,NA,NA,NA,NA,NA,NA,NA,NA,NA,"ramp",2000,5,4,0.01807,0.9545,0.0735,0.0163,4,0.008371,27.43,0.5689,0.2325,0.1987,1.125,0.9206,0.56,0.556,0,0,0,0,FALSE
"fit","joint",50,NA,NA,NA,NA,NA,NA,NA,NA,NA,NA,"ramp",2000,6,1,0.01748,0.9515,0.07343,0.01576,5,0,23.11,0.4547,0.3265,0.2188,1.072,0.932,7.822,4.257,0,0,0,0,FALSE
"fit","joint.mbart",50,NA,NA,NA,NA,NA,NA,NA,NA,NA,NA,"ramp",2000,6,2,0.01812,0.7901,0.04931,0.01806,10,0,18.29,0.9041,0.06039,0.03551,0.4067,0.9315,7.023,4.451,0,0,0,0,FALSE
"fit","free",50,NA,NA,NA,NA,NA,NA,NA,NA,NA,NA,"ramp",2000,6,3,0.01723,0.9545,0.07572,0.01618,5,0.005528,27.37,0.5246,0.2661,0.2093,1.206,0.9284,0.946,0.561,0,0,0,0,FALSE
"fit","leaf",50,NA,NA,NA,NA,NA,NA,NA,NA,NA,NA,"ramp",2000,6,4,0.01545,0.9792,0.07446,0.01438,4,0,26.92,0.501,0.2639,0.2351,1.164,0.9262,6.278,4.46,26360,5.329e-05,3,8,FALSE
"fit","joint.mbart",50,NA,NA,NA,NA,NA,NA,NA,NA,NA,NA,"ramp",2000,7,1,0.01931,0.8059,0.05191,0.01931,6,0,17.79,0.9121,0.04331,0.04463,0.3916,0.9275,7.968,4.681,0,0,0,0,FALSE
"fit","free",50,NA,NA,NA,NA,NA,NA,NA,NA,NA,NA,"ramp",2000,7,2,0.01655,0.9594,0.0783,0.01547,2,0.003722,27.99,0.5625,0.2164,0.2211,1.147,0.924,0.863,0.555,0,0,0,0,FALSE
"fit","leaf",50,NA,NA,NA,NA,NA,NA,NA,NA,NA,NA,"ramp",2000,7,3,0.01545,0.9653,0.07324,0.01416,3,0,27.43,0.5219,0.2132,0.2649,1.155,0.926,7.267,4.443,26110,0.002915,4,14,FALSE
"fit","joint",50,NA,NA,NA,NA,NA,NA,NA,NA,NA,NA,"ramp",2000,7,4,0.02508,0.896,0.08116,0.02099,5,0,22.71,0.4312,0.2742,0.2946,1.096,0.9145,5.47,4.025,0,0,0,0,FALSE
"fit","free",50,NA,NA,NA,NA,NA,NA,NA,NA,NA,NA,"ramp",2000,8,1,0.02441,0.8861,0.07759,0.0156,5,0.008679,28.88,0.5511,0.2529,0.1961,1.192,0.9517,0.941,0.596,0,0,0,0,FALSE
"fit","leaf",50,NA,NA,NA,NA,NA,NA,NA,NA,NA,NA,"ramp",2000,8,2,0.02374,0.8703,0.07158,0.01502,4,0,27.52,0.515,0.2477,0.2373,1.16,0.9471,7.05,4.353,25500,1.129e-05,9,126,FALSE
"fit","joint",50,NA,NA,NA,NA,NA,NA,NA,NA,NA,NA,"ramp",2000,8,3,0.02556,0.8208,0.0712,0.01635,4,0,22.05,0.4452,0.3537,0.2011,1.047,0.9484,5.56,4.044,0,0,0,0,FALSE
"fit","joint.mbart",50,NA,NA,NA,NA,NA,NA,NA,NA,NA,NA,"ramp",2000,8,4,0.02038,0.7564,0.05164,0.02001,10,0,15.88,0.8451,0.05208,0.1028,0.3786,0.9539,5.96,4.502,0,0,0,0,FALSE
"fit","leaf",200,NA,NA,NA,NA,NA,NA,NA,NA,NA,NA,"ramp",2000,1,1,0.02033,0.999,0.1132,0.0137,0,0,45.67,0.2359,0.3676,0.3966,1.262,0.9262,30,15.25,108400,0.02502,4,10,FALSE
"fit","joint",200,NA,NA,NA,NA,NA,NA,NA,NA,NA,NA,"ramp",2000,1,2,0.01942,0.9921,0.1131,0.01578,1,0,35.66,0.1807,0.4191,0.4002,1.184,0.9187,27.6,14.35,0,0,0,0,FALSE
"fit","joint.mbart",200,NA,NA,NA,NA,NA,NA,NA,NA,NA,NA,"ramp",2000,1,3,0.01927,0.8842,0.06443,0.01814,6,0,22.08,0.5545,0.2105,0.2351,0.2087,0.9347,35.41,18.35,0,0,0,0,FALSE
"fit","free",200,NA,NA,NA,NA,NA,NA,NA,NA,NA,NA,"ramp",2000,1,4,0.02129,0.997,0.1196,0.01678,2,0.04972,60.9,0.3813,0.3169,0.3018,1.327,0.9188,3.968,2.335,0,0,0,0,FALSE
"fit","joint",200,NA,NA,NA,NA,NA,NA,NA,NA,NA,NA,"ramp",2000,2,1,0.02037,0.998,0.118,0.01165,0,0,38.75,0.1879,0.4078,0.4043,1.219,0.8616,28.76,14.44,0,0,0,0,FALSE
"fit","joint.mbart",200,NA,NA,NA,NA,NA,NA,NA,NA,NA,NA,"ramp",2000,2,2,0.0174,0.9703,0.08031,0.01415,3,0,24.81,0.499,0.2736,0.2274,0.2634,0.8786,36.14,18.34,0,0,0,0,FALSE
"fit","free",200,NA,NA,NA,NA,NA,NA,NA,NA,NA,NA,"ramp",2000,2,3,0.02479,0.9891,0.1258,0.01542,1,0.03403,62.22,0.3653,0.3431,0.2916,1.363,0.8624,5.114,2.358,0,0,0,0,FALSE
"fit","leaf",200,NA,NA,NA,NA,NA,NA,NA,NA,NA,NA,"ramp",2000,2,4,0.0202,0.998,0.1163,0.01196,0,0,46.75,0.2475,0.3946,0.3579,1.263,0.8718,28.02,15.25,109600,0.003295,3,8,FALSE
"fit","joint.mbart",200,NA,NA,NA,NA,NA,NA,NA,NA,NA,NA,"ramp",2000,3,1,0.01665,0.9505,0.06621,0.01411,2,0,23.92,0.5694,0.2332,0.1974,0.222,0.8677,35.3,18.18,0,0,0,0,FALSE
"fit","free",200,NA,NA,NA,NA,NA,NA,NA,NA,NA,NA,"ramp",2000,3,2,0.0224,0.9891,0.1174,0.01478,4,0.03801,61.66,0.3612,0.3111,0.3276,1.382,0.847,4.671,2.446,0,0,0,0,FALSE
"fit","leaf",200,NA,NA,NA,NA,NA,NA,NA,NA,NA,NA,"ramp",2000,3,3,0.0193,0.996,0.1062,0.01124,0,0,45.13,0.2343,0.3948,0.3709,1.283,0.8533,30.84,15.27,109500,0.02599,4,12,FALSE
"fit","joint",200,NA,NA,NA,NA,NA,NA,NA,NA,NA,NA,"ramp",2000,3,4,0.01961,0.9911,0.1087,0.01151,1,0,35.21,0.1772,0.3955,0.4274,1.216,0.8566,26.06,14.24,0,0,0,0,FALSE
"fit","free",200,NA,NA,NA,NA,NA,NA,NA,NA,NA,NA,"ramp",2000,4,1,0.02632,0.9802,0.1261,0.01535,2,0.04889,62.43,0.382,0.3051,0.3129,1.351,0.8924,4.8,2.411,0,0,0,0,FALSE
"fit","leaf",200,NA,NA,NA,NA,NA,NA,NA,NA,NA,NA,"ramp",2000,4,2,0.03251,0.9614,0.1186,0.0103,0,0,46.41,0.2322,0.3715,0.3963,1.318,0.8926,29.65,15.24,109000,0.01642,2,5,FALSE
"fit","joint",200,NA,NA,NA,NA,NA,NA,NA,NA,NA,NA,"ramp",2000,4,3,0.02918,0.9782,0.1161,0.01354,1,0,35.43,0.176,0.4128,0.4112,1.214,0.8939,29.13,14.61,0,0,0,0,FALSE
"fit","joint.mbart",200,NA,NA,NA,NA,NA,NA,NA,NA,NA,NA,"ramp",2000,4,4,0.01794,0.9337,0.0681,0.01595,7,0,22.04,0.5535,0.1917,0.2548,0.2112,0.9001,33.92,17.96,0,0,0,0,FALSE
"fit","leaf",200,NA,NA,NA,NA,NA,NA,NA,NA,NA,NA,"ramp",2000,5,1,0.02066,0.9822,0.1108,0.0119,0,0,45.62,0.2317,0.3874,0.381,1.288,0.9047,29.9,15.18,108900,0.0001545,2,5,FALSE
"fit","joint",200,NA,NA,NA,NA,NA,NA,NA,NA,NA,NA,"ramp",2000,5,2,0.02293,0.9594,0.1058,0.01299,1,0,35.97,0.1831,0.3929,0.424,1.198,0.9019,27.9,14.5,0,0,0,0,FALSE
"fit","joint.mbart",200,NA,NA,NA,NA,NA,NA,NA,NA,NA,NA,"ramp",2000,5,3,0.01594,0.9614,0.07369,0.01382,2,0,23.84,0.5096,0.2156,0.2748,0.2425,0.9228,35.53,18.31,0,0,0,0,FALSE
"fit","free",200,NA,NA,NA,NA,NA,NA,NA,NA,NA,NA,"ramp",2000,5,4,0.02648,0.9505,0.1157,0.01611,2,0.02205,61.09,0.3734,0.2899,0.3367,1.341,0.9021,4.294,2.429,0,0,0,0,FALSE
"fit","joint",200,NA,NA,NA,NA,NA,NA,NA,NA,NA,NA,"ramp",2000,6,1,0.01949,0.9941,0.1115,0.01255,0,0,38.7,0.1924,0.405,0.4026,1.196,0.922,28.91,14.66,0,0,0,0,FALSE
"fit","joint.mbart",200,NA,NA,NA,NA,NA,NA,NA,NA,NA,NA,"ramp",2000,6,2,0.01664,0.9525,0.07172,0.01484,3,0,24.5,0.5062,0.2478,0.246,0.2585,0.9284,36.6,18.53,0,0,0,0,FALSE
"fit","free",200,NA,NA,NA,NA,NA,NA,NA,NA,NA,NA,"ramp",2000,6,3,0.021,0.995,0.1224,0.01354,0,0.01447,62,0.3637,0.3217,0.3146,1.371,0.923,5.279,2.452,0,0,0,0,FALSE
"fit","leaf",200,NA,NA,NA,NA,NA,NA,NA,NA,NA,NA,"ramp",2000,6,4,0.01898,0.996,0.114,0.01087,0,0,49.26,0.2479,0.3636,0.3884,1.28,0.925,28.21,15.37,109900,0.001233,2,0,FALSE
"fit","joint.mbart",200,NA,NA,NA,NA,NA,NA,NA,NA,NA,NA,"ramp",2000,7,1,0.01631,0.9673,0.07625,0.01511,3,0,24.45,0.5192,0.2438,0.237,0.2482,0.9261,36.16,18.35,0,0,0,0,FALSE
"fit","free",200,NA,NA,NA,NA,NA,NA,NA,NA,NA,NA,"ramp",2000,7,2,0.0248,0.9832,0.1264,0.01649,3,0.0224,60.88,0.3596,0.3119,0.3285,1.333,0.9115,4.705,2.453,0,0,0,0,FALSE
"fit","leaf",200,NA,NA,NA,NA,NA,NA,NA,NA,NA,NA,"ramp",2000,7,3,0.02236,0.9782,0.1064,0.01435,0,0,47.68,0.2489,0.3917,0.3594,1.275,0.9147,31.94,15.82,109700,0.002415,3,7,FALSE
"fit","joint",200,NA,NA,NA,NA,NA,NA,NA,NA,NA,NA,"ramp",2000,7,4,0.0254,0.9792,0.1114,0.01585,2,0,36.71,0.1873,0.4103,0.4024,1.193,0.9116,26.5,14.61,0,0,0,0,FALSE
"fit","free",200,NA,NA,NA,NA,NA,NA,NA,NA,NA,NA,"ramp",2000,8,1,0.02576,0.9614,0.1198,0.01526,2,0.02848,62.51,0.3691,0.3173,0.3136,1.342,0.9362,5.047,2.452,0,0,0,0,FALSE
"fit","leaf",200,NA,NA,NA,NA,NA,NA,NA,NA,NA,NA,"ramp",2000,8,2,0.02158,0.9851,0.1099,0.01108,0,0,47.3,0.2418,0.3706,0.3876,1.254,0.9468,29.85,15.3,109400,0.01553,2,5,FALSE
"fit","joint",200,NA,NA,NA,NA,NA,NA,NA,NA,NA,NA,"ramp",2000,8,3,0.02544,0.9356,0.1115,0.01526,1,0,36.54,0.1819,0.3934,0.4247,1.18,0.9406,28.96,14.63,0,0,0,0,FALSE
"fit","joint.mbart",200,NA,NA,NA,NA,NA,NA,NA,NA,NA,NA,"ramp",2000,8,4,0.02106,0.9257,0.07557,0.01371,3,0,24.23,0.512,0.2605,0.2275,0.2485,0.9583,34.19,18.07,0,0,0,0,FALSE
"fit","leaf",5,NA,NA,NA,NA,NA,NA,NA,NA,NA,NA,"step",200,1,1,0.08828,0.9743,0.1771,0.08195,4,0,6.062,0.6749,0.2299,0.09527,2.066,0.3414,0.946,0.531,2701,5.583e-06,2,5,FALSE
"fit","joint",5,NA,NA,NA,NA,NA,NA,NA,NA,NA,NA,"step",200,1,2,0.03808,1,0.1431,0.0377,1,0,2.704,0.5643,0.2052,0.2305,0.9668,0.3263,1.253,0.538,0,0,0,0,FALSE
"fit","joint.mbart",5,NA,NA,NA,NA,NA,NA,NA,NA,NA,NA,"step",200,1,3,0.04363,0.9109,0.09163,0.04172,3,0,2.542,0.8085,0.1578,0.03372,0.6288,0.3519,0.926,0.425,0,0,0,0,FALSE
"fit","free",5,NA,NA,NA,NA,NA,NA,NA,NA,NA,NA,"step",200,1,4,0.06296,0.9921,0.1343,0.05091,2,0.0003257,4.226,0.6477,0.1337,0.2186,1.672,0.3253,0.053,0.053,0,0,0,0,FALSE
"fit","joint",5,NA,NA,NA,NA,NA,NA,NA,NA,NA,NA,"step",200,2,1,0.0947,0.9802,0.1594,0.09442,2,0,3.514,0.5836,0.1109,0.3055,1.533,0.2407,0.966,0.508,0,0,0,0,FALSE
"fit","joint.mbart",5,NA,NA,NA,NA,NA,NA,NA,NA,NA,NA,"step",200,2,2,0.09697,0.9901,0.08679,0.09696,1,0,1.336,0.8417,0.04774,0.1106,0.3184,0.2411,0.973,0.458,0,0,0,0,FALSE
"fit","free",5,NA,NA,NA,NA,NA,NA,NA,NA,NA,NA,"step",200,2,3,0.09813,0.9901,0.1692,0.09802,2,0.0749,4.406,0.7341,0.1382,0.1277,1.375,0.2352,0.176,0.063,0,0,0,0,FALSE
"fit","leaf",5,NA,NA,NA,NA,NA,NA,NA,NA,NA,NA,"step",200,2,4,0.09528,0.9901,0.134,0.09501,2,0,3.064,0.6292,0.2166,0.1542,1.097,0.241,1.148,0.516,2455,3.208e-06,3,8,FALSE
"fit","joint.mbart",5,NA,NA,NA,NA,NA,NA,NA,NA,NA,NA,"step",200,3,1,0.02079,0.9802,0.07189,0.02077,1,0,2.06,0.9019,0.04116,0.05692,0.4568,0.3204,0.847,0.427,0,0,0,0,FALSE
"fit","free",5,NA,NA,NA,NA,NA,NA,NA,NA,NA,NA,"step",200,3,2,0.03042,1,0.1452,0.02252,1,0.02841,2.14,0.474,0.2254,0.3006,0.9848,0.3184,0.185,0.054,0,0,0,0,FALSE
"fit","leaf",5,NA,NA,NA,NA,NA,NA,NA,NA,NA,NA,"step",200,3,3,0.02294,1,0.1344,0.02155,1,0,1.68,0.354,0.2627,0.3833,0.9548,0.3197,0.96,0.392,2208,3.209e-06,3,8,FALSE
"fit","joint",5,NA,NA,NA,NA,NA,NA,NA,NA,NA,NA,"step",200,3,4,0.02098,1,0.1365,0.01992,1,0,1.544,0.3524,0.3637,0.284,0.8832,0.3207,0.969,0.4,0,0,0,0,FALSE
"fit","free",5,NA,NA,NA,NA,NA,NA,NA,NA,NA,NA,"step",200,4,1,0.01895,1,0.133,0.01849,1,0.009104,4.058,0.7039,0.125,0.1711,1.181,0.2675,0.078,0.077,0,0,0,0,FALSE
"fit","leaf",5,NA,NA,NA,NA,NA,NA,NA,NA,NA,NA,"step",200,4,2,0.03878,1,0.1269,0.03845,2,0,4.424,0.706,0.144,0.15,1.258,0.3244,0.989,0.441,2381,4.004e-05,3,8,FALSE
"fit","joint",5,NA,NA,NA,NA,NA,NA,NA,NA,NA,NA,"step",200,4,3,0.09498,0.9901,0.1149,0.0949,1,0,1.796,0.4582,0.3525,0.1893,0.9044,0.2999,0.97,0.475,0,0,0,0,FALSE
"fit","joint.mbart",5,NA,NA,NA,NA,NA,NA,NA,NA,NA,NA,"step",200,4,4,0.03057,0.9901,0.06925,0.03055,2,0,3.038,0.9541,0.02324,0.02261,0.6368,0.2624,0.816,0.403,0,0,0,0,FALSE
"fit","leaf",5,NA,NA,NA,NA,NA,NA,NA,NA,NA,NA,"step",200,5,1,0.1052,0.897,0.1739,0.08487,4,0,6.404,0.6332,0.1021,0.2647,2.037,0.2829,0.708,0.439,2608,4.209e-06,7,20,FALSE
"fit","joint",5,NA,NA,NA,NA,NA,NA,NA,NA,NA,NA,"step",200,5,2,0.08347,0.9604,0.1746,0.08122,3,0,3.848,0.5793,0.142,0.2787,1.335,0.352,0.995,0.478,0,0,0,0,FALSE
"fit","joint.mbart",5,NA,NA,NA,NA,NA,NA,NA,NA,NA,NA,"step",200,5,3,0.03633,1,0.1191,0.0356,2,0,1.97,0.8021,0.04153,0.1564,0.4912,0.3659,0.869,0.436,0,0,0,0,FALSE
"fit","free",5,NA,NA,NA,NA,NA,NA,NA,NA,NA,NA,"step",200,5,4,0.06758,0.9901,0.17,0.06721,4,0.001413,3.316,0.599,0.2062,0.1948,1.115,0.3607,0.052,0.051,0,0,0,0,FALSE
"fit","joint",5,NA,NA,NA,NA,NA,NA,NA,NA,NA,NA,"step",200,6,1,0.1183,0.9406,0.1591,0.09958,1,0,2.164,0.5127,0.3182,0.1691,1.372,0.2222,0.808,0.426,0,0,0,0,FALSE
"fit","joint.mbart",5,NA,NA,NA,NA,NA,NA,NA,NA,NA,NA,"step",200,6,2,0.00329,1,0.08557,0.002849,1,0,1.036,0.7896,0.1341,0.07622,0.2624,0.2702,0.943,0.449,0,0,0,0,FALSE
"fit","free",5,NA,NA,NA,NA,NA,NA,NA,NA,NA,NA,"step",200,6,3,0.1028,0.9901,0.1672,0.1012,1,0.02998,3.024,0.5816,0.2703,0.1481,1.218,0.2618,0.052,0.052,0,0,0,0,FALSE
"fit","leaf",5,NA,NA,NA,NA,NA,NA,NA,NA,NA,NA,"step",200,6,4,0.08164,0.9832,0.1573,0.08007,4,0,4.976,0.6002,0.2506,0.1492,1.719,0.2991,0.694,0.329,2509,3.542e-06,5,11,FALSE
"fit","joint.mbart",5,NA,NA,NA,NA,NA,NA,NA,NA,NA,NA,"step",200,7,1,0.05446,0.9881,0.09403,0.05445,2,0,2.738,0.9435,0.02343,0.03308,0.5804,0.3339,0.729,0.45,0,0,0,0,FALSE
"fit","free",5,NA,NA,NA,NA,NA,NA,NA,NA,NA,NA,"step",200,7,2,0.06358,0.9901,0.1232,0.0628,2,0.004566,2.704,0.6357,0.1485,0.2158,0.964,0.3498,0.075,0.06,0,0,0,0,FALSE
"fit","leaf",5,NA,NA,NA,NA,NA,NA,NA,NA,NA,NA,"step",200,7,3,0.07117,0.9158,0.1377,0.07004,2,0,4.516,0.6565,0.139,0.2045,1.381,0.3201,0.754,0.343,2620,3.834e-06,4,14,FALSE
"fit","joint",5,NA,NA,NA,NA,NA,NA,NA,NA,NA,NA,"step",200,7,4,0.1028,0.9782,0.128,0.1023,2,0,2.488,0.5093,0.1901,0.3006,0.9888,0.3045,0.884,0.437,0,0,0,0,FALSE
"fit","free",5,NA,NA,NA,NA,NA,NA,NA,NA,NA,NA,"step",200,8,1,0.04723,0.9921,0.2124,0.04323,3,0.02329,4.62,0.6327,0.1708,0.1966,1.518,0.3312,0.089,0.087,0,0,0,0,FALSE
"fit","leaf",5,NA,NA,NA,NA,NA,NA,NA,NA,NA,NA,"step",200,8,2,0.05585,0.9545,0.1816,0.04113,3,0,3.764,0.4466,0.2773,0.2761,1.746,0.3219,0.828,0.352,2712,5.208e-06,8,76,FALSE
"fit","joint",5,NA,NA,NA,NA,NA,NA,NA,NA,NA,NA,"step",200,8,3,0.06583,0.9772,0.1767,0.02467,2,0,2.714,0.3632,0.3356,0.3012,1.502,0.3152,0.608,0.393,0,0,0,0,FALSE
"fit","joint.mbart",5,NA,NA,NA,NA,NA,NA,NA,NA,NA,NA,"step",200,8,4,0.06456,0.9733,0.1085,0.06454,3,0,3.068,0.9045,0.04773,0.04773,0.6788,0.3193,0.803,0.442,0,0,0,0,FALSE
"fit","leaf",50,NA,NA,NA,NA,NA,NA,NA,NA,NA,NA,"step",200,1,1,0.08701,0.9327,0.3007,0.07307,2,0,13.07,0.2489,0.3844,0.3667,1.331,0.2861,33.5,8.642,28790,0.002669,2,5,FALSE
"fit","joint",50,NA,NA,NA,NA,NA,NA,NA,NA,NA,NA,"step",200,1,2,0.08419,0.9248,0.308,0.06959,2,0,9.664,0.1877,0.4041,0.4082,1.244,0.28,6.543,3.276,0,0,0,0,FALSE
"fit","joint.mbart",50,NA,NA,NA,NA,NA,NA,NA,NA,NA,NA,"step",200,1,3,0.06326,0.9703,0.1892,0.06212,3,0,5.322,0.4744,0.2811,0.2446,0.262,0.3425,8.142,4.086,0,0,0,0,FALSE
"fit","free",50,NA,NA,NA,NA,NA,NA,NA,NA,NA,NA,"step",200,1,4,0.08374,0.9644,0.3225,0.0722,2,0.03079,22.32,0.3931,0.2955,0.3114,1.389,0.3003,0.881,0.399,0,0,0,0,FALSE
"fit","joint",50,NA,NA,NA,NA,NA,NA,NA,NA,NA,NA,"step",200,2,1,0.1042,0.9683,0.3056,0.09737,2,0,8.03,0.1678,0.4148,0.4175,1.228,0.2,20.94,5.958,0,0,0,0,FALSE
"fit","joint.mbart",50,NA,NA,NA,NA,NA,NA,NA,NA,NA,NA,"step",200,2,2,0.09582,0.9436,0.1731,0.09525,2,0,3.44,0.4563,0.2842,0.2595,0.2286,0.2311,7.625,3.908,0,0,0,0,FALSE
"fit","free",50,NA,NA,NA,NA,NA,NA,NA,NA,NA,NA,"step",200,2,3,0.1044,0.9822,0.3611,0.09692,2,0.03851,21.66,0.3835,0.3169,0.2996,1.384,0.2051,0.702,0.389,0,0,0,0,FALSE
"fit","leaf",50,NA,NA,NA,NA,NA,NA,NA,NA,NA,NA,"step",200,2,4,0.1071,0.9634,0.3237,0.0983,2,0,11.28,0.2329,0.3742,0.3929,1.257,0.2024,6.638,3.251,28570,1.562e-05,5,8,FALSE
"fit","joint.mbart",50,NA,NA,NA,NA,NA,NA,NA,NA,NA,NA,"step",200,3,1,0.02573,1,0.1545,0.02463,1,0,1.928,0.3915,0.3144,0.2941,0.2131,0.3161,20.99,6.44,0,0,0,0,FALSE
"fit","free",50,NA,NA,NA,NA,NA,NA,NA,NA,NA,NA,"step",200,3,2,0.04644,1,0.3377,0.03579,2,0.01867,20.94,0.3728,0.3248,0.3024,1.406,0.2896,0.808,0.386,0,0,0,0,FALSE
"fit","leaf",50,NA,NA,NA,NA,NA,NA,NA,NA,NA,NA,"step",200,3,3,0.0491,0.999,0.3168,0.04149,2,0,10.19,0.2097,0.4176,0.3727,1.261,0.2875,6.081,3.052,28400,0.0002079,3,8,FALSE
"fit","joint",50,NA,NA,NA,NA,NA,NA,NA,NA,NA,NA,"step",200,3,4,0.04428,1,0.2977,0.02849,1,0,5.37,0.1306,0.4482,0.4212,1.216,0.2988,5.99,2.914,0,0,0,0,FALSE
"fit","free",50,NA,NA,NA,NA,NA,NA,NA,NA,NA,NA,"step",200,4,1,0.06209,0.9851,0.3133,0.05501,3,0.04903,22.31,0.3965,0.3114,0.292,1.354,0.277,4.872,1.051,0,0,0,0,FALSE
"fit","leaf",50,NA,NA,NA,NA,NA,NA,NA,NA,NA,NA,"step",200,4,2,0.06839,0.9772,0.3002,0.05909,4,0,12.98,0.2514,0.3513,0.3974,1.26,0.259,13.83,4.945,28410,4.321e-05,2,5,FALSE
"fit","joint",50,NA,NA,NA,NA,NA,NA,NA,NA,NA,NA,"step",200,4,3,0.06513,0.9822,0.2898,0.05452,5,0,9.26,0.1877,0.4132,0.3991,1.201,0.2616,6.411,3.206,0,0,0,0,FALSE
"fit","joint.mbart",50,NA,NA,NA,NA,NA,NA,NA,NA,NA,NA,"step",200,4,4,0.02869,0.997,0.1349,0.02738,3,0,3.63,0.5414,0.217,0.2415,0.2009,0.275,8.27,4.058,0,0,0,0,FALSE
"fit","leaf",50,NA,NA,NA,NA,NA,NA,NA,NA,NA,NA,"step",200,5,1,0.09529,0.9693,0.3503,0.08496,4,0,12.9,0.2386,0.3616,0.3998,1.319,0.2795,17.93,5.679,28520,0.0002523,2,5,FALSE
"fit","joint",50,NA,NA,NA,NA,NA,NA,NA,NA,NA,NA,"step",200,5,2,0.0937,0.9723,0.3527,0.07961,5,0,10.17,0.1883,0.3531,0.4587,1.261,0.2745,6.532,3.266,0,0,0,0,FALSE
"fit","joint.mbart",50,NA,NA,NA,NA,NA,NA,NA,NA,NA,NA,"step",200,5,3,0.08047,0.9564,0.1947,0.07937,6,0,5.028,0.4743,0.2678,0.2579,0.2188,0.3307,8.231,4.054,0,0,0,0,FALSE
"fit","free",50,NA,NA,NA,NA,NA,NA,NA,NA,NA,NA,"step",200,5,4,0.1003,0.9822,0.3885,0.09058,5,0.04441,21.7,0.3667,0.3075,0.3258,1.449,0.2898,0.827,0.36,0,0,0,0,FALSE
"fit","joint",50,NA,NA,NA,NA,NA,NA,NA,NA,NA,NA,"step",200,6,1,0.09815,0.9901,0.3259,0.08302,4,0,7.1,0.14,0.4547,0.4053,1.24,0.2406,6.872,3.166,0,0,0,0,FALSE
"fit","joint.mbart",50,NA,NA,NA,NA,NA,NA,NA,NA,NA,NA,"step",200,6,2,0.08011,0.9901,0.1762,0.07634,4,0,3.446,0.3778,0.307,0.3151,0.2271,0.297,7.273,3.65,0,0,0,0,FALSE
"fit","free",50,NA,NA,NA,NA,NA,NA,NA,NA,NA,NA,"step",200,6,3,0.09884,0.9901,0.3671,0.08548,3,0.0454,21.15,0.3733,0.3241,0.3026,1.418,0.2546,0.677,0.372,0,0,0,0,FALSE
"fit","leaf",50,NA,NA,NA,NA,NA,NA,NA,NA,NA,NA,"step",200,6,4,0.08697,0.9901,0.3064,0.07582,2,0,8.95,0.1967,0.4319,0.3714,1.302,0.2323,6.468,3.015,28380,7.112e-05,2,5,FALSE
"fit","joint.mbart",50,NA,NA,NA,NA,NA,NA,NA,NA,NA,NA,"step",200,7,1,0.07106,0.9782,0.1657,0.06773,3,0,3.994,0.3912,0.314,0.2949,0.2222,0.3274,7.309,3.673,0,0,0,0,FALSE
"fit","free",50,NA,NA,NA,NA,NA,NA,NA,NA,NA,NA,"step",200,7,2,0.09411,0.9703,0.3559,0.07633,3,0.03085,22.01,0.3792,0.2969,0.3239,1.394,0.2822,0.751,0.393,0,0,0,0,FALSE
"fit","leaf",50,NA,NA,NA,NA,NA,NA,NA,NA,NA,NA,"step",200,7,3,0.1056,0.8752,0.3042,0.07857,3,0,10.43,0.2057,0.3909,0.4035,1.266,0.2882,6.168,3.014,28270,4.791e-06,2,5,FALSE
"fit","joint",50,NA,NA,NA,NA,NA,NA,NA,NA,NA,NA,"step",200,7,4,0.1056,0.9327,0.3036,0.08176,4,0,7.392,0.1404,0.3844,0.4752,1.226,0.2745,5.722,2.834,0,0,0,0,FALSE
"fit","free",50,NA,NA,NA,NA,NA,NA,NA,NA,NA,NA,"step",200,8,1,0.08817,0.9733,0.3706,0.07045,6,0.02815,22.78,0.3615,0.3352,0.3033,1.51,0.238,0.715,0.411,0,0,0,0,FALSE
"fit","leaf",50,NA,NA,NA,NA,NA,NA,NA,NA,NA,NA,"step",200,8,2,0.08551,0.9594,0.33,0.07239,3,0,12.78,0.2193,0.3966,0.3841,1.37,0.2333,6.76,3.293,28710,1.229e-05,4,6,FALSE
"fit","joint",50,NA,NA,NA,NA,NA,NA,NA,NA,NA,NA,"step",200,8,3,0.07608,0.9743,0.3287,0.06059,4,0,8.848,0.1722,0.4159,0.4119,1.263,0.2506,6.135,3.13,0,0,0,0,FALSE
"fit","joint.mbart",50,NA,NA,NA,NA,NA,NA,NA,NA,NA,NA,"step",200,8,4,0.05905,0.9703,0.2099,0.05503,5,0,4.562,0.4132,0.3161,0.2707,0.2763,0.3072,8.23,3.835,0,0,0,0,FALSE
"fit","leaf",200,NA,NA,NA,NA,NA,NA,NA,NA,NA,NA,"step",200,1,1,0.1246,0.8564,0.3424,0.1104,4,0,35.58,0.1963,0.3815,0.4222,1.341,0.1985,22.61,12.56,119600,0.006626,3,8,FALSE
"fit","joint",200,NA,NA,NA,NA,NA,NA,NA,NA,NA,NA,"step",200,1,2,0.1153,0.8743,0.3316,0.09962,3,0,25.75,0.1364,0.4232,0.4403,1.281,0.2307,19.94,13.03,0,0,0,0,FALSE
"fit","joint.mbart",200,NA,NA,NA,NA,NA,NA,NA,NA,NA,NA,"step",200,1,3,0.08045,0.9129,0.2168,0.07624,3,0,11.93,0.2982,0.3562,0.3457,0.2626,0.3081,28.8,16.26,0,0,0,0,FALSE
"fit","free",200,NA,NA,NA,NA,NA,NA,NA,NA,NA,NA,"step",200,1,4,0.09399,0.9574,0.3589,0.07971,5,0.01854,61.59,0.36,0.3161,0.3239,1.458,0.2701,2.822,1.551,0,0,0,0,FALSE
"fit","joint",200,NA,NA,NA,NA,NA,NA,NA,NA,NA,NA,"step",200,2,1,0.1096,0.9485,0.3424,0.09926,3,0,22.43,0.1192,0.4395,0.4413,1.281,0.1773,21.44,11.8,0,0,0,0,FALSE
"fit","joint.mbart",200,NA,NA,NA,NA,NA,NA,NA,NA,NA,NA,"step",200,2,2,0.09531,0.9465,0.2173,0.09324,3,0,10.03,0.2734,0.3611,0.3655,0.2494,0.2326,25.08,16.32,0,0,0,0,FALSE
"fit","free",200,NA,NA,NA,NA,NA,NA,NA,NA,NA,NA,"step",200,2,3,0.1108,0.9584,0.3934,0.09889,3,0.02661,61.07,0.3502,0.327,0.3229,1.448,0.1733,2.417,1.607,0,0,0,0,FALSE
"fit","leaf",200,NA,NA,NA,NA,NA,NA,NA,NA,NA,NA,"step",200,2,4,0.1214,0.9267,0.362,0.1118,4,0,32.77,0.1753,0.4175,0.4073,1.334,0.1515,21.79,11.73,118800,0.0017,2,5,FALSE
"fit","joint.mbart",200,NA,NA,NA,NA,NA,NA,NA,NA,NA,NA,"step",200,3,1,0.04492,0.9941,0.214,0.04258,2,0,7.9,0.246,0.3759,0.378,0.2553,0.3026,27.04,15.6,0,0,0,0,FALSE
"fit","free",200,NA,NA,NA,NA,NA,NA,NA,NA,NA,NA,"step",200,3,2,0.06322,0.996,0.3845,0.05125,2,0.02579,60.51,0.3461,0.3287,0.3252,1.455,0.266,2.592,1.599,0,0,0,0,FALSE
"fit","leaf",200,NA,NA,NA,NA,NA,NA,NA,NA,NA,NA,"step",200,3,3,0.09384,0.9525,0.3557,0.08865,2,0,32.13,0.1716,0.3995,0.4289,1.331,0.2181,19.65,12.5,119300,0.009572,2,5,FALSE
"fit","joint",200,NA,NA,NA,NA,NA,NA,NA,NA,NA,NA,"step",200,3,4,0.07333,0.9772,0.3405,0.06274,1,0,20.41,0.1142,0.4459,0.4399,1.266,0.2522,20.16,11.1,0,0,0,0,FALSE
"fit","free",200,NA,NA,NA,NA,NA,NA,NA,NA,NA,NA,"step",200,4,1,0.07217,0.9743,0.3631,0.0614,5,0.02536,62.87,0.3637,0.3206,0.3157,1.452,0.2562,2.785,1.593,0,0,0,0,FALSE
"fit","leaf",200,NA,NA,NA,NA,NA,NA,NA,NA,NA,NA,"step",200,4,2,0.1022,0.9257,0.34,0.09215,4,0,34.03,0.1848,0.4131,0.4021,1.327,0.1713,21.99,12.51,118700,0.03352,2,5,FALSE
"fit","joint",200,NA,NA,NA,NA,NA,NA,NA,NA,NA,NA,"step",200,4,3,0.08693,0.9653,0.3386,0.07892,3,0,23.68,0.1283,0.4462,0.4256,1.28,0.2163,19.12,12.62,0,0,0,0,FALSE
"fit","joint.mbart",200,NA,NA,NA,NA,NA,NA,NA,NA,NA,NA,"step",200,4,4,0.05662,0.9752,0.2074,0.05257,3,0,10.16,0.2972,0.3468,0.3559,0.2414,0.2882,28.16,15.62,0,0,0,0,FALSE
"fit","leaf",200,NA,NA,NA,NA,NA,NA,NA,NA,NA,NA,"step",200,5,1,0.132,0.9079,0.4071,0.1204,6,0,35.04,0.1842,0.4117,0.404,1.361,0.1714,22.8,12.54,118500,0.007188,2,5,FALSE
"fit","joint",200,NA,NA,NA,NA,NA,NA,NA,NA,NA,NA,"step",200,5,2,0.1154,0.9446,0.3779,0.1053,5,0,24.82,0.1276,0.4352,0.4372,1.278,0.2174,19.6,12.86,0,0,0,0,FALSE
"fit","joint.mbart",200,NA,NA,NA,NA,NA,NA,NA,NA,NA,NA,"step",200,5,3,0.08649,0.9238,0.247,0.08308,6,0,11.52,0.2955,0.3538,0.3507,0.2395,0.2986,28.8,15.82,0,0,0,0,FALSE
"fit","free",200,NA,NA,NA,NA,NA,NA,NA,NA,NA,NA,"step",200,5,4,0.1011,0.9703,0.427,0.08951,6,0.03511,62.14,0.354,0.3156,0.3304,1.455,0.2613,2.795,1.567,0,0,0,0,FALSE
"fit","joint",200,NA,NA,NA,NA,NA,NA,NA,NA,NA,NA,"step",200,6,1,0.1008,0.9733,0.3717,0.08933,4,0,21.44,0.1169,0.4336,0.4495,1.277,0.2042,21.33,11.9,0,0,0,0,FALSE
"fit","joint.mbart",200,NA,NA,NA,NA,NA,NA,NA,NA,NA,NA,"step",200,6,2,0.07829,0.9861,0.2334,0.06899,3,0,8.66,0.2598,0.3683,0.3718,0.2452,0.2808,24.38,16.03,0,0,0,0,FALSE
"fit","free",200,NA,NA,NA,NA,NA,NA,NA,NA,NA,NA,"step",200,6,3,0.08856,0.9861,0.4074,0.07607,4,0.03233,61.74,0.3523,0.3228,0.3249,1.454,0.246,3.006,1.58,0,0,0,0,FALSE
"fit","leaf",200,NA,NA,NA,NA,NA,NA,NA,NA,NA,NA,"step",200,6,4,0.1091,0.9495,0.3887,0.09879,4,0,31.68,0.1691,0.4076,0.4233,1.34,0.1673,21.17,11.59,118400,0.006676,2,0,FALSE
"fit","joint.mbart",200,NA,NA,NA,NA,NA,NA,NA,NA,NA,NA,"step",200,7,1,0.08567,0.9604,0.2189,0.07771,3,0,8.816,0.248,0.3753,0.3767,0.2462,0.2999,26.4,15.13,0,0,0,0,FALSE
"fit","free",200,NA,NA,NA,NA,NA,NA,NA,NA,NA,NA,"step",200,7,2,0.1064,0.9653,0.3907,0.08337,5,0.03505,62.98,0.3612,0.3214,0.3174,1.462,0.2612,2.609,1.683,0,0,0,0,FALSE
"fit","leaf",200,NA,NA,NA,NA,NA,NA,NA,NA,NA,NA,"step",200,7,3,0.1302,0.8911,0.3724,0.1012,5,0,30.33,0.1602,0.4207,0.4191,1.339,0.2172,19.25,12.19,118700,0.004401,3,8,FALSE
"fit","joint",200,NA,NA,NA,NA,NA,NA,NA,NA,NA,NA,"step",200,7,4,0.1226,0.8861,0.3438,0.09246,5,0,20.83,0.1098,0.4409,0.4492,1.274,0.2389,19.74,10.87,0,0,0,0,FALSE
"fit","free",200,NA,NA,NA,NA,NA,NA,NA,NA,NA,NA,"step",200,8,1,0.09548,0.9574,0.3855,0.07862,6,0.04801,63.04,0.3605,0.3223,0.3172,1.477,0.2115,2.704,1.59,0,0,0,0,FALSE
"fit","leaf",200,NA,NA,NA,NA,NA,NA,NA,NA,NA,NA,"step",200,8,2,0.1212,0.8921,0.3638,0.1083,5,0,35.92,0.1898,0.3998,0.4104,1.355,0.1366,22.07,12.72,119700,0.002767,4,14,FALSE
"fit","joint",200,NA,NA,NA,NA,NA,NA,NA,NA,NA,NA,"step",200,8,3,0.1114,0.9178,0.3483,0.09745,5,0,25.3,0.1326,0.43,0.4375,1.278,0.1642,19.56,12.77,0,0,0,0,FALSE
"fit","joint.mbart",200,NA,NA,NA,NA,NA,NA,NA,NA,NA,NA,"step",200,8,4,0.07476,0.9307,0.2385,0.0694,5,0,11.28,0.2697,0.3698,0.3605,0.2719,0.2688,28.93,15.79,0,0,0,0,FALSE
"fit","leaf",5,NA,NA,NA,NA,NA,NA,NA,NA,NA,NA,"step",2000,1,1,0.03965,0.9535,0.04194,0.03965,4,0,6.034,0.5822,0.08532,0.3325,2.578,0.2998,1.199,0.53,2409,1.938e-05,6,10,FALSE
"fit","joint",5,NA,NA,NA,NA,NA,NA,NA,NA,NA,NA,"step",2000,1,2,0.05104,0.9802,0.03851,0.05101,3,0,6.36,0.7876,0.1149,0.09752,1.616,0.2921,1.186,0.479,0,0,0,0,FALSE
"fit","joint.mbart",5,NA,NA,NA,NA,NA,NA,NA,NA,NA,NA,"step",2000,1,3,0.0443,0.9505,0.02609,0.04151,3,0,5.018,0.8374,0.009078,0.1535,1.41,0.2922,1.208,0.469,0,0,0,0,FALSE
"fit","free",5,NA,NA,NA,NA,NA,NA,NA,NA,NA,NA,"step",2000,1,4,0.05295,0.9901,0.04355,0.05294,3,0.04504,7.11,0.8736,0.05979,0.06662,1.699,0.2987,0.152,0.089,0,0,0,0,FALSE
"fit","joint",5,NA,NA,NA,NA,NA,NA,NA,NA,NA,NA,"step",2000,2,1,0.02924,0.9723,0.03486,0.02912,2,0,4.144,0.7175,0.1156,0.167,1.16,0.354,1.201,0.512,0,0,0,0,FALSE
"fit","joint.mbart",5,NA,NA,NA,NA,NA,NA,NA,NA,NA,NA,"step",2000,2,2,0.03342,0.9901,0.0248,0.02486,2,0,2.002,0.3111,0.5429,0.1461,1.287,0.3673,1.058,0.427,0,0,0,0,FALSE
"fit","free",5,NA,NA,NA,NA,NA,NA,NA,NA,NA,NA,"step",2000,2,3,0.02791,0.9901,0.04109,0.02789,2,0.005993,4.55,0.8616,0.05993,0.07847,1.295,0.355,0.3,0.121,0,0,0,0,FALSE
"fit","leaf",5,NA,NA,NA,NA,NA,NA,NA,NA,NA,NA,"step",2000,2,4,0.03003,0.9129,0.03449,0.02996,2,0,6.216,0.7388,0.1757,0.08551,1.96,0.3529,0.974,0.371,2181,0.0112,3,7,FALSE
"fit","joint.mbart",5,NA,NA,NA,NA,NA,NA,NA,NA,NA,NA,"step",2000,3,1,0.07266,0.9802,0.02638,0.06714,2,0,4.068,0.3616,0.2155,0.4229,2.25,0.291,0.889,0.437,0,0,0,0,FALSE
"fit","free",5,NA,NA,NA,NA,NA,NA,NA,NA,NA,NA,"step",2000,3,2,0.06242,0.995,0.04053,0.05463,2,0.0006707,3.3,0.3957,0.128,0.4763,1.86,0.314,0.272,0.114,0,0,0,0,FALSE
"fit","leaf",5,NA,NA,NA,NA,NA,NA,NA,NA,NA,NA,"step",2000,3,3,0.0651,0.9604,0.03249,0.0651,2,0,6.384,0.8746,0.05455,0.07083,1.474,0.3083,1.077,0.445,2091,0.002169,4,9,FALSE
"fit","joint",5,NA,NA,NA,NA,NA,NA,NA,NA,NA,NA,"step",2000,3,4,0.06442,0.9881,0.03806,0.05854,3,0,3.446,0.4942,0.1164,0.3893,1.807,0.3151,1.026,0.44,0,0,0,0,FALSE
"fit","free",5,NA,NA,NA,NA,NA,NA,NA,NA,NA,NA,"step",2000,4,1,0.04945,0.9901,0.03623,0.04943,2,0.0009172,3.392,0.7234,0.1817,0.0949,1.429,0.3368,0.137,0.119,0,0,0,0,FALSE
"fit","leaf",5,NA,NA,NA,NA,NA,NA,NA,NA,NA,NA,"step",2000,4,2,0.04366,0.9891,0.03716,0.04363,2,0,2.754,0.727,0.1029,0.1701,0.762,0.3442,1.313,0.523,1438,0.0001608,7,17,FALSE
"fit","joint",5,NA,NA,NA,NA,NA,NA,NA,NA,NA,NA,"step",2000,4,3,0.05064,0.9327,0.04856,0.04394,2,0,5.166,0.5212,0.1488,0.3301,1.995,0.3557,1.112,0.42,0,0,0,0,FALSE
"fit","joint.mbart",5,NA,NA,NA,NA,NA,NA,NA,NA,NA,NA,"step",2000,4,4,0.0556,0.9901,0.02511,0.04562,2,0,3.014,0.3361,0.4112,0.2527,1.794,0.3388,1.066,0.441,0,0,0,0,FALSE
"fit","leaf",5,NA,NA,NA,NA,NA,NA,NA,NA,NA,NA,"step",2000,5,1,0.05817,0.9129,0.03956,0.04545,2,0,7.618,0.5228,0.3116,0.1655,3.31,0.3337,1.022,0.463,1910,0.02025,16,598,FALSE
"fit","joint",5,NA,NA,NA,NA,NA,NA,NA,NA,NA,NA,"step",2000,5,2,0.04978,0.9861,0.03958,0.0497,3,0,6.168,0.7884,0.08098,0.1306,1.571,0.3374,0.965,0.385,0,0,0,0,FALSE
"fit","joint.mbart",5,NA,NA,NA,NA,NA,NA,NA,NA,NA,NA,"step",2000,5,3,0.06394,0.9941,0.02272,0.04843,2,0,2.016,0.1665,0.7272,0.1063,2.424,0.3271,1.188,0.482,0,0,0,0,FALSE
"fit","free",5,NA,NA,NA,NA,NA,NA,NA,NA,NA,NA,"step",2000,5,4,0.06868,0.9515,0.04792,0.05788,3,0.04978,6.116,0.4644,0.3382,0.1975,3.563,0.3317,0.221,0.112,0,0,0,0,FALSE
"fit","joint",5,NA,NA,NA,NA,NA,NA,NA,NA,NA,NA,"step",2000,6,1,0.04313,0.9762,0.04411,0.03922,2,0,11.01,0.7554,0.09733,0.1473,2.922,0.3591,0.886,0.432,0,0,0,0,FALSE
"fit","joint.mbart",5,NA,NA,NA,NA,NA,NA,NA,NA,NA,NA,"step",2000,6,2,0.05297,0.9802,0.0266,0.04537,3,0,4.018,0.4322,0.2145,0.3532,2.786,0.3628,1.391,0.502,0,0,0,0,FALSE
"fit","free",5,NA,NA,NA,NA,NA,NA,NA,NA,NA,NA,"step",2000,6,3,0.05929,0.9901,0.04796,0.04612,2,0.006907,3.886,0.4082,0.2037,0.3882,1.94,0.353,0.245,0.116,0,0,0,0,FALSE
"fit","leaf",5,NA,NA,NA,NA,NA,NA,NA,NA,NA,NA,"step",2000,6,4,0.04114,0.9653,0.04161,0.03318,2,0,6.554,0.5794,0.1747,0.2459,2.294,0.3581,0.936,0.46,1931,3.029e-05,2,5,FALSE
"fit","joint.mbart",5,NA,NA,NA,NA,NA,NA,NA,NA,NA,NA,"step",2000,7,1,0.05445,0.9604,0.02711,0.04039,2,0,3.004,0.3501,0.2862,0.3637,2.285,0.3206,1.014,0.488,0,0,0,0,FALSE
"fit","free",5,NA,NA,NA,NA,NA,NA,NA,NA,NA,NA,"step",2000,7,2,0.04467,0.9604,0.05069,0.04457,2,0.03417,5.306,0.8421,0.04659,0.1113,1.279,0.3272,0.314,0.126,0,0,0,0,FALSE
"fit","leaf",5,NA,NA,NA,NA,NA,NA,NA,NA,NA,NA,"step",2000,7,3,0.04869,0.9832,0.04033,0.03575,2,0,3.748,0.41,0.2737,0.3163,2.389,0.3271,1.061,0.472,2020,0.006146,11,176,FALSE
"fit","joint",5,NA,NA,NA,NA,NA,NA,NA,NA,NA,NA,"step",2000,7,4,0.04323,0.9723,0.03947,0.0431,2,0,3.44,0.7294,0.07218,0.1984,0.9476,0.3287,1.37,0.524,0,0,0,0,FALSE
"fit","free",5,NA,NA,NA,NA,NA,NA,NA,NA,NA,NA,"step",2000,8,1,0.03022,0.998,0.04038,0.01823,2,0.004205,3.048,0.4486,0.2694,0.2821,1.384,0.34,0.117,0.108,0,0,0,0,FALSE
"fit","leaf",5,NA,NA,NA,NA,NA,NA,NA,NA,NA,NA,"step",2000,8,2,0.02592,0.9901,0.04547,0.02526,2,0,3.56,0.6821,0.2099,0.108,1.052,0.3513,1.175,0.469,1770,3.125e-06,3,8,FALSE
"fit","joint",5,NA,NA,NA,NA,NA,NA,NA,NA,NA,NA,"step",2000,8,3,0.02394,0.9822,0.04142,0.0233,2,0,3.2,0.672,0.2306,0.09744,0.9524,0.3524,0.983,0.453,0,0,0,0,FALSE
"fit","joint.mbart",5,NA,NA,NA,NA,NA,NA,NA,NA,NA,NA,"step",2000,8,4,0.02734,0.9406,0.02637,0.02038,2,0,5.016,0.6972,0.1571,0.1457,1.439,0.3443,0.934,0.418,0,0,0,0,FALSE
"fit","leaf",50,NA,NA,NA,NA,NA,NA,NA,NA,NA,NA,"step",2000,1,1,0.05536,0.9861,0.115,0.05306,3,0,8.02,0.2087,0.3931,0.3982,1.081,0.2902,4.494,3.308,25540,0.001288,2,5,FALSE
"fit","joint",50,NA,NA,NA,NA,NA,NA,NA,NA,NA,NA,"step",2000,1,2,0.05456,0.9901,0.1134,0.05109,2,0,5.812,0.1643,0.435,0.4007,1.056,0.2926,3.643,3.171,0,0,0,0,FALSE
"fit","joint.mbart",50,NA,NA,NA,NA,NA,NA,NA,NA,NA,NA,"step",2000,1,3,0.05158,0.9792,0.03997,0.05154,3,0,4.744,0.7596,0.151,0.08942,0.1266,0.2892,6.908,4.244,0,0,0,0,FALSE
"fit","free",50,NA,NA,NA,NA,NA,NA,NA,NA,NA,NA,"step",2000,1,4,0.0573,0.9723,0.131,0.05561,3,0.07081,18.82,0.4131,0.299,0.2879,1.17,0.2896,1.048,0.576,0,0,0,0,FALSE
"fit","joint",50,NA,NA,NA,NA,NA,NA,NA,NA,NA,NA,"step",2000,2,1,0.03653,0.9901,0.1096,0.03462,2,0,4.012,0.1098,0.458,0.4322,0.9599,0.3525,3.319,2.753,0,0,0,0,FALSE
"fit","joint.mbart",50,NA,NA,NA,NA,NA,NA,NA,NA,NA,NA,"step",2000,2,2,0.03032,0.9901,0.03622,0.03022,2,0,2.276,0.6026,0.1656,0.2317,0.1089,0.3564,6.043,3.793,0,0,0,0,FALSE
"fit","free",50,NA,NA,NA,NA,NA,NA,NA,NA,NA,NA,"step",2000,2,3,0.03633,0.9901,0.132,0.03354,3,0.05289,16.64,0.3938,0.3045,0.3018,1.111,0.3526,0.972,0.586,0,0,0,0,FALSE
"fit","leaf",50,NA,NA,NA,NA,NA,NA,NA,NA,NA,NA,"step",2000,2,4,0.03292,0.9901,0.1029,0.03145,2,0,6.246,0.188,0.3777,0.4343,1.061,0.3531,5.78,3.139,25080,3.663e-05,2,5,FALSE
"fit","joint.mbart",50,NA,NA,NA,NA,NA,NA,NA,NA,NA,NA,"step",2000,3,1,0.06575,0.9901,0.05103,0.06475,2,0,3.288,0.4558,0.3981,0.1461,0.1568,0.3084,5.112,4.033,0,0,0,0,FALSE
"fit","free",50,NA,NA,NA,NA,NA,NA,NA,NA,NA,NA,"step",2000,3,2,0.07396,0.9891,0.1359,0.07071,2,0.02796,18.13,0.3811,0.2989,0.3201,1.216,0.303,1.137,0.603,0,0,0,0,FALSE
"fit","leaf",50,NA,NA,NA,NA,NA,NA,NA,NA,NA,NA,"step",2000,3,3,0.07015,0.9614,0.1175,0.06462,3,0,8.596,0.2007,0.4045,0.3948,1.121,0.2999,6.082,3.451,25480,0.004486,2,5,FALSE
"fit","joint",50,NA,NA,NA,NA,NA,NA,NA,NA,NA,NA,"step",2000,3,4,0.07382,0.898,0.1278,0.06764,2,0,5.43,0.1416,0.3943,0.4641,1.076,0.3019,5.823,3.188,0,0,0,0,FALSE
"fit","free",50,NA,NA,NA,NA,NA,NA,NA,NA,NA,NA,"step",2000,4,1,0.05076,0.9842,0.1399,0.04658,2,0.04331,18.75,0.4168,0.3019,0.2813,1.204,0.3357,0.7,0.589,0,0,0,0,FALSE
"fit","leaf",50,NA,NA,NA,NA,NA,NA,NA,NA,NA,NA,"step",2000,4,2,0.05614,0.8762,0.1148,0.04518,2,0,7.678,0.2047,0.4263,0.369,1.079,0.3362,3.692,3.037,25640,0.001933,4,11,FALSE
"fit","joint",50,NA,NA,NA,NA,NA,NA,NA,NA,NA,NA,"step",2000,4,3,0.04728,0.9792,0.1232,0.04133,2,0,4.942,0.1706,0.4028,0.4267,1.082,0.3456,5.656,3.146,0,0,0,0,FALSE
"fit","joint.mbart",50,NA,NA,NA,NA,NA,NA,NA,NA,NA,NA,"step",2000,4,4,0.04801,0.9901,0.04778,0.04786,2,0,2.53,0.4844,0.2481,0.2675,0.1051,0.3399,8.447,4.436,0,0,0,0,FALSE
"fit","leaf",50,NA,NA,NA,NA,NA,NA,NA,NA,NA,NA,"step",2000,5,1,0.05209,0.9802,0.1176,0.04815,2,0,7.064,0.2173,0.3515,0.4312,1.091,0.3283,3.858,3.183,25320,0.002583,2,0,FALSE
"fit","joint",50,NA,NA,NA,NA,NA,NA,NA,NA,NA,NA,"step",2000,5,2,0.04949,0.9812,0.1177,0.04805,3,0,5.566,0.15,0.4392,0.4108,1.044,0.3275,6.156,3.302,0,0,0,0,FALSE
"fit","joint.mbart",50,NA,NA,NA,NA,NA,NA,NA,NA,NA,NA,"step",2000,5,3,0.04917,0.9901,0.04946,0.04898,2,0,2.71,0.5204,0.24,0.2396,0.1048,0.3375,8.308,4.377,0,0,0,0,FALSE
"fit","free",50,NA,NA,NA,NA,NA,NA,NA,NA,NA,NA,"step",2000,5,4,0.0524,0.9891,0.1342,0.0504,3,0.02815,16.88,0.3879,0.2777,0.3344,1.165,0.3276,1.139,0.591,0,0,0,0,FALSE
"fit","joint",50,NA,NA,NA,NA,NA,NA,NA,NA,NA,NA,"step",2000,6,1,0.04288,0.9901,0.1065,0.03962,2,0,5.386,0.1696,0.4346,0.3959,0.9757,0.357,4.503,3.158,0,0,0,0,FALSE
"fit","joint.mbart",50,NA,NA,NA,NA,NA,NA,NA,NA,NA,NA,"step",2000,6,2,0.04029,0.9901,0.04031,0.04024,2,0,2.576,0.6226,0.1787,0.1988,0.08372,0.361,8.053,4.551,0,0,0,0,FALSE
"fit","free",50,NA,NA,NA,NA,NA,NA,NA,NA,NA,NA,"step",2000,6,3,0.04664,0.9792,0.1209,0.04416,2,0.0634,20.3,0.4584,0.2525,0.289,1.099,0.3536,1.28,0.596,0,0,0,0,FALSE
"fit","leaf",50,NA,NA,NA,NA,NA,NA,NA,NA,NA,NA,"step",2000,6,4,0.04284,0.9881,0.1112,0.03699,2,0,8.478,0.2011,0.4351,0.3638,1.1,0.358,6.755,3.423,25520,0.001729,2,0,FALSE
"fit","joint.mbart",50,NA,NA,NA,NA,NA,NA,NA,NA,NA,NA,"step",2000,7,1,0.04277,0.9802,0.04693,0.04206,2,0,2.802,0.5582,0.1916,0.2501,0.1374,0.3279,6.823,4.273,0,0,0,0,FALSE
"fit","free",50,NA,NA,NA,NA,NA,NA,NA,NA,NA,NA,"step",2000,7,2,0.05679,0.9634,0.123,0.04829,2,0.07457,19.73,0.4162,0.3026,0.2812,1.27,0.3222,1.064,0.623,0,0,0,0,FALSE
"fit","leaf",50,NA,NA,NA,NA,NA,NA,NA,NA,NA,NA,"step",2000,7,3,0.05747,0.9693,0.1115,0.05209,3,0,9.938,0.2088,0.4123,0.3789,1.194,0.3155,6.305,3.417,25510,3.346e-05,3,8,FALSE
"fit","joint",50,NA,NA,NA,NA,NA,NA,NA,NA,NA,NA,"step",2000,7,4,0.04953,0.9842,0.1099,0.04516,2,0,6.18,0.1613,0.4025,0.4362,1.06,0.3176,6.579,3.372,0,0,0,0,FALSE
"fit","free",50,NA,NA,NA,NA,NA,NA,NA,NA,NA,NA,"step",2000,8,1,0.0367,0.9822,0.1329,0.03038,2,0.05242,19.87,0.4097,0.3038,0.2865,1.266,0.3393,0.73,0.574,0,0,0,0,FALSE
"fit","leaf",50,NA,NA,NA,NA,NA,NA,NA,NA,NA,NA,"step",2000,8,2,0.033,0.9901,0.11,0.02778,2,0,7.952,0.202,0.3667,0.4313,1.116,0.346,5.527,3.306,25850,3.5e-06,2,5,FALSE
"fit","joint",50,NA,NA,NA,NA,NA,NA,NA,NA,NA,NA,"step",2000,8,3,0.03503,0.9881,0.1134,0.02869,3,0,5.93,0.1569,0.4313,0.4118,1.049,0.34,5.72,3.291,0,0,0,0,FALSE
"fit","joint.mbart",50,NA,NA,NA,NA,NA,NA,NA,NA,NA,NA,"step",2000,8,4,0.02407,0.9901,0.0565,0.02304,2,0,3.24,0.5854,0.2731,0.1415,0.1716,0.3534,8.156,4.279,0,0,0,0,FALSE
"fit","leaf",200,NA,NA,NA,NA,NA,NA,NA,NA,NA,NA,"step",2000,1,1,0.06333,0.9248,0.1665,0.05322,3,0,18.52,0.1303,0.4382,0.4315,1.258,0.2799,20.46,12,110400,0.008117,2,0,FALSE
"fit","joint",200,NA,NA,NA,NA,NA,NA,NA,NA,NA,NA,"step",2000,1,2,0.06469,0.9455,0.1745,0.0536,3,0,13.44,0.09299,0.4661,0.4409,1.201,0.278,20.38,11.79,0,0,0,0,FALSE
"fit","joint.mbart",200,NA,NA,NA,NA,NA,NA,NA,NA,NA,NA,"step",2000,1,3,0.05345,0.9802,0.09066,0.05267,3,0,6.456,0.2957,0.3742,0.33,0.1737,0.2899,28.6,16.09,0,0,0,0,FALSE
"fit","free",200,NA,NA,NA,NA,NA,NA,NA,NA,NA,NA,"step",2000,1,4,0.06287,0.9653,0.1968,0.05342,4,0.06627,56.95,0.3529,0.3304,0.3168,1.399,0.2782,4.162,2.288,0,0,0,0,FALSE
"fit","joint",200,NA,NA,NA,NA,NA,NA,NA,NA,NA,NA,"step",2000,2,1,0.03773,0.9891,0.1686,0.03029,2,0,9.924,0.07248,0.4545,0.473,1.189,0.3293,18.18,10.7,0,0,0,0,FALSE
"fit","joint.mbart",200,NA,NA,NA,NA,NA,NA,NA,NA,NA,NA,"step",2000,2,2,0.0306,0.9901,0.07522,0.02943,2,0,3.814,0.2735,0.3399,0.3866,0.1385,0.3532,25.4,14.94,0,0,0,0,FALSE
"fit","free",200,NA,NA,NA,NA,NA,NA,NA,NA,NA,NA,"step",2000,2,3,0.04317,0.9851,0.2037,0.03575,4,0.03544,55.83,0.3524,0.326,0.3216,1.36,0.3323,4.08,2.341,0,0,0,0,FALSE
"fit","leaf",200,NA,NA,NA,NA,NA,NA,NA,NA,NA,NA,"step",2000,2,4,0.0408,0.9802,0.1678,0.03344,2,0,15.08,0.1014,0.4614,0.4372,1.203,0.3358,18.87,10.45,109500,0.0002265,2,5,FALSE
"fit","joint.mbart",200,NA,NA,NA,NA,NA,NA,NA,NA,NA,NA,"step",2000,3,1,0.06901,0.9881,0.09241,0.06773,2,0,5.42,0.2819,0.3949,0.3232,0.1819,0.3087,27.94,16.3,0,0,0,0,FALSE
"fit","free",200,NA,NA,NA,NA,NA,NA,NA,NA,NA,NA,"step",2000,3,2,0.08052,0.9673,0.1982,0.07178,2,0.04799,55.38,0.3348,0.3454,0.3197,1.364,0.285,4.131,2.34,0,0,0,0,FALSE
"fit","leaf",200,NA,NA,NA,NA,NA,NA,NA,NA,NA,NA,"step",2000,3,3,0.08014,0.895,0.1753,0.07024,2,0,18.78,0.1229,0.4478,0.4293,1.243,0.2862,20.41,11.88,109900,0.0001001,2,5,FALSE
"fit","joint",200,NA,NA,NA,NA,NA,NA,NA,NA,NA,NA,"step",2000,3,4,0.07842,0.8911,0.1758,0.06787,2,0,12.82,0.08336,0.4693,0.4473,1.198,0.2866,20.74,11.12,0,0,0,0,FALSE
"fit","free",200,NA,NA,NA,NA,NA,NA,NA,NA,NA,NA,"step",2000,4,1,0.06468,0.9584,0.2064,0.04969,3,0.0431,58.13,0.362,0.3149,0.3231,1.381,0.3239,4.531,2.5,0,0,0,0,FALSE
"fit","leaf",200,NA,NA,NA,NA,NA,NA,NA,NA,NA,NA,"step",2000,4,2,0.06019,0.9297,0.1768,0.04721,2,0,17.92,0.1228,0.4524,0.4249,1.235,0.3276,19.07,11.39,110200,5.858e-05,2,5,FALSE
"fit","joint",200,NA,NA,NA,NA,NA,NA,NA,NA,NA,NA,"step",2000,4,3,0.05786,0.9069,0.1643,0.04495,2,0,12.47,0.08459,0.4659,0.4495,1.195,0.3291,19.75,11.4,0,0,0,0,FALSE
"fit","joint.mbart",200,NA,NA,NA,NA,NA,NA,NA,NA,NA,NA,"step",2000,4,4,0.04754,0.9822,0.09591,0.04543,3,0,5.378,0.2669,0.3742,0.3589,0.1838,0.3388,28.57,15.81,0,0,0,0,FALSE
"fit","leaf",200,NA,NA,NA,NA,NA,NA,NA,NA,NA,NA,"step",2000,5,1,0.0533,0.9851,0.1692,0.05087,2,0,17.55,0.1232,0.4468,0.43,1.235,0.3169,19.7,11.61,110500,0.0005213,2,5,FALSE
"fit","joint",200,NA,NA,NA,NA,NA,NA,NA,NA,NA,NA,"step",2000,5,2,0.05327,0.9881,0.1748,0.05122,2,0,12.25,0.08446,0.4541,0.4614,1.218,0.3167,19.54,11.39,0,0,0,0,FALSE
"fit","joint.mbart",200,NA,NA,NA,NA,NA,NA,NA,NA,NA,NA,"step",2000,5,3,0.051,0.9802,0.08598,0.04935,2,0,5.614,0.2908,0.3381,0.3711,0.1765,0.3336,28.58,15.8,0,0,0,0,FALSE
"fit","free",200,NA,NA,NA,NA,NA,NA,NA,NA,NA,NA,"step",2000,5,4,0.05592,0.9842,0.1989,0.05317,3,0.06496,58.69,0.3651,0.3211,0.3138,1.385,0.3099,4.047,2.31,0,0,0,0,FALSE
"fit","joint",200,NA,NA,NA,NA,NA,NA,NA,NA,NA,NA,"step",2000,6,1,0.05329,0.9683,0.1698,0.04168,2,0,12.21,0.0837,0.453,0.4633,1.179,0.3488,20.03,11.71,0,0,0,0,FALSE
"fit","joint.mbart",200,NA,NA,NA,NA,NA,NA,NA,NA,NA,NA,"step",2000,6,2,0.04025,0.9901,0.08559,0.03907,2,0,4.976,0.3122,0.3418,0.346,0.139,0.3598,28.33,16.52,0,0,0,0,FALSE
"fit","free",200,NA,NA,NA,NA,NA,NA,NA,NA,NA,NA,"step",2000,6,3,0.05257,0.9861,0.1984,0.04559,4,0.06014,58.96,0.3681,0.3046,0.3274,1.366,0.345,3.882,2.324,0,0,0,0,FALSE
"fit","leaf",200,NA,NA,NA,NA,NA,NA,NA,NA,NA,NA,"step",2000,6,4,0.05107,0.9881,0.1733,0.04342,2,0,18.29,0.1189,0.4415,0.4396,1.238,0.3475,21.63,11.52,109500,0.015,2,5,FALSE
"fit","joint.mbart",200,NA,NA,NA,NA,NA,NA,NA,NA,NA,NA,"step",2000,7,1,0.04577,0.9604,0.09302,0.04347,2,0,6.366,0.2704,0.366,0.3636,0.1905,0.3251,27.09,16.03,0,0,0,0,FALSE
"fit","free",200,NA,NA,NA,NA,NA,NA,NA,NA,NA,NA,"step",2000,7,2,0.05788,0.9792,0.2011,0.04948,3,0.07085,57.69,0.3576,0.3036,0.3388,1.393,0.3003,4.223,2.395,0,0,0,0,FALSE
"fit","leaf",200,NA,NA,NA,NA,NA,NA,NA,NA,NA,NA,"step",2000,7,3,0.05744,0.9733,0.1758,0.05079,2,0,19.26,0.1274,0.4339,0.4387,1.226,0.3067,20.08,11.79,109900,0.0002202,3,8,FALSE
"fit","joint",200,NA,NA,NA,NA,NA,NA,NA,NA,NA,NA,"step",2000,7,4,0.05494,0.9832,0.1649,0.04728,2,0,13.73,0.08768,0.4554,0.457,1.207,0.3068,21.61,11.29,0,0,0,0,FALSE
"fit","free",200,NA,NA,NA,NA,NA,NA,NA,NA,NA,NA,"step",2000,8,1,0.04383,0.9812,0.193,0.03245,3,0.06026,59,0.3633,0.3224,0.3143,1.391,0.3357,4.284,2.389,0,0,0,0,FALSE
"fit","leaf",200,NA,NA,NA,NA,NA,NA,NA,NA,NA,NA,"step",2000,8,2,0.04301,0.9683,0.1654,0.03098,3,0,19.52,0.1244,0.4528,0.4227,1.241,0.3386,19.42,11.52,110500,0.0001413,4,13,FALSE
"fit","joint",200,NA,NA,NA,NA,NA,NA,NA,NA,NA,NA,"step",2000,8,3,0.04232,0.9812,0.1648,0.03013,3,0,13.17,0.08843,0.4583,0.4533,1.203,0.338,19.86,11.47,0,0,0,0,FALSE
"fit","joint.mbart",200,NA,NA,NA,NA,NA,NA,NA,NA,NA,NA,"step",2000,8,4,0.02849,0.9851,0.09263,0.02522,2,0,6.52,0.2839,0.3576,0.3584,0.1906,0.3467,28.43,15.57,0,0,0,0,FALSE
